avg_epoch_s,baseline_batch_size,baseline_device,baseline_eval_frac,baseline_graphs_total,baseline_seed,baseline_split_mode,bootstrap_graph_enabled_effective,bootstrap_loss_train,econ_ann_return_uplift,econ_avg_borrow_bps_applied,econ_avg_cost_bps_applied,econ_bh_ann_return,econ_bh_ann_vol,econ_bh_calmar,econ_bh_cvar_95_daily,econ_bh_hit_rate_daily,econ_bh_max_drawdown,econ_bh_max_drawdown_duration_days,econ_bh_sharpe,econ_bh_sortino,econ_bh_total_return,econ_bh_var_95_daily,econ_calmar_uplift,econ_cvar_95_daily_delta,econ_eval_s,econ_exposure_adjusted_ann_return_uplift,econ_exposure_adjusted_calmar_uplift,econ_exposure_adjusted_cvar_95_daily_delta,econ_exposure_adjusted_hit_rate_delta,econ_exposure_adjusted_max_drawdown_delta,econ_exposure_adjusted_max_drawdown_duration_delta,econ_exposure_adjusted_sharpe_uplift,econ_exposure_adjusted_sortino_uplift,econ_exposure_adjusted_total_return_uplift,econ_exposure_adjusted_var_95_daily_delta,econ_exposure_benchmark_ann_return,econ_exposure_benchmark_ann_vol,econ_exposure_benchmark_calmar,econ_exposure_benchmark_cvar_95_daily,econ_exposure_benchmark_exposure,econ_exposure_benchmark_hit_rate_daily,econ_exposure_benchmark_max_drawdown,econ_exposure_benchmark_max_drawdown_duration_days,econ_exposure_benchmark_sharpe,econ_exposure_benchmark_sortino,econ_exposure_benchmark_total_return,econ_exposure_benchmark_var_95_daily,econ_hit_rate_delta,econ_ls_ann_return_uplift,econ_ls_avg_borrow_bps_applied,econ_ls_avg_cost_bps_applied,econ_ls_avg_gross_exposure,econ_ls_avg_names,econ_ls_bottom_frac,econ_ls_bottom_k,econ_ls_calmar_uplift,econ_ls_cvar_95_daily_delta,econ_ls_equal_weight_ann_return,econ_ls_equal_weight_ann_vol,econ_ls_equal_weight_calmar,econ_ls_equal_weight_cvar_95_daily,econ_ls_equal_weight_hit_rate_daily,econ_ls_equal_weight_max_drawdown,econ_ls_equal_weight_max_drawdown_duration_days,econ_ls_equal_weight_sharpe,econ_ls_equal_weight_sortino,econ_ls_equal_weight_total_return,econ_ls_equal_weight_var_95_daily,econ_ls_hit_rate_delta,econ_ls_max_drawdown_delta,econ_ls_max_drawdown_duration_delta,econ_ls_max_gross_exposure,econ_ls_min_names,econ_ls_num_days,econ_ls_oos_ann_return_uplift_mean,econ_ls_oos_ann_return_uplift_min,econ_ls_oos_folds_requested,econ_ls_oos_folds_used,econ_ls_oos_min_fold_days,econ_ls_oos_sharpe_uplift_mean,econ_ls_oos_sharpe_uplift_min,econ_ls_sharpe_uplift,econ_ls_signal_polarity_auto_is_diagnostic,econ_ls_signal_polarity_effective,econ_ls_signal_polarity_requested,econ_ls_sortino_uplift,econ_ls_strategy_ann_return,econ_ls_strategy_ann_vol,econ_ls_strategy_calmar,econ_ls_strategy_cvar_95_daily,econ_ls_strategy_hit_rate_daily,econ_ls_strategy_max_drawdown,econ_ls_strategy_max_drawdown_duration_days,econ_ls_strategy_sharpe,econ_ls_strategy_sortino,econ_ls_strategy_total_return,econ_ls_strategy_var_95_daily,econ_ls_top_frac,econ_ls_top_k,econ_ls_turnover_mean_daily,econ_ls_uncertainty_scale,econ_ls_var_95_daily_delta,econ_max_abs_exposure,econ_max_drawdown_delta,econ_max_drawdown_duration_delta,econ_num_days,econ_oos_ann_return_uplift_mean,econ_oos_ann_return_uplift_min,econ_oos_folds_requested,econ_oos_folds_used,econ_oos_min_fold_days,econ_oos_sharpe_uplift_mean,econ_oos_sharpe_uplift_min,econ_regime_confidence_mean,econ_regime_confidence_temp,econ_regime_exposure_mean,econ_regime_gate_enabled,econ_regime_high_count,econ_regime_low_count,econ_regime_mid_count,econ_regime_min_confidence,econ_regime_neutral_exposure,econ_regime_threshold_quantile,econ_regime_threshold_window,econ_regime_thresholding_enabled,econ_regime_vol_window,econ_sharpe_uplift,econ_short_borrow_bps,econ_signal_polarity_auto_is_diagnostic,econ_signal_polarity_effective,econ_signal_polarity_requested,econ_signal_quantile,econ_signal_window,econ_slippage_bps,econ_slippage_vol_lookback,econ_slippage_vol_scale,econ_sortino_uplift,econ_strategy_ann_return,econ_strategy_ann_vol,econ_strategy_calmar,econ_strategy_cvar_95_daily,econ_strategy_hit_rate_daily,econ_strategy_max_drawdown,econ_strategy_max_drawdown_duration_days,econ_strategy_sharpe,econ_strategy_sortino,econ_strategy_total_return,econ_strategy_var_95_daily,econ_ticker_effective,econ_ticker_requested,econ_ticker_rows,econ_ticker_source,econ_turnover_cost_bps,econ_turnover_mean_daily,econ_var_95_daily_delta,energy_penalty_train,error_message,error_type,eval_acc,eval_auprc,eval_auroc,eval_brier,eval_ece,eval_finite_goodness_rate_neg,eval_finite_goodness_rate_pos,eval_g_neg,eval_g_pos,eval_neg_mode_effective,eval_objective,eval_return_corr,eval_return_mae,eval_return_mse,eval_return_rank_corr,eval_sep,finite_goodness_rate_train,fold_eval_end_date,fold_eval_end_idx,fold_eval_start_date,fold_eval_start_idx,fold_id,fold_train_end_idx,fold_train_start_idx,goodness_target_eval,graphs_per_s,mode,neg_mode_effective,objective_track,peak_cuda_mem_mb,portfolio_head_enabled_effective,portfolio_loss_train,portfolio_ticker_effective,primary_eval_metric,primary_eval_metric_name,primary_eval_metric_robust,primary_eval_metric_robust_name,primary_metric_family,rank_aux_loss_train,rank_corr_loss_train,repair_econ_rescore_applied,repair_eval_eval_graphs,repair_eval_train_graphs,resume_checkpoint_path,resume_loaded_completed,resume_schema_version,retry_applied,risk_head_enabled_effective,risk_horizons_effective,risk_loss_train,risk_ticker_effective,row_type,safe_mode_applied,seed_run,signal_family,split_mode_effective,status,target_cal_acc,target_calibration_num_neg,target_calibration_num_pos,target_calibration_reason,target_calibration_valid,task_family,time_econ_eval_s,time_forward_neg_s,time_forward_pos_s,time_hallucinate_s,time_loss_terms_s,time_neg_gen_s,time_optimizer_s,time_to_target_metric,time_tracked_step_s,vicreg_loss_train
176.97413841267362,128,cuda,0.2,10400,7,walk_forward,False,0.0,-0.030189036682964465,0.0,0.2462607272284792,0.13941378326316722,0.14799795910465546,0.7488916640062616,-0.022682912633009863,0.5536315536315536,-0.18616014834156513,192.0,0.941998012044085,1.3336207166901124,1.9350946918800895,-0.015096171332346241,0.0894075663763162,0.004790568065838666,47.38943304494023,0.023259804346276836,0.09117513365579366,-0.004014198886945828,-0.21548821548821545,-0.015232139131974298,137.0,0.01755291444805185,0.07622987288380889,0.37725330162315895,-0.002275447879186857,0.08596494223392592,0.09054997786489741,0.7471240967267841,-0.013878145680225369,0.6118326118326118,0.5536315536315536,-0.1150611292160778,192.0,0.949364585844378,1.3440498421293254,0.9746057345811261,-0.009236329934942,-0.21548821548821545,-0.13827188213159336,0.0,0.37880311505897835,1.0,3434.6201923076924,0.2,0.0,-0.6148982430493313,0.016741123371059104,0.13708738979410273,0.14794614896631134,0.6015742042305104,-0.022296599917268303,0.5605769230769231,-0.2278810973443498,267.0,0.9266032995919262,1.3051170644740817,1.8874908128808547,-0.014560207741904491,-0.04663461538461544,0.1389822016268234,1381.0,1.0,4.0,2080.0,-0.13948988730165457,-0.21510029811273057,4.0,4.0,63.0,-1.03944426690613,-1.3690064111594955,-0.9582178317893724,True,high,auto,-1.3495087341372662,-0.001184492337490628,0.037466704555138515,-0.013324038818820844,-0.0055554765462092,0.5139423076923076,-0.0888988957175264,1648.0,-0.03161453219744612,-0.04439166966318464,-0.009734863414905148,-0.0035898291424968564,0.2,0.0,0.37880311505897835,0.0,0.010970378599407634,1.0,0.05586687999351303,137.0,2079.0,-0.03024315572073527,-0.0970118773198061,4.0,4.0,63.0,-0.06300514014099604,-0.8051581632585305,nan,1.0,0.6118326118326118,0.0,686.0,686.0,707.0,0.05,0.2,0.6,252.0,1.0,21.0,0.02491948824834489,0.0,True,low,auto,0.6,252.0,0.5,21.0,0.2,0.08665899832302193,0.10922474658020276,0.1129618054768575,0.8382992303825778,-0.017892344567171196,0.33814333814333813,-0.1302932683480521,329.0,0.9669175002924298,1.4202797150131343,1.351859036204285,-0.011511777814128857,SPY,SPY,5282.0,requested,1.0,0.1467051467051467,0.003584393518217384,5.020343350877568,,,0.5,0.5003325597676735,0.5001020478920118,0.2511918375780502,0.0334856971821675,1.0,1.0,0.6262407933964449,0.6262552177204805,factor_hard,ff,,,,,1.4424324035644531e-05,1.0,2017-11-13,8319,2009-08-12,6240,0,6239,0,0.493164986371994,35.26243091416439,ff_accurate,shuffle+noise,critic,9294.861328125,True,0.2231345635739616,SPY,-1.3690064111594955,econ_ls_oos_sharpe_uplift_min,-1.3690064111594955,econ_ls_oos_sharpe_uplift_min,economics,0.7533508531901301,1.2128167109221828,True,2080,6240,/local/scratch/asdutta/forward-risk-manager/runs/experiments/turing_econ_large/models/benchmark_resume/ff_accurate__seed_7__walk_forward__base__fold_0.pt,True,2,False,True,21,1.8305603161150092,SPY,fold,False,7,goodness_rank,walk_forward,ok,0.509765625,1024.0,1024.0,ok,1.0,financial_value,8.662072444334626,0.0016795825441272,0.0016795825441272,0.0,0.0379870624500041,0.0183471499866216,0.0437131395544476,,0.1034065170793277,10.458859204272835
241.87297253202843,128,cuda,0.2,10400,7,walk_forward,False,0.0,-0.10767588572309061,0.0,0.16631089919811484,0.15652228416772518,0.1682622493473365,0.4642458638906082,-0.026219077362405703,0.5576923076923077,-0.3371538582077859,187.0,0.9302281692705949,1.29287037673283,2.3210174283049314,-0.015198012026585783,-0.14548408742997754,0.013122405731303518,59.836293638683856,-0.012717842341405383,-0.11720629049021408,-0.002936779153169977,-0.3451923076923077,-0.012025211794743917,506.0,-0.3048895432360361,-0.4338304009059306,-0.15505333898516938,-0.0005628240289550649,0.06156424078603995,0.06520162162209289,0.4359680669508447,-0.010159892477932208,0.3875,0.5576923076923077,-0.14121272967678455,134.0,0.944213337865504,1.3123075543923175,0.6374188186477852,-0.005889229660301991,-0.3451923076923077,-0.1192564388683266,0.0,0.4095896760146431,1.0,4736.323557692308,0.2,0.0,-0.26659815608799475,0.019045036994574778,0.12271276290866728,0.16318887945885627,0.322763497247312,-0.024208781880406045,0.5480769230769231,-0.3801940552609663,319.0,0.7519676788981571,1.0242153397832827,1.5996562253946776,-0.01355296941238373,-0.04326923076923084,0.3186556764494398,439.0,1.0,4.0,2080.0,-0.12141763796183261,-0.2433453118772022,4.0,4.0,63.0,-0.6476358257615897,-1.1019570933856806,-0.6532264402227758,True,high,auto,-0.883809788793229,0.003456324040340686,0.03500385539727319,0.05616534115931728,-0.005163744885831267,0.5048076923076923,-0.06153837881152646,758.0,0.0987412386753813,0.14040555099005367,0.0288886102785475,-0.0034464340005864545,0.2,0.0,0.4095896760146431,0.0,0.010106535411797275,1.0,0.1839159167362574,453.0,2080.0,-0.10815948623111632,-0.13383948533231105,4.0,4.0,63.0,-0.3035203797687486,-0.6565127807966482,nan,1.0,0.3875,0.0,687.0,687.0,706.0,0.05,0.2,0.6,252.0,1.0,21.0,-0.29090437464112706,0.0,True,high,auto,0.6,252.0,0.5,21.0,0.2,-0.4143932232464431,0.048846398444634564,0.07640322299116743,0.31876177646063064,-0.013096671631102185,0.2125,-0.15323794147152847,640.0,0.6393237946294679,0.8784771534863869,0.4823654796626158,-0.006452053689257056,SPY,SPY,5282.0,requested,1.0,0.09951923076923076,0.008745958337328726,15.87417063880385,,,0.5,0.4991401737661082,0.4980747272559171,0.251947064833866,0.0439166915691076,1.0,1.0,0.8067595047109267,0.806697294992559,factor_hard,ff,,,,,-6.220971836767841e-05,1.0,2021-12-31,9359,2013-09-30,7280,1,7279,0,0.6304640769958496,30.10142332479549,ff_accurate,shuffle+noise,critic,14510.11962890625,True,-0.0655039502942951,SPY,-1.1019570933856806,econ_ls_oos_sharpe_uplift_min,-1.1019570933856806,econ_ls_oos_sharpe_uplift_min,economics,0.7447854574312244,1.037460019713954,True,2080,7280,/local/scratch/asdutta/forward-risk-manager/runs/experiments/turing_econ_large/models/benchmark_resume/ff_accurate__seed_7__walk_forward__base__fold_1.pt,True,2,False,True,21,1.5409354853002648,SPY,fold,False,7,goodness_rank,walk_forward,ok,0.5166015625,1024.0,1024.0,ok,1.0,financial_value,11.26626040879637,0.0009476445153715,0.0009476445153715,0.0,0.0561238854118671,0.0208610320643505,0.0654760071836215,,0.1443562136905821,86.72639433542888
308.241701014438,128,cuda,0.2,10400,7,walk_forward,False,0.0,-0.05307889815616207,0.0,0.2507609981749188,0.1440889014795741,0.19216395424648355,0.4273683897479617,-0.029406735770725837,0.5536315536315536,-0.337153858207786,488.0,0.749822733636898,1.0536770507662043,2.035939580850879,-0.017749699786558538,0.0401790940121205,0.010157961652789059,80.77200908120722,0.021607960053850794,0.05337148458416158,-0.005599182959326663,-0.29677729677729675,-0.02708748299213848,-96.0,-0.0944689839218229,-0.07702791147454202,0.3121178020049542,-0.0008940501104393785,0.06940204326956123,0.08919587101869007,0.41417599917592063,-0.013649591158610115,0.46416546416546417,0.5536315536315536,-0.16756654998756415,479.0,0.7780858292758726,1.093393338259855,0.7394555242296907,-0.008238797640225583,-0.29677729677729675,-0.08542917114723692,0.0,0.49328472523960837,1.0,6919.763347763348,0.2,0.0,-0.26141240136214544,0.021801842068901543,0.07636605783037731,0.18534878393554383,0.20086073617842173,-0.027212840502069728,0.5271765271765272,-0.3801940552609666,962.0,0.4120127265411899,0.5659483184965224,0.8351431735755275,-0.017426587972466916,-0.049062049062049085,0.23051834792309855,311.0,1.0,4.0,2079.0,-0.09049539619815739,-0.21385880520243172,4.0,4.0,63.0,-0.7372858989686956,-1.1844452713755789,-0.646310519516956,True,high,auto,-0.906829361565872,-0.009063113316859606,0.03868202598817064,-0.060551665183723714,-0.0054109984331681855,0.4781144781144781,-0.14967570733786806,1273.0,-0.23429779297576603,-0.3408810430693496,-0.07236001966880201,-0.0037059680346274836,0.2,0.0,0.49328472523960837,0.0,0.013720619937839433,1.0,0.14249982522808335,-105.0,2079.0,-0.05300366128158018,-0.119277408887563,4.0,4.0,63.0,-0.14281573407308867,-0.799874539993278,nan,1.0,0.46416546416546417,0.0,686.0,686.0,707.0,0.05,0.2,0.6,252.0,1.0,21.0,-0.06620588828284835,0.0,True,high,auto,0.6,252.0,0.5,21.0,0.2,-0.03731162398089127,0.09101000332341203,0.1331301356043638,0.4675474837600822,-0.019248774117936778,0.25685425685425683,-0.19465403297970263,383.0,0.6836168453540497,1.016365426785313,1.051573326234645,-0.009132847750664962,SPY,SPY,5282.0,requested,1.0,0.14862914862914864,0.008616852035893576,22.21118655865009,,,0.5,0.5020775947648155,0.5025094767011834,0.2500496610718151,0.0072594156039927,1.0,1.0,0.6359170219477486,0.6359419331831091,factor_hard,ff,,,,,2.49112353605252e-05,1.0,2026-02-25,10399,2017-11-14,8320,2,8319,0,0.6646875739097595,26.99374522637851,ff_accurate,shuffle+noise,critic,20120.02880859375,True,0.0358022255577872,SPY,-1.1844452713755789,econ_ls_oos_sharpe_uplift_min,-1.1844452713755789,econ_ls_oos_sharpe_uplift_min,economics,0.7445724828885152,0.9838637347404774,True,2080,8320,/local/scratch/asdutta/forward-risk-manager/runs/experiments/turing_econ_large/models/benchmark_resume/ff_accurate__seed_7__walk_forward__base__fold_2.pt,True,2,False,True,21,2.254842245303668,SPY,fold,False,7,goodness_rank,walk_forward,ok,0.53515625,1024.0,1024.0,ok,1.0,financial_value,16.182073790580034,0.0010086929959316,0.0010086929959316,0.0,0.0769750052676177,0.0248241437427126,0.0894183625474285,,0.19323489754962203,124.72054108839768
184.2219918326132,128,cuda,0.2,10400,7,walk_forward,False,0.0,-0.06107778246081175,0.0,0.2095619032182039,0.13941378326316722,0.14799795910465546,0.7488916640062616,-0.022682912633009863,0.5536315536315536,-0.18616014834156513,192.0,0.941998012044085,1.3336207166901124,1.9350946918800895,-0.015096171332346241,-0.302626479084767,0.003413572924873969,45.47410275880247,0.008598000982495968,-0.3003200233338262,-0.008031533064557174,-0.28042328042328035,-0.08212758831020861,280.0,-0.2747493163868545,-0.38574197769612306,0.11906757130245604,-0.0035973404273305426,0.06973799981985951,0.07332270220192166,0.7465852082553208,-0.01123780664357872,0.49543049543049544,0.5536315536315536,-0.09340929749040805,185.0,0.9511106072960823,1.3465217479614047,0.7439689260593314,-0.0074791036422879415,-0.28042328042328035,-0.1309234141079485,0.0,0.3694739268820324,1.0,3434.6201923076924,0.2,0.0,-0.5341458724105875,0.016388468106470287,0.13708738979410273,0.14794614896631134,0.6015742042305104,-0.022296599917268303,0.5605769230769231,-0.2278810973443498,267.0,0.9266032995919262,1.3051170644740817,1.8874908128808547,-0.014560207741904491,-0.04615384615384621,0.13646587884812456,616.0,1.0,4.0,2080.0,-0.13166463254339508,-0.1671505421293248,4.0,4.0,63.0,-0.8015563323375792,-1.4754515397451664,-0.7757233832316199,True,low,auto,-1.0921639036815403,0.006163975686154233,0.04085352003665253,0.06742833181992294,-0.005908131810798017,0.5144230769230769,-0.09141521849622525,883.0,0.15087991636030632,0.2129531607925415,0.05202943916960723,-0.004110234513627874,0.2,0.0,0.3694739268820324,0.0,0.010449973228276618,1.0,0.010623262540948475,273.0,2079.0,-0.06106294692245923,-0.11561346482974932,4.0,4.0,63.0,-0.19438287447772695,-0.719042002997304,nan,1.0,0.49543049543049544,0.0,686.0,686.0,707.0,0.05,0.2,0.6,252.0,1.0,21.0,-0.26563672113485715,0.0,True,low,auto,0.6,252.0,0.5,21.0,0.2,-0.3728409464248308,0.07833600080235548,0.11581975765799508,0.44626518492149464,-0.019269339708135894,0.27320827320827323,-0.17553688580061666,465.0,0.6763612909092278,0.9607797702652816,0.8630364973617874,-0.011076444069618484,SPY,SPY,5282.0,requested,1.0,0.12554112554112554,0.004019727262727757,18.3766725773714,,,0.5004807692307692,0.4996573449928942,0.4988269693047337,0.2500069295913984,0.0013106779806776,1.0,1.0,0.6721054771367241,0.6720907372586867,factor_hard,ff,,,,,-1.4739878037350884e-05,1.0,2017-11-13,8319,2009-08-12,6240,0,6239,0,0.6725623607635498,33.87751996114382,ff_accurate,shuffle+noise,critic,9331.08935546875,True,-0.1864983134140968,SPY,-1.4754515397451664,econ_ls_oos_sharpe_uplift_min,-1.4754515397451664,econ_ls_oos_sharpe_uplift_min,economics,0.7427773808946415,0.923446430296314,True,2080,6240,/local/scratch/asdutta/forward-risk-manager/runs/experiments/turing_econ_large/models/benchmark_resume/ff_accurate__seed_27__walk_forward__base__fold_0.pt,True,2,False,True,21,4.982324748379844,SPY,fold,False,27,goodness_rank,walk_forward,ok,0.5107421875,1024.0,1024.0,ok,1.0,financial_value,7.806615622714162,0.0009219151313359,0.0009219151313359,0.0,0.0374558025087248,0.0180364378442873,0.0436494848434338,,0.10098555545911769,152.43025216861648
243.6004496546168,128,cuda,0.2,10400,7,walk_forward,False,0.0,-0.09204891248729141,0.0,0.30364138777227495,0.15652228416772518,0.1682622493473365,0.4642458638906082,-0.026219077362405703,0.5576923076923077,-0.3371538582077859,187.0,0.9302281692705949,1.29287037673283,2.3210174283049314,-0.015198012026585783,-0.07721252572844356,0.009139041373396047,58.06422650255263,-0.03157865727763154,-0.05902347081390469,-0.0011595096867411947,-0.22884615384615387,0.04875235607170303,323.0,-0.3093803268963361,-0.4347310312349264,-0.457065696824438,-0.0010290595058545186,0.0960520289580653,0.10217077929119518,0.4460568089760693,-0.01592052630226846,0.6072115384615384,0.5576923076923077,-0.21533586535435767,187.0,0.9401125216468112,1.3066080669066498,1.1318920769142733,-0.009228408264220117,-0.22884615384615387,-0.1255267105272917,0.0,0.44871319428950524,1.0,4736.323557692308,0.2,0.0,-0.35608277465981814,0.020931595832795184,0.12271276290866728,0.16318887945885627,0.322763497247312,-0.024208781880406045,0.5480769230769231,-0.3801940552609663,319.0,0.7519676788981571,1.0242153397832827,1.5996562253946776,-0.01355296941238373,-0.05240384615384619,0.2957400143228449,818.0,1.0,4.0,2080.0,-0.1277564039591234,-0.2379960186942086,4.0,4.0,63.0,-0.9491443191137257,-1.1986237111229407,-0.8812938006421328,True,low,auto,-1.1994604448101194,-0.0028139476186244128,0.02175854019805162,-0.0333192774125061,-0.003277186047610861,0.49567307692307694,-0.08445404093812137,1137.0,-0.1293261217439757,-0.17524510502683674,-0.02299056947199618,-0.0021661113958510937,0.2,0.0,0.44871319428950524,0.0,0.011386858016532636,1.0,0.17057034892513123,323.0,2080.0,-0.09232643813319369,-0.10902808698602118,4.0,4.0,63.0,-0.38923373738643713,-0.7617176329157361,nan,1.0,0.6072115384615384,0.0,687.0,687.0,706.0,0.05,0.2,0.6,252.0,1.0,21.0,-0.2994959745201198,0.0,True,low,auto,0.6,252.0,0.5,21.0,0.2,-0.42099334106110664,0.06447337168043377,0.10221988383824322,0.3870333381621646,-0.017080035989009656,0.32884615384615384,-0.16658350928265464,510.0,0.6307321947504752,0.8718770356717234,0.6748263800898353,-0.010257467770074635,SPY,SPY,5282.0,requested,1.0,0.18365384615384617,0.004940544256511147,11.762210972267283,,,0.4997596153846154,0.5042809515279243,0.5062012296597633,0.250077821297813,0.0096886368697765,1.0,1.0,0.5422993477653054,0.5424064783489003,factor_hard,ff,,,,,0.0001071305835949,1.0,2021-12-31,9359,2013-09-30,7280,1,7279,0,0.5797023773193359,29.886818372178908,ff_accurate,shuffle+noise,critic,14507.97265625,True,-0.0648670430164329,SPY,-1.1986237111229407,econ_ls_oos_sharpe_uplift_min,-1.1986237111229407,econ_ls_oos_sharpe_uplift_min,economics,0.744251754984521,1.0079724638608465,True,2080,7280,/local/scratch/asdutta/forward-risk-manager/runs/experiments/turing_econ_large/models/benchmark_resume/ff_accurate__seed_27__walk_forward__base__fold_1.pt,True,2,False,True,21,2.693328242762047,SPY,fold,False,27,goodness_rank,walk_forward,ok,0.5263671875,1024.0,1024.0,ok,1.0,financial_value,10.494320651516318,0.0009624290692603,0.0009624290692603,0.0,0.0561821991839168,0.020742537122906,0.0656306228772001,,0.1444802173225435,43.72780746158801
310.24270122473763,128,cuda,0.2,10400,7,walk_forward,False,0.0,-0.02307048063240602,0.0,0.13741483096432613,0.1440889014795741,0.19216395424648355,0.4273683897479617,-0.029406735770725837,0.5536315536315536,-0.337153858207786,488.0,0.749822733636898,1.0536770507662043,2.035939580850879,-0.017749699786558538,-0.05810190959022188,0.003386437857713809,79.48936655092984,0.028867066565581023,-0.04902239916047252,-0.007717115571829136,-0.20779220779220775,-0.10742099390744153,-193.0,-0.04621038619383555,-0.046394625853243054,0.4969396709253431,-0.0033652946224881543,0.09215135428158705,0.11960565502402584,0.41828887931821235,-0.018303182341182892,0.6224146224146224,0.5536315536315536,-0.22030553246308782,480.0,0.7704598437513352,1.082677037491397,1.06934706908344,-0.011047672690623737,-0.20779220779220775,-0.06652158364482386,0.0,0.42076519240805843,1.0,6919.763347763348,0.2,0.0,-0.13039835034605957,0.020439299414256998,0.07636605783037731,0.18534878393554383,0.20086073617842173,-0.027212840502069728,0.5271765271765272,-0.3801940552609666,962.0,0.4120127265411899,0.5659483184965224,0.8351431735755275,-0.017426587972466916,-0.017316017316017285,0.2404815821554639,-482.0,1.0,4.0,2079.0,-0.07174583432859635,-0.2270000948228954,4.0,4.0,63.0,-0.1369178275278898,-0.8113523472758201,-0.2034922843274063,True,low,auto,-0.2655150345590675,0.009844474185553453,0.047211074756212626,0.07046238583236215,-0.0067735410878127286,0.5098605098605099,-0.13971247310550272,480.0,0.20852044221378363,0.3004332839374549,0.08417545371440815,-0.003925673421403508,0.2,0.0,0.42076519240805843,0.0,0.01350091455106341,1.0,0.009427331837256636,-201.0,2079.0,-0.025179780143267716,-0.18991531727698852,4.0,4.0,63.0,0.032348726216242324,-0.7348910268080925,nan,1.0,0.6224146224146224,0.0,686.0,686.0,707.0,0.05,0.2,0.6,252.0,1.0,21.0,-0.0255732760793983,0.0,True,low,auto,0.6,252.0,0.5,21.0,0.2,-0.017394639128050393,0.12101842084716807,0.1670949416452413,0.36926648015773983,-0.02602029791301203,0.34583934583934584,-0.32772652637052935,287.0,0.7242494575574997,1.036282411638154,1.566286740008783,-0.014412967313111891,SPY,SPY,5282.0,requested,1.0,0.08225108225108226,0.0033367324734466467,14.391215998576238,,,0.5,0.5025942461160715,0.5029732572115385,0.2503268793210594,0.0182480437301988,1.0,1.0,0.6493428840356714,0.6494279012960547,factor_hard,ff,,,,,8.501726038323554e-05,1.0,2026-02-25,10399,2017-11-14,8320,2,8319,0,0.5765674710273743,26.820230368523266,ff_accurate,shuffle+noise,critic,20099.04638671875,True,-0.0375707638033726,SPY,-0.8113523472758201,econ_ls_oos_sharpe_uplift_min,-0.8113523472758201,econ_ls_oos_sharpe_uplift_min,economics,0.745929322380286,1.07875740473087,True,2080,8320,/local/scratch/asdutta/forward-risk-manager/runs/experiments/turing_econ_large/models/benchmark_resume/ff_accurate__seed_27__walk_forward__base__fold_2.pt,True,2,False,True,21,4.521276493989505,SPY,fold,False,27,goodness_rank,walk_forward,ok,0.5068359375,1024.0,1024.0,ok,1.0,financial_value,16.400486322119832,0.0009782398907611,0.0009782398907611,0.0,0.0771231483768385,0.0246633159842055,0.0893395121868413,,0.1930824563294075,54.31503935300387
183.9883483924756,128,cuda,0.2,10400,7,walk_forward,False,0.0,-0.03989458880036323,0.0,0.2792447121598829,0.13941378326316722,0.14799795910465546,0.7488916640062616,-0.022682912633009863,0.5536315536315536,-0.18616014834156513,192.0,0.941998012044085,1.3336207166901124,1.9350946918800895,-0.015096171332346241,0.10700441215614198,0.0041761188970398655,45.23158838786185,0.007206250482843624,0.10856019333862987,-0.003592151326482511,-0.18951418951418947,0.007247839524518351,184.0,-0.0950015529102789,-0.0943010755164484,0.11550057410087478,-0.0017072274811906468,0.09231294397996037,0.09731275136895816,0.7473358828237737,-0.014914642409487486,0.6575276575276575,0.5536315536315536,-0.12352269722572429,192.0,0.9486212513913909,1.3429974766112904,1.0718743357227343,-0.0099261501737938,-0.18951418951418947,-0.13669495625111372,0.0,0.4207605892359959,1.0,3434.6201923076924,0.2,0.0,-0.5960787499613411,0.01764457879594175,0.13708738979410273,0.14794614896631134,0.6015742042305104,-0.022296599917268303,0.5605769230769231,-0.2278810973443498,267.0,0.9266032995919262,1.3051170644740817,1.8874908128808547,-0.014560207741904491,-0.049038461538461586,0.15647052348321278,1397.0,1.0,4.0,2080.0,-0.13791863899843845,-0.21753069900181787,4.0,4.0,63.0,-0.9422599289786531,-1.441570143077501,-0.9141944425107067,True,high,auto,-1.2876820307662638,0.00039243354298901245,0.0316252770436811,0.005495454269169263,-0.004652021121326554,0.5115384615384615,-0.07141057386113703,1664.0,0.012408857081219554,0.01743503370781806,0.0032437482014409103,-0.003138388192779856,0.2,0.0,0.4207605892359959,0.0,0.011421819549124634,1.0,0.0698852906403592,184.0,2079.0,-0.040240286273846404,-0.06448069298157999,4.0,4.0,63.0,-0.15687473654564382,-0.4384242035678828,nan,1.0,0.6575276575276575,0.0,686.0,686.0,707.0,0.05,0.2,0.6,252.0,1.0,21.0,-0.08837831356297299,0.0,True,low,auto,0.6,252.0,0.5,21.0,0.2,-0.08492431559527036,0.099519194462804,0.11658493195492496,0.8558960761624036,-0.018506793735969997,0.3641173641173641,-0.11627485770120594,376.0,0.853619698481112,1.248696401094842,1.187374909823609,-0.011633377654984447,SPY,SPY,5282.0,requested,1.0,0.16546416546416545,0.003462793677361794,13.816239403218638,,,0.5,0.5014399739176301,0.5001556721523669,0.253059180580834,0.0552550872311887,1.0,1.0,0.7500275513705086,0.750033462748808,factor_hard,ff,,,,,5.911378299416903e-06,1.0,2017-11-13,8319,2009-08-12,6240,0,6239,0,0.5287731885910034,33.9196978859499,ff_accurate,shuffle+noise,critic,9301.10693359375,True,-0.1846777366053304,SPY,-1.441570143077501,econ_ls_oos_sharpe_uplift_min,-1.441570143077501,econ_ls_oos_sharpe_uplift_min,economics,0.7467008976912012,1.1994789888664168,True,2080,6240,/local/scratch/asdutta/forward-risk-manager/runs/experiments/turing_econ_large/models/benchmark_resume/ff_accurate__seed_47__walk_forward__base__fold_0.pt,True,2,False,True,21,1.6121019871867432,SPY,fold,False,47,goodness_rank,walk_forward,ok,0.51318359375,1024.0,1024.0,ok,1.0,financial_value,7.718138033524156,0.0009357068953769,0.0009357068953769,0.0,0.0375560742375269,0.0180972228054793,0.0437061333021491,,0.1012308441359091,88.80982891783422
244.08139091465424,128,cuda,0.2,10400,7,walk_forward,False,0.0,-0.08201608197827981,0.0,0.25290094223994414,0.15652228416772518,0.1682622493473365,0.4642458638906082,-0.026219077362405703,0.5576923076923077,-0.3371538582077859,187.0,0.9302281692705949,1.29287037673283,2.3210174283049314,-0.015198012026585783,-0.098557726556525,0.008529174654873826,57.25339288264513,0.010287532806458888,-0.07104891745253539,-0.0070888238316745705,-0.3307692307692308,-0.05670051132108478,175.0,-0.2853283179607998,-0.41507735740342977,0.13814057992630713,-0.0016548213508485567,0.06421866938298648,0.06803295754861058,0.43673705478661856,-0.010601078875857307,0.4043269230769231,0.5576923076923077,-0.14704195277032883,134.0,0.943934700135611,1.31192029191337,0.6715215147349898,-0.006144965439595501,-0.3307692307692308,-0.11530959739696156,0.0,0.37894736558492564,1.0,4736.323557692308,0.2,0.0,-0.26321127907831976,0.01799306877865635,0.12271276290866728,0.16318887945885627,0.322763497247312,-0.024208781880406045,0.5480769230769231,-0.3801940552609663,319.0,0.7519676788981571,1.0242153397832827,1.5996562253946776,-0.01355296941238373,-0.039423076923077005,0.25588020534361067,197.0,1.0,4.0,2080.0,-0.11748161219367251,-0.24031862352590616,4.0,4.0,63.0,-0.5501837316280378,-1.0029865560667834,-0.581619230102123,True,high,auto,-0.7812171890477463,0.007403165511705723,0.0434589546545849,0.05955221816899227,-0.006215713101749698,0.5086538461538461,-0.12431384991735561,516.0,0.17034844879603409,0.2429981507355364,0.06277181634286477,-0.003999929331957729,0.2,0.0,0.37894736558492564,0.0,0.009553040080426001,1.0,0.13341139411637226,122.0,2080.0,-0.08244352921498344,-0.1628951349126504,4.0,4.0,63.0,-0.08447423663197257,-0.6172999057217761,nan,1.0,0.4043269230769231,0.0,687.0,687.0,706.0,0.05,0.2,0.6,252.0,1.0,21.0,-0.2716217870957838,0.0,True,high,auto,0.6,252.0,0.5,21.0,0.2,-0.3960274422228899,0.07450620218944537,0.11312705768719608,0.3656881373340832,-0.017689902707531877,0.22692307692307692,-0.2037424640914136,309.0,0.6586063821748112,0.8968429345099401,0.8096620946612969,-0.007799786790444058,SPY,SPY,5282.0,requested,1.0,0.15096153846153845,0.007398225236141725,14.796603827727468,,,0.5009615384615385,0.5003656832801624,0.4997349990754438,0.2500262105296275,0.0041198722964937,1.0,1.0,0.8136988738003899,0.8136948943138123,factor_hard,ff,,,,,-3.979486577598834e-06,1.0,2021-12-31,9359,2013-09-30,7280,1,7279,0,0.796364426612854,29.82872980729192,ff_accurate,shuffle+noise,critic,14436.1416015625,True,-0.0684331660022587,SPY,-1.0029865560667834,econ_ls_oos_sharpe_uplift_min,-1.0029865560667834,econ_ls_oos_sharpe_uplift_min,economics,0.7442640612522761,0.9943401403594436,True,2080,7280,/local/scratch/asdutta/forward-risk-manager/runs/experiments/turing_econ_large/models/benchmark_resume/ff_accurate__seed_47__walk_forward__base__fold_1.pt,True,2,False,True,21,3.4926017382688688,SPY,fold,False,47,goodness_rank,walk_forward,ok,0.53515625,1024.0,1024.0,ok,1.0,financial_value,11.049176304601133,0.0009559767316667,0.0009559767316667,0.0,0.0558416558364242,0.0206293383351804,0.0652442837910105,,0.1436272314259485,72.87343773758202
309.0576483668563,128,cuda,0.2,10400,7,walk_forward,False,0.0,-0.08969025430400612,0.0,0.43038941721983864,0.1440889014795741,0.19216395424648355,0.4273683897479617,-0.029406735770725837,0.5536315536315536,-0.337153858207786,488.0,0.749822733636898,1.0536770507662043,2.035939580850879,-0.017749699786558538,-0.21864691743386164,0.008743353716293718,77.82517456356436,-0.03659031884945563,-0.20935881972128903,-0.002600658832105574,-0.2164502164502164,-0.04299279159951064,83.0,-0.3292667515340386,-0.46797009496493414,-0.5031793527531716,-0.0014709399455568786,0.0909889660250236,0.11803432879882612,0.4180802920353891,-0.018062723222326545,0.6142376142376142,0.5536315536315536,-0.2176351475025321,480.0,0.7708686697418531,1.0832515340285667,1.0512469850615793,-0.010902533250329607,-0.2164502164502164,-0.07366925454417483,0.0,0.49441396379280156,1.0,6919.763347763348,0.2,0.0,-0.1841022973290559,0.019679721280296367,0.07636605783037731,0.18534878393554383,0.20086073617842173,-0.027212840502069728,0.5271765271765272,-0.3801940552609666,962.0,0.4120127265411899,0.5659483184965224,0.8351431735755275,-0.017426587972466916,-0.023088023088023046,0.21927194846791498,908.0,1.0,4.0,2079.0,-0.07882955391992941,-0.25459389341077576,4.0,4.0,63.0,-0.2728830360295443,-1.1619761743235415,-0.3606378862090893,True,high,auto,-0.49128783076894394,0.002696803286202476,0.052492684527477323,0.016758438849365846,-0.007533119221773363,0.5040885040885041,-0.16092210679305163,1870.0,0.051374840332100616,0.07466048772757843,0.02246735405768696,-0.004427730496799151,0.2,0.0,0.49441396379280156,0.0,0.012998857475667765,1.0,0.07652591910574325,75.0,2079.0,-0.0889197008028988,-0.15701116077399813,4.0,4.0,63.0,-0.3324767167438408,-0.8833075775106481,nan,1.0,0.6142376142376142,0.0,686.0,686.0,707.0,0.05,0.2,0.6,252.0,1.0,21.0,-0.30822081542908353,0.0,True,low,auto,0.6,252.0,0.5,21.0,0.2,-0.4383956117025718,0.05439864717556797,0.12318480724979185,0.20872147231410007,-0.02066338205443212,0.3371813371813372,-0.26062793910204274,563.0,0.44160191820781447,0.6152814390636325,0.5480676323084077,-0.012373473195886485,SPY,SPY,5282.0,requested,1.0,0.25204425204425207,0.0053762265906720525,13.719448831264788,,,0.5,0.4996110348616293,0.4984964404585799,0.2542346215052852,0.0650231391050536,1.0,1.0,0.9619000308653888,0.96185622846379,factor_hard,ff,,,,,-4.380240159873594e-05,1.0,2026-02-25,10399,2017-11-14,8320,2,8319,0,0.7003908753395081,26.92130021376264,ff_accurate,shuffle+noise,critic,20164.06982421875,True,-0.0362813198426626,SPY,-1.1619761743235415,econ_ls_oos_sharpe_uplift_min,-1.1619761743235415,econ_ls_oos_sharpe_uplift_min,economics,0.7430904835462571,0.9047664125149066,True,2080,8320,/local/scratch/asdutta/forward-risk-manager/runs/experiments/turing_econ_large/models/benchmark_resume/ff_accurate__seed_47__walk_forward__base__fold_2.pt,True,2,False,True,21,0.7701733670784877,SPY,fold,False,47,goodness_rank,walk_forward,ok,0.515625,1024.0,1024.0,ok,1.0,financial_value,16.121159333735704,0.0009884433792187,0.0009884433792187,0.0,0.0764635246841666,0.0250533547610617,0.0888200141596966,,0.19231378036336233,46.48237139481765
184.09274031099324,128,cuda,0.2,10400,7,walk_forward,False,0.0,-0.02575195146440379,0.0,0.2206772420461303,0.13941378326316722,0.14799795910465546,0.7488916640062616,-0.022682912633009863,0.5536315536315536,-0.18616014834156513,192.0,0.941998012044085,1.3336207166901124,1.9350946918800895,-0.015096171332346241,0.12346216700778445,0.003848969159329866,45.2502810601145,0.022150011407685355,0.12504468846713457,-0.004050226966836148,-0.1967291967291967,-0.007838162179811481,72.0,-0.0077763649592706985,0.04060085947870218,0.3712372274085647,-0.0026253183449222502,0.09151182039107808,0.09645850629476102,0.7473091425469115,-0.014783716506843849,0.6517556517556518,0.5536315536315536,-0.12245510616823951,192.0,0.948716955158245,1.3431329679016224,1.0593713022628592,-0.009839014985728312,-0.1967291967291967,-0.12052509328933358,0.0,0.4368518866747295,1.0,3434.6201923076924,0.2,0.0,-0.11570117947897485,0.017751001010300315,0.13708738979410273,0.14794614896631134,0.6015742042305104,-0.022296599917268303,0.5605769230769231,-0.2278810973443498,267.0,0.9266032995919262,1.3051170644740817,1.8874908128808547,-0.014560207741904491,-0.04086538461538458,0.1937933919953263,-44.0,1.0,4.0,2080.0,-0.12177324478130291,-0.2023234971075767,4.0,4.0,63.0,-0.41484926361268337,-0.9776668235554321,-0.39468918507303485,True,low,auto,-0.5401863873344006,0.016562296504769147,0.03113716303570832,0.4858730247515356,-0.004545598906967989,0.5197115384615385,-0.0340877053490235,223.0,0.5319141145188914,0.7649306771396811,0.1452064706847671,-0.0030563099800503665,0.2,0.0,0.4368518866747295,0.0,0.011503897761854124,1.0,0.05586687999351414,72.0,2079.0,-0.023326203586863214,-0.08272989376377171,4.0,4.0,63.0,-0.07536172112908235,-0.6488543758110883,nan,1.0,0.6517556517556518,0.0,686.0,686.0,707.0,0.05,0.2,0.6,252.0,1.0,21.0,-0.0010574218451107065,0.0,True,low,auto,0.6,252.0,0.5,21.0,0.2,0.05011311069021218,0.11366183179876344,0.12079597052426885,0.8723538310140461,-0.018833943473679997,0.3569023569023569,-0.130293268348051,264.0,0.9409405901989742,1.3837338273803246,1.430608529671424,-0.012464333330650562,SPY,SPY,5282.0,requested,1.0,0.13227513227513227,0.0026318380016956792,9.100119559132324,,,0.5,0.498098425131322,0.4991776072485207,0.2504515004251317,0.0208237581327649,1.0,1.0,0.6881485371028676,0.6881322545163772,factor_hard,ff,,,,,-1.6282586490445894e-05,1.0,2017-11-13,8319,2009-08-12,6240,0,6239,0,0.6054478883743286,33.90000865429181,ff_financial,shuffle+noise,critic,9317.24658203125,True,0.185864329350725,SPY,-0.9776668235554321,econ_ls_oos_sharpe_uplift_min,-0.9776668235554321,econ_ls_oos_sharpe_uplift_min,economics,0.7457037288315442,1.08307568625528,True,2080,6240,/local/scratch/asdutta/forward-risk-manager/runs/experiments/turing_econ_large/models/benchmark_resume/ff_financial__seed_7__walk_forward__base__fold_0.pt,True,2,False,True,21,2.425003949720032,SPY,fold,False,7,goodness_rank,walk_forward,ok,0.52392578125,1024.0,1024.0,ok,1.0,financial_value,8.291663547977805,0.0009290082327907,0.0009290082327907,0.0,0.0375536062488598,0.0106934621588003,0.0437325868147368,,0.0938376716879783,29.21185378541752
243.43169635308809,128,cuda,0.2,10400,7,walk_forward,False,0.0,-0.0464542089208686,0.0,0.1400197522650536,0.15652228416772518,0.1682622493473365,0.4642458638906082,-0.026219077362405703,0.5576923076923077,-0.3371538582077859,187.0,0.9302281692705949,1.29287037673283,2.3210174283049314,-0.015198012026585783,0.6139161308276795,0.009185304958848901,57.39850378036499,0.011991259444003699,0.6315063426314248,-0.0007729023086032669,-0.20528846153846153,0.11749175079437324,258.0,0.13819244222913052,0.18357933533564097,0.20301467843592302,0.0004394027842254504,0.09807681580285288,0.10435495272022312,0.44665565208686286,-0.016260870094953535,0.6201923076923077,0.5576923076923077,-0.21958037549646747,187.0,0.9398386300437316,1.306227400795092,1.1646176683040386,-0.009425690151103682,-0.20528846153846153,-0.11694007609352797,0.0,0.49973607506780204,1.0,4736.323557692308,0.2,0.0,-0.273948695094724,0.017870608582844276,0.12271276290866728,0.16318887945885627,0.322763497247312,-0.024208781880406045,0.5480769230769231,-0.3801940552609663,319.0,0.7519676788981571,1.0242153397832827,1.5996562253946776,-0.01355296941238373,-0.039423076923077005,0.26193716266730716,946.0,1.0,4.0,2080.0,-0.11900305657877486,-0.21266713256571368,4.0,4.0,63.0,-0.6745026045749929,-1.350438274029131,-0.6230589458492654,True,high,auto,-0.8382729155498753,0.005772686815139316,0.044781192698169534,0.048814802152587974,-0.0063381732975617685,0.5086538461538461,-0.11825689259365912,1265.0,0.12890873304889175,0.18594242423340748,0.048657288976456714,-0.00350459872797161,0.2,0.0,0.49973607506780204,0.0,0.01004837068441212,1.0,0.23506523350569164,258.0,2080.0,-0.04503035496434399,-0.0895179720554502,4.0,4.0,63.0,0.13803618720369262,-0.5440668399161217,nan,1.0,0.6201923076923077,0.0,687.0,687.0,706.0,0.05,0.2,0.6,252.0,1.0,21.0,0.14780290300226717,0.0,True,low,auto,0.6,252.0,0.5,21.0,0.2,0.196936359397903,0.11006807524685658,0.10210102294620789,1.0781619947182877,-0.0170337724035568,0.3524038461538462,-0.10208862470209423,445.0,1.078031072272862,1.489806736130733,1.3676323467399616,-0.008986287366878232,SPY,SPY,5282.0,requested,1.0,0.08557692307692308,0.006211724659707551,13.934109905309844,,,0.5,0.4984158795917012,0.4968666789940828,0.2503962560774597,0.0192382363874611,1.0,1.0,0.6944675690987531,0.6943863314740798,factor_hard,ff,,,,,-8.123762467326934e-05,1.0,2021-12-31,9359,2013-09-30,7280,1,7279,0,0.6176833510398865,29.909173491129824,ff_financial,shuffle+noise,critic,14461.6650390625,True,0.0673509225169127,SPY,-1.350438274029131,econ_ls_oos_sharpe_uplift_min,-1.350438274029131,econ_ls_oos_sharpe_uplift_min,economics,0.7419701173640134,0.8475521225678293,True,2080,7280,/local/scratch/asdutta/forward-risk-manager/runs/experiments/turing_econ_large/models/benchmark_resume/ff_financial__seed_7__walk_forward__base__fold_1.pt,True,2,False,True,21,6.596036991738437,SPY,fold,False,7,goodness_rank,walk_forward,ok,0.529296875,1024.0,1024.0,ok,1.0,financial_value,11.154475398361685,0.0009652500314507,0.0009652500314507,0.0,0.0559394153815351,0.0119753026419825,0.0653989169125755,,0.13524413499899451,52.09488747914632
308.575635161692,128,cuda,0.2,10400,7,walk_forward,False,0.0,-0.04096176945393992,0.0,0.3111396771330748,0.1440889014795741,0.19216395424648355,0.4273683897479617,-0.029406735770725837,0.5536315536315536,-0.337153858207786,488.0,0.749822733636898,1.0536770507662043,2.035939580850879,-0.017749699786558538,-0.12149280945999258,0.0023519973010023842,79.55274688452482,0.025644245328992232,-0.10976830188850695,-0.011764367441270048,-0.2587782587782587,-0.15073733671128065,-229.0,-0.15758074447670167,-0.21076388023489867,0.3963878741797464,-0.005638464060701209,0.07748288669664194,0.09991786173181758,0.4156438821764761,-0.015290371028453405,0.51996151996152,0.5536315536315536,-0.18641652149650523,480.0,0.7754658211622687,1.0897116115019376,0.8509114598107963,-0.009229160879879643,-0.2587782587782587,-0.08747214195942499,0.0,0.49948283710861135,1.0,6919.763347763348,0.2,0.0,-0.2818162304662105,0.02169581950206989,0.07636605783037731,0.18534878393554383,0.20086073617842173,-0.027212840502069728,0.5271765271765272,-0.3801940552609666,962.0,0.4120127265411899,0.5659483184965224,0.8351431735755275,-0.017426587972466916,-0.018759018759018753,0.2430065273883475,908.0,1.0,4.0,2079.0,-0.09267883854920983,-0.26145269028794327,4.0,4.0,63.0,-0.7070670096467485,-1.4761855466190723,-0.72245487531829,True,high,auto,-0.9784154060816816,-0.011106084129047678,0.035775052365785334,-0.08095549428778875,-0.005517020999999836,0.5084175084175084,-0.13718752787261912,1870.0,-0.3104421487771001,-0.41246708758515926,-0.08802052209197075,-0.0035037248585518825,0.2,0.0,0.49948283710861135,0.0,0.013922863113915034,1.0,1.1102230246251565e-16,-237.0,2079.0,-0.04378355249182603,-0.16400227956905566,4.0,4.0,63.0,-0.12083611019832458,-0.6125812103279691,nan,1.0,0.51996151996152,0.0,686.0,686.0,707.0,0.05,0.2,0.6,252.0,1.0,21.0,-0.13193765695133097,0.0,True,low,auto,0.6,252.0,0.5,21.0,0.2,-0.17472931949916537,0.10312713202563417,0.16690341928765196,0.30587558028796913,-0.027054738469723453,0.29485329485329487,-0.3371538582077859,251.0,0.617885076685567,0.878947731267039,1.2472993339905427,-0.014867624940580852,SPY,SPY,5282.0,requested,1.0,0.18374218374218373,0.0028820748459776856,14.451917641713068,,,0.5002403846153847,0.5017204605968126,0.5018162906804734,0.2500862196133678,0.009293663711227,1.0,1.0,0.7234418181812062,0.7234913145794588,factor_hard,ff,,,,,4.949639825257979e-05,1.0,2026-02-25,10399,2017-11-14,8320,2,8319,0,0.6857654452323914,26.963337032712968,ff_financial,shuffle+noise,critic,20191.67041015625,True,0.0373680639696025,SPY,-1.4761855466190723,econ_ls_oos_sharpe_uplift_min,-1.4761855466190723,econ_ls_oos_sharpe_uplift_min,economics,0.7457272592874674,1.0418806414879285,True,2080,8320,/local/scratch/asdutta/forward-risk-manager/runs/experiments/turing_econ_large/models/benchmark_resume/ff_financial__seed_7__walk_forward__base__fold_2.pt,True,2,False,True,21,2.2891994084761693,SPY,fold,False,7,goodness_rank,walk_forward,ok,0.5107421875,1024.0,1024.0,ok,1.0,financial_value,17.362996270880103,0.0010021865733254,0.0010021865733254,0.0,0.0766156437097547,0.0167716345728303,0.0891041905160706,,0.18449584194530638,42.17782894134521
183.9025423448827,128,cuda,0.2,10400,7,walk_forward,False,0.0,-0.06258377336630305,0.0,0.17113819513872677,0.13941378326316722,0.14799795910465546,0.7488916640062616,-0.022682912633009863,0.5536315536315536,-0.18616014834156513,192.0,0.941998012044085,1.3336207166901124,1.9350946918800895,-0.015096171332346241,-0.23156311814737418,0.002372792906444262,45.279643655754626,-0.007060677625701173,-0.22972642233393537,-0.00677019929483629,-0.22799422799422797,-0.03621779081495524,232.0,-0.3311409520327462,-0.4678499490544289,-0.1020253202706436,-0.0034402515468724016,0.08389068752256534,0.08834317808988813,0.7470549681928228,-0.01353992043172931,0.596921596921597,0.5536315536315536,-0.11229520061355414,192.0,0.9496000634843311,1.3443832163561753,0.9437045486693434,-0.00901123069910615,-0.22799422799422797,-0.14228150118962224,0.0,0.3928433230267021,1.0,3434.6201923076924,0.2,0.0,-0.6481541255214478,0.016207300287982826,0.13708738979410273,0.14794614896631134,0.6015742042305104,-0.022296599917268303,0.5605769230769231,-0.2278810973443498,267.0,0.9266032995919262,1.3051170644740817,1.8874908128808547,-0.014560207741904491,-0.060096153846153855,0.11637143284583795,1500.0,1.0,4.0,2080.0,-0.14351043042581446,-0.22081697918788235,4.0,4.0,63.0,-1.1126999419375085,-1.4926746460886489,-1.0521819192858775,True,high,auto,-1.4805548437596876,-0.005194111395519507,0.04136143085644772,-0.0465799212909373,-0.006089299629285477,0.5004807692307692,-0.11150966449851185,1767.0,-0.1255786196939512,-0.17543777928560594,-0.042073052052452375,-0.004284817109810742,0.2,0.0,0.3928433230267021,0.0,0.01027539063209375,1.0,0.03764715691305576,232.0,2079.0,-0.06301355311148576,-0.0791788190091236,4.0,4.0,63.0,-0.36901816020347766,-0.5845299596592973,nan,1.0,0.596921596921597,0.0,686.0,686.0,707.0,0.05,0.2,0.6,252.0,1.0,21.0,-0.3235389005925,0.0,True,low,auto,0.6,252.0,0.5,21.0,0.2,-0.457087449388366,0.07683000989686417,0.12422811544733572,0.5173285458588874,-0.0203101197265656,0.3256373256373256,-0.14851299142850938,424.0,0.6184591114515849,0.8765332673017464,0.8416792283986998,-0.012451482245978552,SPY,SPY,5282.0,requested,1.0,0.10341510341510342,0.0026446890863676895,10.317717119625636,,,0.5,0.5018145280564951,0.5007836769600592,0.2509645858036942,0.030416371869518,1.0,1.0,0.6793201846234939,0.6793913841247559,factor_hard,ff,,,,,7.119950126199814e-05,1.0,2017-11-13,8319,2009-08-12,6240,0,6239,0,0.5589916706085205,33.93498120257373,ff_financial,shuffle+noise,critic,9318.36181640625,True,0.1926483868246127,SPY,-1.4926746460886489,econ_ls_oos_sharpe_uplift_min,-1.4926746460886489,econ_ls_oos_sharpe_uplift_min,economics,0.7542299822885163,1.2435883514126953,True,2080,6240,/local/scratch/asdutta/forward-risk-manager/runs/experiments/turing_econ_large/models/benchmark_resume/ff_financial__seed_27__walk_forward__base__fold_0.pt,True,2,False,True,21,2.781939392552084,SPY,fold,False,27,goodness_rank,walk_forward,ok,0.5166015625,1024.0,1024.0,ok,1.0,financial_value,7.78183688595891,0.0009453534809112,0.0009453534809112,0.0,0.0375337895196007,0.0114488784014722,0.0437948850002519,,0.0946682598831472,37.00556701154125
243.6194905146074,128,cuda,0.2,10400,7,walk_forward,False,0.0,-0.1062043499523273,0.0,0.2204868767546253,0.15652228416772518,0.1682622493473365,0.4642458638906082,-0.026219077362405703,0.5576923076923077,-0.3371538582077859,187.0,0.9302281692705949,1.29287037673283,2.3210174283049314,-0.015198012026585783,-0.1960761289931211,0.013734073950118247,57.02640422061086,-0.015643992899835757,-0.16907302707172833,-0.001594002046365086,-0.325,-0.0367758295257653,260.0,-0.2570025913898055,-0.3566620531945154,-0.1946366896656717,-0.0002967096499749801,0.06596192711523363,0.06989354972889363,0.4372427619692154,-0.01089100136592237,0.4153846153846154,0.5576923076923077,-0.15085881997945516,134.0,0.9437484198626317,1.3116613917266624,0.6942560917534062,-0.006313020380274095,-0.325,-0.1356547291696013,0.0,0.4907131265281013,1.0,4736.323557692308,0.2,0.0,-0.41472034360238025,0.019018008287420046,0.12271276290866728,0.16318887945885627,0.322763497247312,-0.024208781880406045,0.5480769230769231,-0.3801940552609663,319.0,0.7519676788981571,1.0242153397832827,1.5996562253946776,-0.01355296941238373,-0.08173076923076927,0.23945449345648817,1180.0,1.0,4.0,2080.0,-0.13772186713364767,-0.23197339067845602,4.0,4.0,63.0,-1.2307888159671578,-2.489835981139527,-1.087004646935572,True,high,auto,-1.514242793604179,-0.012941966260934024,0.03862847236454437,-0.09195684635506823,-0.005190773592986,0.46634615384615385,-0.1407395618044781,1499.0,-0.33503696803741506,-0.49002745382089624,-0.10194130268839596,-0.0034501752126601887,0.2,0.0,0.4907131265281013,0.0,0.010102794199723542,1.0,0.1495192087025654,207.0,2080.0,-0.10722333080197721,-0.17669434001638162,4.0,4.0,63.0,-0.279677994119481,-0.6766954655763503,nan,1.0,0.4153846153846154,0.0,687.0,687.0,706.0,0.05,0.2,0.6,252.0,1.0,21.0,-0.24348234079776876,0.0,True,high,auto,0.6,252.0,0.5,21.0,0.2,-0.337871038200683,0.050317934215397875,0.07327009809043042,0.2681697348974871,-0.012485003412287456,0.2326923076923077,-0.18763464950522046,394.0,0.6867458284728262,0.954999338532147,0.4996194020877345,-0.006609730030249075,SPY,SPY,5282.0,requested,1.0,0.13221153846153846,0.008588281996336707,7.250318855151796,,,0.5004807692307692,0.5020507800009175,0.5008503605769231,0.2500258287748233,0.0050065178987571,1.0,1.0,0.6570063654114219,0.6570258280810188,factor_hard,ff,,,,,1.946266959695908e-05,1.0,2021-12-31,9359,2013-09-30,7280,1,7279,0,0.637206494808197,29.884349384746475,ff_financial,shuffle+noise,critic,14486.11572265625,True,-0.0697694319546204,SPY,-2.489835981139527,econ_ls_oos_sharpe_uplift_min,-2.489835981139527,econ_ls_oos_sharpe_uplift_min,economics,0.7466777945296806,1.0911989914220677,True,2080,7280,/local/scratch/asdutta/forward-risk-manager/runs/experiments/turing_econ_large/models/benchmark_resume/ff_financial__seed_27__walk_forward__base__fold_1.pt,True,2,False,True,21,1.071581301720519,SPY,fold,False,27,goodness_rank,walk_forward,ok,0.52734375,1024.0,1024.0,ok,1.0,financial_value,11.689912556670606,0.000961799419632,0.000961799419632,0.0,0.0558788895174011,0.013828277986562,0.0653989910654593,,0.1370297574086864,13.162973720985546
308.7095179071552,128,cuda,0.2,10400,7,walk_forward,False,0.0,-0.0868693121600137,0.0,0.19186022042997378,0.1440889014795741,0.19216395424648355,0.4273683897479617,-0.029406735770725837,0.5536315536315536,-0.337153858207786,488.0,0.749822733636898,1.0536770507662043,2.035939580850879,-0.017749699786558538,-0.24132790942046514,0.008767111184723793,78.84257687907666,-0.03089129685108749,-0.23152256212094616,-0.0031709768337911705,-0.22366522366522362,-0.0965530873974837,488.0,-0.28860238077397304,-0.4323674738960517,-0.4244585172103785,-0.0015079450003012591,0.08811088617064788,0.11415222871303858,0.4175630424484427,-0.017468647752210874,0.594035594035594,0.5536315536315536,-0.21101217591958488,480.0,0.7718717992983327,1.08466116665931,1.007028461005636,-0.010543953456661757,-0.22366522366522362,-0.0740429968052776,0.0,0.4213555250129165,1.0,6919.763347763348,0.2,0.0,-0.1819813841117363,0.021737955084564956,0.07636605783037731,0.18534878393554383,0.20086073617842173,-0.027212840502069728,0.5271765271765272,-0.3801940552609666,962.0,0.4120127265411899,0.5659483184965224,0.8351431735755275,-0.017426587972466916,-0.01202501202501205,0.25714634594900365,166.0,1.0,4.0,2079.0,-0.07914796195715373,-0.22605620650123304,4.0,4.0,63.0,-0.3731129290611861,-1.2792955290149017,-0.35224552663033787,True,high,auto,-0.47939148852860425,0.0023230610250997152,0.038868493564442726,0.018879352066685423,-0.005474885417504774,0.5151515151515151,-0.12304770931196296,1128.0,0.05976719991085206,0.08655682996791815,0.019327429379409233,-0.0033704738616405585,0.2,0.0,0.4213555250129165,0.0,0.014056114110826358,1.0,0.029588594890717412,480.0,2079.0,-0.08803984104572629,-0.1289096997725474,4.0,4.0,63.0,-0.1892692800694177,-0.37001945510802536,nan,1.0,0.594035594035594,0.0,686.0,686.0,707.0,0.05,0.2,0.6,252.0,1.0,21.0,-0.2665533151125383,0.0,True,low,auto,0.6,252.0,0.5,21.0,0.2,-0.401383358002946,0.05721958931956039,0.11840101427124793,0.18604048032749657,-0.020639624586002044,0.32996632996632996,-0.30756526331706857,968.0,0.4832694185243597,0.6522936927632583,0.5825699437952574,-0.012051898456963016,SPY,SPY,5282.0,requested,1.0,0.11447811447811448,0.005697801329595522,14.62497907271752,,,0.5,0.5007736856895666,0.4996631148298817,0.2500633062243613,0.0075685754146118,1.0,1.0,0.6958750556497013,0.6958790351362789,factor_hard,ff,,,,,3.979486577598834e-06,1.0,2026-02-25,10399,2017-11-14,8320,2,8319,0,0.6652696132659912,26.95205352845844,ff_financial,shuffle+noise,critic,20174.7666015625,True,-0.0367723646258225,SPY,-1.2792955290149017,econ_ls_oos_sharpe_uplift_min,-1.2792955290149017,econ_ls_oos_sharpe_uplift_min,economics,0.7426853040548471,0.9240363583656458,True,2080,8320,/local/scratch/asdutta/forward-risk-manager/runs/experiments/turing_econ_large/models/benchmark_resume/ff_financial__seed_27__walk_forward__base__fold_2.pt,True,2,False,True,21,3.659430832679455,SPY,fold,False,27,goodness_rank,walk_forward,ok,0.51220703125,1024.0,1024.0,ok,1.0,financial_value,16.557700875215232,0.0009963958989828,0.0009963958989828,0.0,0.0764652681171607,0.0155730451321086,0.0890181626580082,,0.1830492677052431,43.97749486776499
185.94511880034483,128,cuda,0.2,10400,7,walk_forward,False,0.0,-0.05006546374963139,0.0,0.385797335499197,0.13941378326316722,0.14799795910465546,0.7488916640062616,-0.022682912633009863,0.5536315536315536,-0.18616014834156513,192.0,0.941998012044085,1.3336207166901124,1.9350946918800895,-0.015096171332346241,-0.19014508718462808,0.0029036233806000768,45.44068262260407,0.0076002023535799434,-0.188237041670278,-0.006588504561063505,-0.23472823472823467,-0.050470856231551564,188.0,-0.22700759801443682,-0.29142947288813636,0.11370391201510888,-0.004042878241877547,0.08174811715995589,0.08606519122536241,0.7469836184919115,-0.013190784691346281,0.5815295815295816,0.5536315536315536,-0.10943763040613597,192.0,0.9498394879051366,1.3447221781836793,0.9122326124546936,-0.008778870197598175,-0.23472823472823467,-0.13607551015999286,0.0,0.46683880921408816,1.0,3434.6201923076924,0.2,0.0,-0.5893342890167541,0.016393889237378233,0.13708738979410273,0.14794614896631134,0.6015742042305104,-0.022296599917268303,0.5605769230769231,-0.2278810973443498,267.0,0.9266032995919262,1.3051170644740817,1.8874908128808547,-0.014560207741904491,-0.059615384615384626,0.14521061994001083,1188.0,1.0,4.0,2080.0,-0.13729262319522237,-0.21092528457817328,4.0,4.0,63.0,-0.9490335255170217,-1.279480881753144,-0.9012570725944938,True,high,auto,-1.269161499323749,0.001011879634109869,0.03992229826602484,0.012239915213756348,-0.00590271067989007,0.5009615384615385,-0.08267047740433897,1455.0,0.025346226997432438,0.035955565150332804,0.008382739640076853,-0.003979359953921291,0.2,0.0,0.46683880921408816,0.0,0.0105808477879832,1.0,0.026251661703877605,188.0,2079.0,-0.05096649074691634,-0.1229256865366204,4.0,4.0,63.0,-0.2755278494352624,-0.6535915050710136,nan,1.0,0.5815295815295816,0.0,686.0,686.0,707.0,0.05,0.2,0.6,252.0,1.0,21.0,-0.21916612215338516,0.0,True,low,auto,0.6,252.0,0.5,21.0,0.2,-0.2803280113945694,0.08934831951353583,0.12360871284614502,0.5587465768216335,-0.019779289252409786,0.3189033189033189,-0.15990848663768753,380.0,0.7228318898906998,1.053292705295543,1.0259365244698024,-0.012821748439475722,SPY,SPY,5282.0,requested,1.0,0.23376623376623376,0.0022744228928705187,12.198672733501512,,,0.5012019230769231,0.4997052904662037,0.4994705759985207,0.2500127863881524,0.0033446014496014,1.0,1.0,0.6477214904392466,0.647717041127822,factor_hard,ff,,,,,-4.44931142462579e-06,1.0,2017-11-13,8319,2009-08-12,6240,0,6239,0,0.6342847347259521,33.56453939189466,ff_financial,shuffle+noise,critic,9345.13720703125,True,0.1874855447855744,SPY,-1.279480881753144,econ_ls_oos_sharpe_uplift_min,-1.279480881753144,econ_ls_oos_sharpe_uplift_min,economics,0.7437115323178622,0.9032306768456284,True,2080,6240,/local/scratch/asdutta/forward-risk-manager/runs/experiments/turing_econ_large/models/benchmark_resume/ff_financial__seed_47__walk_forward__base__fold_0.pt,True,2,False,True,21,0.8283017350550816,SPY,fold,False,47,goodness_rank,walk_forward,ok,0.521484375,1024.0,1024.0,ok,1.0,financial_value,8.112593065947294,0.000960633390564,0.000960633390564,0.0,0.0377185924225771,0.0099546837202292,0.043904249993514,,0.09349879291744831,53.48424095037032
248.555458433632,128,cuda,0.2,10400,7,walk_forward,False,0.0,-0.03226595181091785,0.0,0.1605104381384694,0.15652228416772518,0.1682622493473365,0.4642458638906082,-0.026219077362405703,0.5576923076923077,-0.3371538582077859,187.0,0.9302281692705949,1.29287037673283,2.3210174283049314,-0.015198012026585783,0.3860643681188164,0.007487647518721979,57.04741021245718,0.03285964833125066,0.4056275402427106,-0.003592433732025434,-0.23365384615384616,0.059401776255104455,137.0,0.11780447924028914,0.1990693680373412,0.5710106576476175,-0.0005139598735249325,0.09139668402555667,0.09715526993564959,0.444682691766714,-0.01513899611165829,0.5774038461538461,0.5576923076923077,-0.20553236210395276,134.0,0.9407280128611953,1.3074635025777075,1.058294064699627,-0.008775390598043041,-0.23365384615384616,-0.12958532791911526,0.0,0.43494538959394874,1.0,4736.323557692308,0.2,0.0,-0.3875784703710346,0.018277325265323982,0.12271276290866728,0.16318887945885627,0.322763497247312,-0.024208781880406045,0.5480769230769231,-0.3801940552609663,319.0,0.7519676788981571,1.0242153397832827,1.5996562253946776,-0.01355296941238373,-0.04230769230769238,0.2741604540847501,602.0,1.0,4.0,2080.0,-0.1313377463314205,-0.28456940024028266,4.0,4.0,63.0,-0.8241583563882116,-1.7976047309700127,-0.9307702622552116,True,low,auto,-1.264094787896911,-0.006872565010447973,0.03843660914408606,-0.0648149731237226,-0.005931456615082065,0.5057692307692307,-0.10603360117621619,921.0,-0.17880258335705457,-0.23987944811362846,-0.055332020318805686,-0.00368408269382112,0.2,0.0,0.43494538959394874,0.0,0.009868886718562609,1.0,0.19102327235893757,84.0,2080.0,-0.031894610258193734,-0.07560971640248715,4.0,4.0,63.0,0.19864927401239257,-0.40699161380858223,nan,1.0,0.5774038461538461,0.0,687.0,687.0,706.0,0.05,0.2,0.6,252.0,1.0,21.0,0.12830432283088955,0.0,True,low,auto,0.6,252.0,0.5,21.0,0.2,0.2136624938822187,0.12425633235680733,0.1173854683573516,0.8503102320094246,-0.018731429843683724,0.32403846153846155,-0.1461305858488483,271.0,1.0585324921014845,1.5065328706150487,1.6293047223472445,-0.009289350471567974,SPY,SPY,5282.0,requested,1.0,0.09711538461538462,0.005908661555017809,16.820937773219327,,,0.5,0.5022828210097949,0.5016880085059171,0.2501445611011687,0.0120668836433831,1.0,1.0,0.5979719337295083,0.5980293014470268,factor_hard,ff,,,,,5.736771751851944e-05,1.0,2021-12-31,9359,2013-09-30,7280,1,7279,0,0.6468103528022766,29.296175743140623,ff_financial,shuffle+noise,critic,14497.4091796875,True,0.0643188976860664,SPY,-1.7976047309700127,econ_ls_oos_sharpe_uplift_min,-1.7976047309700127,econ_ls_oos_sharpe_uplift_min,economics,0.7448229739017654,0.9907600474985022,True,2080,7280,/local/scratch/asdutta/forward-risk-manager/runs/experiments/turing_econ_large/models/benchmark_resume/ff_financial__seed_47__walk_forward__base__fold_1.pt,True,2,False,True,21,7.753914102755095,SPY,fold,False,47,goodness_rank,walk_forward,ok,0.51904296875,1024.0,1024.0,ok,1.0,financial_value,11.340196502394974,0.0009805266001964,0.0009805266001964,0.0,0.0558733019348756,0.0141911461679755,0.0652000903339827,,0.13722559163722658,76.67694992266203
311.82830256125646,128,cuda,0.2,10400,7,walk_forward,False,0.0,-0.0651302588465068,0.0,0.1418275676728339,0.1440889014795741,0.19216395424648355,0.4273683897479617,-0.029406735770725837,0.5536315536315536,-0.337153858207786,488.0,0.749822733636898,1.0536770507662043,2.035939580850879,-0.017749699786558538,-0.18856881686985524,0.005494073629900599,82.00645313411951,0.017206397532748774,-0.17398074813625633,-0.011804838273705797,-0.3227513227513227,-0.18104742485098635,429.0,-0.266445985494868,-0.3546247841160374,0.23250586799522632,-0.004192484089787968,0.061752245100318515,0.07912089698652715,0.4127803210143628,-0.01210782386711944,0.41173641173641173,0.5536315536315536,-0.1496007487676958,393.0,0.7804795882285536,1.0967571318077942,0.6394240466417589,-0.007308197699516165,-0.3227513227513227,-0.07562155844292007,0.0,0.43158574130380367,1.0,6919.763347763348,0.2,0.0,-0.1937432028062718,0.02196460249855144,0.07636605783037731,0.18534878393554383,0.20086073617842173,-0.027212840502069728,0.5271765271765272,-0.3801940552609666,962.0,0.4120127265411899,0.5659483184965224,0.8351431735755275,-0.017426587972466916,-0.030784030784030803,0.2755932970305406,-7.0,1.0,4.0,2079.0,-0.08087476938022298,-0.23659266237570242,4.0,4.0,63.0,-0.391617513532616,-0.9513325947845174,-0.39223359528808255,True,high,auto,-0.5371524631510297,0.0007444993874572425,0.03764065154986417,0.007117533372149919,-0.0052482380035182895,0.4963924963924964,-0.10460075823042603,955.0,0.019779131253107363,0.028795855345492723,0.006158722098802194,-0.0032671755428759254,0.2,0.0,0.43158574130380367,0.0,0.014159412429590991,1.0,0.006505684589103833,334.0,2079.0,-0.06562242560900355,-0.2888781014109474,4.0,4.0,63.0,-0.12744138502129493,-1.1884458338595145,nan,1.0,0.41173641173641173,0.0,686.0,686.0,707.0,0.05,0.2,0.6,252.0,1.0,21.0,-0.2357891309032124,0.0,True,high,auto,0.6,252.0,0.5,21.0,0.2,-0.3115447030744475,0.07895864263306729,0.15360599426410412,0.23879957287810646,-0.023912662140825238,0.23088023088023088,-0.33064817361868215,822.0,0.5140336027336856,0.7421323476917568,0.8719299146369852,-0.011500681789304133,SPY,SPY,5282.0,requested,1.0,0.08465608465608465,0.006249017997254405,33.716986679664025,,,0.5,0.5016752798870268,0.501424856693787,0.2501571958367931,0.0120245830765716,1.0,1.0,0.7150896507150987,0.7151404654278475,factor_hard,ff,,,,,5.081471274881455e-05,1.0,2026-02-25,10399,2017-11-14,8320,2,8319,0,0.6670488119125366,26.68366966105496,ff_financial,shuffle+noise,critic,20242.5234375,True,0.0374007171694896,SPY,-0.9513325947845174,econ_ls_oos_sharpe_uplift_min,-0.9513325947845174,econ_ls_oos_sharpe_uplift_min,economics,0.7423228641656728,0.9271217827613536,True,2080,8320,/local/scratch/asdutta/forward-risk-manager/runs/experiments/turing_econ_large/models/benchmark_resume/ff_financial__seed_47__walk_forward__base__fold_2.pt,True,2,False,True,21,2.248957783625676,SPY,fold,False,47,goodness_rank,walk_forward,ok,0.5234375,1024.0,1024.0,ok,1.0,financial_value,17.72485138103366,0.0010312799607905,0.0010312799607905,0.0,0.077123511618433,0.0160836229731257,0.089526876743453,,0.1847965712565927,238.7724676513672
189.12217084980128,128,cuda,0.2,10400,7,walk_forward,True,1.9012136560313555,-0.07353424076156356,0.0,0.3140968576565293,0.13941378326316722,0.14799795910465546,0.7488916640062616,-0.022682912633009863,0.5536315536315536,-0.18616014834156513,192.0,0.941998012044085,1.3336207166901124,1.9350946918800895,-0.015096171332346241,-0.3964988439948736,0.004159562437362985,45.482341698370874,-0.03343391468465762,-0.39517675105591904,-0.002463106138027582,-0.16257816257816254,-0.05410071443634701,395.0,-0.36888536757547874,-0.5430106617663054,-0.4912535637901527,-0.0010339123564277776,0.09931345718626128,0.10478739576818318,0.747569571067307,-0.016060244057619296,0.708032708032708,0.5536315536315536,-0.1328484478634827,192.0,0.947761478927946,1.3417802655829976,1.184000539200495,-0.010688583069366844,-0.16257816257816254,-0.1415938250439056,0.0,0.3471255052951263,1.0,3434.6201923076924,0.2,0.0,-0.6361435869460543,0.01647758030504745,0.13708738979410273,0.14794614896631134,0.6015742042305104,-0.022296599917268303,0.5605769230769231,-0.2278810973443498,267.0,0.9266032995919262,1.3051170644740817,1.8874908128808547,-0.014560207741904491,-0.060096153846153855,0.09752195015088294,1381.0,1.0,4.0,2080.0,-0.1427673900045082,-0.23064857549236395,4.0,4.0,63.0,-1.0725072999969498,-1.7126121127791731,-1.0404356995244806,True,low,auto,-1.4648134735933431,-0.004506435249802876,0.03958833559226493,-0.0345693827155439,-0.005819019612220852,0.5004807692307692,-0.13035914719346686,1648.0,-0.11383239993255433,-0.1596964091192615,-0.036593691610120715,-0.004097376099504163,0.2,0.0,0.3471255052951263,0.0,0.010462831642400328,1.0,-0.0007890139582645839,395.0,2079.0,-0.07277158838697023,-0.13200330934096094,4.0,4.0,63.0,-0.4303754242285258,-1.1904891358719887,nan,1.0,0.708032708032708,0.0,686.0,686.0,707.0,0.05,0.2,0.6,252.0,1.0,21.0,-0.36312190069161765,0.0,True,low,auto,0.6,252.0,0.5,21.0,0.2,-0.5348511128734202,0.06587954250160366,0.11380594432837252,0.352392820011388,-0.018523350195646878,0.39105339105339104,-0.18694916229982972,587.0,0.5788761113524673,0.7987696038166922,0.6927469754103424,-0.011722495425794621,SPY,SPY,5282.0,requested,1.0,0.18903318903318903,0.00337367590655162,11.450449484221789,,,0.5,0.5033332659762708,0.5010890116494083,0.2506465374989834,0.0254853259551173,1.0,1.0,0.5747837739832261,0.5748261388610391,factor_hard,ff,,,,,4.23648778129504e-05,1.0,2017-11-13,8319,2009-08-12,6240,0,6239,0,0.6766104102134705,33.000476999433175,ff_bootstrap_rank,shuffle+noise,critic,9425.72216796875,True,0.1899417215024242,SPY,-1.7126121127791731,econ_ls_oos_sharpe_uplift_min,-1.7126121127791731,econ_ls_oos_sharpe_uplift_min,economics,0.7457374807523222,1.112067822655853,True,2080,6240,/local/scratch/asdutta/forward-risk-manager/runs/experiments/turing_econ_large/models/benchmark_resume/ff_bootstrap_rank__seed_7__walk_forward__base__fold_0.pt,True,2,False,True,21,1.8522524685884008,SPY,fold,False,7,goodness_rank,walk_forward,ok,0.525390625,1024.0,1024.0,ok,1.0,financial_value,7.835798176005483,0.0028364621183587,0.0009356647354493,0.0,0.0761575169044033,0.0293716141697475,0.0651982376912646,,0.1744994956192234,56.20152743397927
246.4565292045376,128,cuda,0.2,10400,7,walk_forward,True,1.803422864696436,-0.03474497459835435,0.0,0.11657357321599487,0.15652228416772518,0.1682622493473365,0.4642458638906082,-0.026219077362405703,0.5576923076923077,-0.3371538582077859,187.0,0.9302281692705949,1.29287037673283,2.3210174283049314,-0.015198012026585783,0.7414137782431258,0.009651832723118758,57.26594901736826,0.027301188950026978,0.7600684200061184,-0.0009114301757735394,-0.21875,0.11101948015372409,104.0,0.28206882246421505,0.39121379026863257,0.4751084180541416,0.00023922813867591035,0.09447612061934385,0.10047197773528459,0.4455912221276156,-0.015655814463513405,0.5971153846153846,0.5576923076923077,-0.21202419600690936,134.0,0.940323090566226,1.306900724479453,1.1067231975859557,-0.009074966796644011,-0.21875,-0.10974271178150996,0.0,0.4481119167102373,1.0,4736.323557692308,0.2,0.0,-0.23776254485934506,0.017630017895470272,0.12271276290866728,0.16318887945885627,0.322763497247312,-0.024208781880406045,0.5480769230769231,-0.3801940552609663,319.0,0.7519676788981571,1.0242153397832827,1.5996562253946776,-0.01355296941238373,-0.04230769230769238,0.22760692814315986,244.0,1.0,4.0,2080.0,-0.1118722949966707,-0.20117595706966518,4.0,4.0,63.0,-0.536668725718819,-0.63829677835667,-0.4737403303361567,True,low,auto,-0.6222012342649976,0.012970051127157323,0.046616736974967314,0.08500095238796694,-0.006578763984935774,0.5057692307692307,-0.15258712711780642,563.0,0.2782273485620004,0.4020141055182851,0.11222897230678908,-0.004003911386088944,0.2,0.0,0.4481119167102373,0.0,0.009549058026294785,1.0,0.2361491423546006,51.0,2080.0,-0.034826936796157115,-0.03953303523062002,4.0,4.0,63.0,0.27935423284459476,-0.0446040502943974,nan,1.0,0.5971153846153846,0.0,687.0,687.0,706.0,0.05,0.2,0.6,252.0,1.0,21.0,0.2921637437598461,0.0,True,low,auto,0.6,252.0,0.5,21.0,0.2,0.4052441380152556,0.12177730956937083,0.09962214922337942,1.205659642133734,-0.016567244639286945,0.3389423076923077,-0.10100471585318527,238.0,1.222391913030441,1.6981145147480856,1.5818316156400973,-0.008835738657968101,SPY,SPY,5282.0,requested,1.0,0.07115384615384615,0.006362273368617681,15.68538993283322,,,0.5,0.5011257555037822,0.5006258089866864,0.2502128445750178,0.0142936653926915,1.0,1.0,0.622730973888846,0.6227710562593797,factor_hard,ff,,,,,4.008237053365615e-05,1.0,2021-12-31,9359,2013-09-30,7280,1,7279,0,0.5660962462425232,29.543269327862745,ff_bootstrap_rank,shuffle+noise,critic,14667.453125,True,0.0520406365266305,SPY,-0.63829677835667,econ_ls_oos_sharpe_uplift_min,-0.63829677835667,econ_ls_oos_sharpe_uplift_min,economics,0.7437648663918177,0.9671057593927048,True,2080,7280,/local/scratch/asdutta/forward-risk-manager/runs/experiments/turing_econ_large/models/benchmark_resume/ff_bootstrap_rank__seed_7__walk_forward__base__fold_1.pt,True,2,False,True,21,1.5553675037727022,SPY,fold,False,7,goodness_rank,walk_forward,ok,0.5146484375,1024.0,1024.0,ok,1.0,financial_value,11.095172611996531,0.0029316405737119,0.0009632381508453,0.0,0.1174606099953515,0.0332252951028446,0.0993760481297054,,0.2539568319524587,82.50737352873149
313.4433047736652,128,cuda,0.2,10400,7,walk_forward,True,2.098597129858457,-0.07172224328161092,0.0,0.25680048704644637,0.1440889014795741,0.19216395424648355,0.4273683897479617,-0.029406735770725837,0.5536315536315536,-0.337153858207786,488.0,0.749822733636898,1.0536770507662043,2.035939580850879,-0.017749699786558538,-0.027474097608304104,0.00841186785184353,77.7741151722148,0.021725183750119337,-0.010849662213744948,-0.011107754737671456,-0.3626743626743626,-0.057672393858588356,-108.0,-0.2113427904921611,-0.2848727941589113,0.2764985262261721,-0.002948176588076644,0.05064147444784384,0.06460923714203559,0.41074395435340255,-0.009887113181210851,0.3362193362193362,0.5536315536315536,-0.12329207505333628,392.0,0.7838116759762181,1.1014394976968944,0.5031418313395215,-0.005967792280329205,-0.3626743626743626,-0.0767282962335969,0.0,0.4803731785200305,1.0,6919.763347763348,0.2,0.0,-0.20367273963743976,0.021780839068244327,0.07636605783037731,0.18534878393554383,0.20086073617842173,-0.027212840502069728,0.5271765271765272,-0.3801940552609666,962.0,0.4120127265411899,0.5659483184965224,0.8351431735755275,-0.017426587972466916,-0.0028860028860029363,0.25137543590333566,474.0,1.0,4.0,2079.0,-0.08162409478452703,-0.27931236698157036,4.0,4.0,63.0,-0.28271652941721614,-1.8715151907855816,-0.4224343272467984,True,high,auto,-0.5801617349752053,-0.00036223840321958356,0.03475842276557773,-0.0028120034590180176,-0.0054320014338254015,0.5242905242905243,-0.12881861935763095,1436.0,-0.010421600705608504,-0.014213416478682886,-0.0029845455883413807,-0.003533624888175647,0.2,0.0,0.4803731785200305,0.0,0.01389296308429127,1.0,0.15618938929586135,-204.0,2079.0,-0.0744819619095689,-0.17646913225307514,4.0,4.0,63.0,-0.21185601408434038,-0.7118217213312724,nan,1.0,0.3362193362193362,0.0,686.0,686.0,707.0,0.05,0.2,0.6,252.0,1.0,21.0,-0.17735384815284094,0.0,True,high,auto,0.6,252.0,0.5,21.0,0.2,-0.23711034722822122,0.07236665819796317,0.12641151341661616,0.3998942921396576,-0.020994867918882307,0.19095719095719096,-0.18096446891192464,284.0,0.572468885484057,0.8165667035379831,0.7796403575656936,-0.008915968868405849,SPY,SPY,5282.0,requested,1.0,0.15007215007215008,0.008833730918152689,12.930400181550246,,,0.5,0.500082711350042,0.4995324056952662,0.2501634268807964,0.0127422670371228,1.0,1.0,0.6048207738820244,0.6048224077505224,factor_hard,ff,,,,,1.633868498052138e-06,1.0,2026-02-25,10399,2017-11-14,8320,2,8319,0,0.5540903210639954,26.54497595583172,ff_bootstrap_rank,shuffle+noise,critic,20455.86474609375,True,-0.0363113955819202,SPY,-1.8715151907855816,econ_ls_oos_sharpe_uplift_min,-1.8715151907855816,econ_ls_oos_sharpe_uplift_min,economics,0.7438197333537615,0.9911848088411184,True,2080,8320,/local/scratch/asdutta/forward-risk-manager/runs/experiments/turing_econ_large/models/benchmark_resume/ff_bootstrap_rank__seed_7__walk_forward__base__fold_2.pt,True,2,False,True,21,1.3828502808167384,SPY,fold,False,7,goodness_rank,walk_forward,ok,0.51220703125,1024.0,1024.0,ok,1.0,financial_value,17.903961712494493,0.0030545843041573,0.0010180588217022,0.0,0.1624053173576696,0.0378972913102748,0.13651117129323,,0.34088642308703393,42.537889483525205
186.7913808167275,128,cuda,0.2,10400,7,walk_forward,True,1.91302181421494,-0.07164004639783506,0.0,0.293913653684071,0.13941378326316722,0.14799795910465546,0.7488916640062616,-0.022682912633009863,0.5536315536315536,-0.18616014834156513,192.0,0.941998012044085,1.3336207166901124,1.9350946918800895,-0.015096171332346241,-0.41917801312947217,0.003988132945203986,45.37936604209244,-0.004047170660462118,-0.4169404220278298,-0.007118747795731099,-0.265031265031265,-0.10936298603229155,367.0,-0.3337332770296124,-0.4902302169802222,-0.05445692614504649,-0.0021727671516000614,0.07182090752579429,0.07552950197693094,0.7466540729046193,-0.011576031892074777,0.5103415103415103,0.5536315536315536,-0.09619033784467013,185.0,0.9508987302435892,1.3462217859413326,0.7721821223256071,-0.007704202878123791,-0.265031265031265,-0.1246069722239207,0.0,0.45151381394322854,1.0,3434.6201923076924,0.2,0.0,-0.41376269439114804,0.017582272272156196,0.13708738979410273,0.14794614896631134,0.6015742042305104,-0.022296599917268303,0.5605769230769231,-0.2278810973443498,267.0,0.9266032995919262,1.3051170644740817,1.8874908128808547,-0.014560207741904491,-0.04567307692307698,0.1614292724223485,593.0,1.0,4.0,2080.0,-0.12583738245543868,-0.20653547353850565,4.0,4.0,63.0,-0.5929897560777992,-1.1271867828523638,-0.5529385636213067,True,high,auto,-0.7594491712068591,0.012480417570182034,0.03340004118334395,0.1878115098393624,-0.004714327645112105,0.5149038461538461,-0.0664518249220013,860.0,0.3736647359706195,0.5456678932672226,0.10779931344536098,-0.0031760788895822114,0.2,0.0,0.45151381394322854,0.0,0.011384128852322279,1.0,-0.019393175535396545,360.0,2079.0,-0.07229636314819154,-0.12624699341447765,4.0,4.0,63.0,-0.21862831571972963,-0.6453197303791844,nan,1.0,0.5103415103415103,0.0,686.0,686.0,707.0,0.05,0.2,0.6,252.0,1.0,21.0,-0.3248325588301082,0.0,True,low,auto,0.6,252.0,0.5,21.0,0.2,-0.477629147729002,0.06777373686533217,0.10981453435604797,0.32971365087678944,-0.018694779687805876,0.2886002886002886,-0.20555332387696168,552.0,0.6171654532139768,0.8559915689611104,0.7177251961805606,-0.009876970029723852,SPY,SPY,5282.0,requested,1.0,0.1750841750841751,0.005219201302622389,11.293639726054913,,,0.5,0.5034556842504312,0.5031685697115384,0.2500955576819114,0.0099357417537221,1.0,1.0,0.6698310760890737,0.6698873568983639,factor_hard,ff,,,,,5.628080929021007e-05,1.0,2017-11-13,8319,2009-08-12,6240,0,6239,0,0.6296299695968628,33.40994416449863,ff_bootstrap_rank,shuffle+noise,critic,9416.490234375,True,0.1839108831910547,SPY,-1.1271867828523638,econ_ls_oos_sharpe_uplift_min,-1.1271867828523638,econ_ls_oos_sharpe_uplift_min,economics,0.74543764645956,1.0824248804729812,True,2080,6240,/local/scratch/asdutta/forward-risk-manager/runs/experiments/turing_econ_large/models/benchmark_resume/ff_bootstrap_rank__seed_27__walk_forward__base__fold_0.pt,True,2,False,True,21,0.937501631008119,SPY,fold,False,27,goodness_rank,walk_forward,ok,0.5078125,1024.0,1024.0,ok,1.0,financial_value,7.825253860093653,0.0028816428496407,0.0009489509813981,0.0,0.0771807998428311,0.029498054393168,0.0657013756840736,,0.17621082375111152,56.116317550503474
247.2450966542881,128,cuda,0.2,10400,7,walk_forward,True,2.0053395491943027,-0.09634438734687967,0.0,0.2858066471469472,0.15652228416772518,0.1682622493473365,0.4642458638906082,-0.026219077362405703,0.5576923076923077,-0.3371538582077859,187.0,0.9302281692705949,1.29287037673283,2.3210174283049314,-0.015198012026585783,-0.0858246028409505,0.012404362271994044,57.133282981812954,-0.0023725038403443754,-0.05783234917706753,-0.0034909533789644134,-0.3384615384615385,-0.015642741188476528,247.0,-0.277118767322709,-0.28199713472432,-0.030164314233315448,-0.0009530350858175506,0.06255040066118989,0.06625326068051374,0.4362536102267252,-0.010323761711447246,0.39375,0.5576923076923077,-0.14338082068520153,134.0,0.9441105240513403,1.312164659413384,0.6500164031131261,-0.005984217235468152,-0.3384615384615385,-0.1251240788313751,0.0,0.4387359225769387,1.0,4736.323557692308,0.2,0.0,-0.3431192806334792,0.01789265185462511,0.12271276290866728,0.16318887945885627,0.322763497247312,-0.024208781880406045,0.5480769230769231,-0.3801940552609663,319.0,0.7519676788981571,1.0242153397832827,1.5996562253946776,-0.01355296941238373,-0.049038461538461586,0.2617355377496019,948.0,1.0,4.0,2080.0,-0.12720993644589165,-0.265476680490495,4.0,4.0,63.0,-0.7489107499092192,-1.3856761780004918,-0.8077583152243591,True,low,auto,-1.1026757872236514,-0.002411315922707824,0.043220799788142014,-0.02035578338616717,-0.006316130025780938,0.49903846153846154,-0.11845851751136438,1267.0,-0.055790636326202105,-0.07846044744036876,-0.019729730211720975,-0.00390382793588176,0.2,0.0,0.4387359225769387,0.0,0.00964914147650197,1.0,0.17813029633410782,194.0,2080.0,-0.09588338369793811,-0.14507221422302619,4.0,4.0,63.0,-0.3792745341007788,-1.1612131460510386,nan,1.0,0.39375,0.0,687.0,687.0,706.0,0.05,0.2,0.6,252.0,1.0,21.0,-0.2632364125419636,0.0,True,high,auto,0.6,252.0,0.5,21.0,0.2,-0.262702852043766,0.06017789682084551,0.09022284940371335,0.3784212610496577,-0.013814715090411659,0.21923076923076923,-0.15902356187367805,381.0,0.6669917567286313,1.030167524689064,0.6198520888798107,-0.0069372523212857026,SPY,SPY,5282.0,requested,1.0,0.17211538461538461,0.00826075970530008,17.792069087948715,,,0.5,0.4992481081477243,0.4970849898298816,0.2517911467074014,0.0422153457671402,1.0,1.0,0.6632067105349373,0.6631511519936955,factor_hard,ff,,,,,-5.555854124184023e-05,1.0,2021-12-31,9359,2013-09-30,7280,1,7279,0,0.4941951334476471,29.45078800246643,ff_bootstrap_rank,shuffle+noise,critic,14653.26953125,True,-0.0168834106288717,SPY,-1.3856761780004918,econ_ls_oos_sharpe_uplift_min,-1.3856761780004918,econ_ls_oos_sharpe_uplift_min,economics,0.7439382623162186,0.9810831484041715,True,2080,7280,/local/scratch/asdutta/forward-risk-manager/runs/experiments/turing_econ_large/models/benchmark_resume/ff_bootstrap_rank__seed_27__walk_forward__base__fold_1.pt,True,2,False,True,21,3.2210305816248845,SPY,fold,False,27,goodness_rank,walk_forward,ok,0.509765625,1024.0,1024.0,ok,1.0,financial_value,11.080018835142257,0.0029440003528929,0.0009597601891871,0.0,0.117116227710881,0.0333455755269122,0.0990564788732547,,0.2534220426531279,104.06039540474876
312.69989783302145,128,cuda,0.2,10400,7,walk_forward,True,1.914907546043396,-0.08105932432978857,0.0,0.1787887322197645,0.1440889014795741,0.19216395424648355,0.4273683897479617,-0.029406735770725837,0.5536315536315536,-0.337153858207786,488.0,0.749822733636898,1.0536770507662043,2.035939580850879,-0.017749699786558538,-0.18470961242245915,0.00912055409729625,79.75041601993144,-0.026041660558131285,-0.1750769826872502,-0.0026195087645134903,-0.22558922558922556,-0.04652183751759442,559.0,-0.24158810828705557,-0.35919343498699563,-0.3659225289032484,-0.0017937375530990545,0.0890712377079168,0.11544626207496775,0.41773576001275275,-0.017666672908916096,0.6007696007696007,0.5536315536315536,-0.21322387555520173,480.0,0.7715385159034105,1.0841928252115554,1.0216891493844535,-0.01066348005455104,-0.22558922558922556,-0.056558214670453744,0.0,0.48747236681285605,1.0,6919.763347763348,0.2,0.0,-0.04910220645120075,0.02058043029605499,0.07636605783037731,0.18534878393554383,0.20086073617842173,-0.027212840502069728,0.5271765271765272,-0.3801940552609666,962.0,0.4120127265411899,0.5659483184965224,0.8351431735755275,-0.017426587972466916,-0.010582010582010581,0.24967194757102484,-498.0,1.0,4.0,2079.0,-0.06166434506114443,-0.2003082932730642,4.0,4.0,63.0,-0.025244668415941446,-0.6729110269054176,0.0029873522873259395,True,high,auto,0.04856618526293899,0.019807843159923566,0.047729733487854246,0.15175852972722098,-0.006632410206014738,0.5165945165945166,-0.13052210768994177,464.0,0.41500007882851586,0.6145145037594614,0.1756454536640193,-0.004172428891213942,0.2,0.0,0.48747236681285605,0.0,0.013254159081252975,1.0,0.07740814513498984,551.0,2079.0,-0.07591832531143228,-0.12988065120176584,4.0,4.0,63.0,-0.11515312527834612,-0.8344134876677497,nan,1.0,0.6007696007696007,0.0,686.0,686.0,707.0,0.05,0.2,0.6,252.0,1.0,21.0,-0.21987232602054307,0.0,True,low,auto,0.6,252.0,0.5,21.0,0.2,-0.3286776605416446,0.06302957714978552,0.1189348592697268,0.24265877732550256,-0.020286181673429587,0.328042328042328,-0.25974571307279615,1039.0,0.5299504076163549,0.7249993902245597,0.6557666204812052,-0.012457217607650095,SPY,SPY,5282.0,requested,1.0,0.10582010582010581,0.005292482178908443,21.247794138835022,,,0.5,0.5009425522637618,0.5018669101331361,0.2504987738290039,0.0222317869341279,1.0,1.0,1.0727458000183103,1.072814191088957,factor_hard,ff,,,,,6.839107064648964e-05,1.0,2026-02-25,10399,2017-11-14,8320,2,8319,0,0.984231173992157,26.61111250565069,ff_bootstrap_rank,shuffle+noise,critic,20437.85400390625,True,-0.0253869123611254,SPY,-0.6729110269054176,econ_ls_oos_sharpe_uplift_min,-0.6729110269054176,econ_ls_oos_sharpe_uplift_min,economics,0.7410476749218428,0.8896295801492837,True,2080,8320,/local/scratch/asdutta/forward-risk-manager/runs/experiments/turing_econ_large/models/benchmark_resume/ff_bootstrap_rank__seed_27__walk_forward__base__fold_2.pt,True,2,False,True,21,5.3255792284011845,SPY,fold,False,27,goodness_rank,walk_forward,ok,0.5263671875,1024.0,1024.0,ok,1.0,financial_value,16.90805781725794,0.003055291540849,0.0010165424935089,0.0,0.1633451379720981,0.0377789292484521,0.1365185256696378,,0.3417144269245459,114.56990735567533
186.3779328985532,128,cuda,0.2,10400,7,walk_forward,True,1.7072475816522326,-0.04032950833329352,0.0,0.23572181357614666,0.13941378326316722,0.14799795910465546,0.7488916640062616,-0.022682912633009863,0.5536315536315536,-0.18616014834156513,192.0,0.941998012044085,1.3336207166901124,1.9350946918800895,-0.015096171332346241,-0.3124884027674485,0.004430505899216418,45.195893253199756,-0.009934160701434713,-0.31148981261052233,-0.0005992308606765848,-0.11784511784511781,-0.08128010347971026,395.0,-0.0757800731757845,-0.11248632628027311,-0.16800559965945272,-0.00022669265145956914,0.10901843563130842,0.11518071083758177,0.7478930738493355,-0.01765317587311686,0.7782587782587782,0.5536315536315536,-0.14576740906317098,192.0,0.9464990694929564,1.3399930268055038,1.3482526256824654,-0.011748727857496978,-0.11784511784511781,-0.12899539832666673,0.0,0.48883663274874417,1.0,3434.6201923076924,0.2,0.0,-0.5230878347125433,0.017517484925751316,0.13708738979410273,0.14794614896631134,0.6015742042305104,-0.022296599917268303,0.5605769230769231,-0.2278810973443498,267.0,0.9266032995919262,1.3051170644740817,1.8874908128808547,-0.014560207741904491,-0.0475961538461539,0.12478050144299946,194.0,1.0,4.0,2080.0,-0.12976660309815077,-0.17108442457666195,4.0,4.0,63.0,-0.7187484020155205,-2.2188743500341785,-0.6810403148663241,True,high,auto,-0.9565199232658089,0.008091991467436,0.032952814433650016,0.07848636951796721,-0.004779114991516987,0.5129807692307692,-0.10310059590135034,461.0,0.24556298472560212,0.3485971412082728,0.06878474796948542,-0.003244107280992546,0.2,0.0,0.48883663274874417,0.0,0.011316100460911945,1.0,-0.04088736420131611,395.0,2079.0,-0.03966771251421913,-0.10171415098724457,4.0,4.0,63.0,-0.15556016484817473,-0.7521280845516768,nan,1.0,0.7782587782587782,0.0,686.0,686.0,707.0,0.05,0.2,0.6,252.0,1.0,21.0,-0.07127901572691309,0.0,True,low,auto,0.6,252.0,0.5,21.0,0.2,-0.1061140161648817,0.0990842749298737,0.11379592652619794,0.4364032612388131,-0.018252406733793445,0.4357864357864358,-0.22704751254288125,587.0,0.8707189963171719,1.2275067005252307,1.1802470260230127,-0.011975420508956548,SPY,SPY,5282.0,requested,1.0,0.1418951418951419,0.0031207508233896935,11.317966582823772,,,0.5,0.5007411301049354,0.5011663276627218,0.2504575192693128,0.021209758308184,1.0,1.0,0.6354143864968244,0.6354519900153665,factor_hard,ff,,,,,3.760351854209532e-05,1.0,2017-11-13,8319,2009-08-12,6240,0,6239,0,0.721053957939148,33.48641686214965,ff_bootstrap_rank,shuffle+noise,critic,9450.2919921875,True,0.0852061421456153,SPY,-2.2188743500341785,econ_ls_oos_sharpe_uplift_min,-2.2188743500341785,econ_ls_oos_sharpe_uplift_min,economics,0.7446295917642359,1.0582557826626058,True,2080,6240,/local/scratch/asdutta/forward-risk-manager/runs/experiments/turing_econ_large/models/benchmark_resume/ff_bootstrap_rank__seed_47__walk_forward__base__fold_0.pt,True,2,False,True,21,1.3857507661897308,SPY,fold,False,47,goodness_rank,walk_forward,ok,0.52734375,1024.0,1024.0,ok,1.0,financial_value,8.047459667548537,0.0027895834886145,0.0009202499379765,0.0,0.0768324580889347,0.0284476628584065,0.0657145906410807,,0.1747045450150129,52.95094332792321
244.10054354384343,128,cuda,0.2,10400,7,walk_forward,True,1.9729971600206275,-0.09267051294737016,0.0,0.22948531490950197,0.15652228416772518,0.1682622493473365,0.4642458638906082,-0.026219077362405703,0.5576923076923077,-0.3371538582077859,187.0,0.9302281692705949,1.29287037673283,2.3210174283049314,-0.015198012026585783,-0.021322454482813114,0.012152224151629535,57.184427549131215,-0.009301147350736949,0.0035888565487510182,-0.001978345907628536,-0.3004807692307693,0.022348609505314254,528.0,-0.16969608387942914,-0.2560071117093543,-0.12416464073239131,0.00010508777992929673,0.07315291857109196,0.07757860438658447,0.43933455285904405,-0.012088507303147632,0.46105769230769234,0.5576923076923077,-0.16650845715420504,134.0,0.9429522372761603,1.3105548235592772,0.790935577793652,-0.007007160352642195,-0.3004807692307693,-0.11029125177858479,0.0,0.4694325244121392,1.0,4736.323557692308,0.2,0.0,-0.19122492214974152,0.017439473668666595,0.12271276290866728,0.16318887945885627,0.322763497247312,-0.024208781880406045,0.5480769230769231,-0.3801940552609663,319.0,0.7519676788981571,1.0242153397832827,1.5996562253946776,-0.01355296941238373,-0.04086538461538469,0.2857615960308988,107.0,1.0,4.0,2080.0,-0.11250390627014645,-0.22091005577486933,4.0,4.0,63.0,-0.4911094565073838,-0.7099717393723349,-0.47643765344266287,True,low,auto,-0.6274443752895347,0.012421511130082497,0.0450822414346596,0.1315385750975705,-0.0067693082117394505,0.5072115384615384,-0.09443245923006749,426.0,0.2755300254554942,0.396770964493748,0.10726743990161602,-0.004447306865927521,0.2,0.0,0.4694325244121392,0.0,0.009105662546456207,1.0,0.1929940105588951,475.0,2080.0,-0.0913856762731485,-0.16698520655846372,4.0,4.0,63.0,-0.29402709487473455,-1.6865308403309978,nan,1.0,0.46105769230769234,0.0,687.0,687.0,706.0,0.05,0.2,0.6,252.0,1.0,21.0,-0.15697201587386378,0.0,True,high,auto,0.6,252.0,0.5,21.0,0.2,-0.2383226648829071,0.06385177122035501,0.08257518668279497,0.44292340940779507,-0.014066853210776168,0.25721153846153844,-0.14415984764889078,662.0,0.7732561533967311,1.054547711849923,0.6667709370612607,-0.006902072572712898,SPY,SPY,5282.0,requested,1.0,0.1389423076923077,0.008295939453872884,17.504513578247607,,,0.5,0.5003007569756612,0.4997249445266272,0.2501828275042028,0.0131996442254331,1.0,1.0,0.5638207652989555,0.5637957453727722,factor_hard,ff,,,,,-2.5019926183311725e-05,1.0,2021-12-31,9359,2013-09-30,7280,1,7279,0,0.6167133450508118,29.82596740242816,ff_bootstrap_rank,shuffle+noise,critic,14627.11181640625,True,0.0638051797838048,SPY,-0.7099717393723349,econ_ls_oos_sharpe_uplift_min,-0.7099717393723349,econ_ls_oos_sharpe_uplift_min,economics,0.7454171372087378,1.009637989234506,True,2080,7280,/local/scratch/asdutta/forward-risk-manager/runs/experiments/turing_econ_large/models/benchmark_resume/ff_bootstrap_rank__seed_47__walk_forward__base__fold_1.pt,True,2,False,True,21,2.480727562988013,SPY,fold,False,47,goodness_rank,walk_forward,ok,0.52392578125,1024.0,1024.0,ok,1.0,financial_value,11.078945345245302,0.0028907093068323,0.000949610772608,0.0,0.1166657922552539,0.032642418021957,0.0990290826047656,,0.25217761296141683,102.16305606908963
307.48946271508345,128,cuda,0.2,10400,7,walk_forward,True,2.186128551409795,-0.04178136832715218,0.0,0.1840211070592794,0.1440889014795741,0.19216395424648355,0.4273683897479617,-0.029406735770725837,0.5536315536315536,-0.337153858207786,488.0,0.749822733636898,1.0536770507662043,2.035939580850879,-0.017749699786558538,-0.0636255269944499,0.004698134929975249,77.53990533668548,0.020946474495496137,-0.05260291033663439,-0.008626129185476287,-0.2472342472342472,-0.08584630169913143,-167.0,-0.12444577261348821,-0.1485230896353794,0.3269662337094994,-0.0037335935444104355,0.08136105865692578,0.10509399517953431,0.4163457730901462,-0.0160824716552743,0.5468975468975469,0.5536315536315536,-0.1954170401516474,480.0,0.7741741906179791,1.0878965672234246,0.9065951730790909,-0.009707267271436774,-0.2472342472342472,-0.07885089754309593,0.0,0.4569113026238485,1.0,6919.763347763348,0.2,0.0,-0.22733916675527258,0.021913285939301877,0.07636605783037731,0.18534878393554383,0.20086073617842173,-0.027212840502069728,0.5271765271765272,-0.3801940552609666,962.0,0.4120127265411899,0.5659483184965224,0.8351431735755275,-0.017426587972466916,-0.03126503126503127,0.2863501355654001,-41.0,1.0,4.0,2079.0,-0.08411233336464544,-0.23508926278406017,4.0,4.0,63.0,-0.5309414505119058,-0.9252086566797166,-0.4812487357193057,True,high,auto,-0.6637886085613194,-0.002484839712718623,0.03588941278123283,-0.026478430576850842,-0.00529955456276785,0.4959114959114959,-0.09384391969556649,921.0,-0.0692360091781158,-0.09784029006479696,-0.020316226427159134,-0.0031825397440793934,0.2,0.0,0.4569113026238485,0.0,0.014244048228387523,1.0,0.05589051635700715,-175.0,2079.0,-0.044167326482370095,-0.18678812438120418,4.0,4.0,63.0,-0.07997436505446692,-0.6904036467096769,nan,1.0,0.5468975468975469,0.0,686.0,686.0,707.0,0.05,0.2,0.6,252.0,1.0,21.0,-0.10009431563240712,0.0,True,low,auto,0.6,252.0,0.5,21.0,0.2,-0.11430357317815909,0.10230753315242191,0.15746199537745134,0.3637428627535118,-0.024708600840750588,0.3063973063973064,-0.28126334185077884,313.0,0.6497284180044909,0.9393734775880452,1.2335614067885903,-0.01344086081584721,SPY,SPY,5282.0,requested,1.0,0.1091871091871092,0.004308838970711328,21.61016441785372,,,0.5,0.5000814499768267,0.4992203679733727,0.2504887667949238,0.0220003150977518,1.0,1.0,0.7340938308659721,0.7340967269504771,factor_hard,ff,,,,,2.896084504988572e-06,1.0,2026-02-25,10399,2017-11-14,8320,2,8319,0,0.6458519697189331,27.05940983506478,ff_bootstrap_rank,shuffle+noise,critic,20476.38427734375,True,0.0661730622459995,SPY,-0.9252086566797166,econ_ls_oos_sharpe_uplift_min,-0.9252086566797166,econ_ls_oos_sharpe_uplift_min,economics,0.745217532148728,1.0469416604133752,True,2080,8320,/local/scratch/asdutta/forward-risk-manager/runs/experiments/turing_econ_large/models/benchmark_resume/ff_bootstrap_rank__seed_47__walk_forward__base__fold_2.pt,True,2,False,True,21,9.299388963259185,SPY,fold,False,47,goodness_rank,walk_forward,ok,0.52392578125,1024.0,1024.0,ok,1.0,financial_value,15.99238432943821,0.0029152994019051,0.0009762681386648,0.0,0.1624231884456597,0.0381524294084654,0.1363286981058235,,0.3407958835005185,122.0614743394118
182.99885140104516,128,cuda,0.2,10400,7,walk_forward,,,-0.0547270042426526,0.0,0.1427062668335091,0.1394137832631672,0.1479979591046554,0.7488916640062616,-0.0226829126330098,0.5536315536315536,-0.1861601483415651,192.0,0.941998012044085,1.3336207166901124,1.935094691880089,-0.0150961713323462,-0.1384466878335792,0.0049396519392142,0.1050307648256421,-0.0104283960616953,-0.1369844527039568,-0.0023703776250554,-0.1765271765271764,-0.0114731907307916,200.0,-0.1692259413517921,-0.2390827919941438,-0.1606210949991877,-0.0010798427620169,0.0951151750822099,0.1003026091286481,0.7474294288766392,-0.0153728830687402,0.6777296777296777,0.5536315536315536,-0.1272563955973271,192.0,0.948282162433234,1.342517416087152,1.1161347824979737,-0.010231123332023,-0.1765271765271764,,,,,,,,,,,,,,,,,,,,,,,,,,,,,,,,,,,,,,,,,,,,,,,,,,,,,,,1.0,0.0474305620134463,200.0,2079.0,-0.0554846080328039,-0.1097808367296022,4.0,4.0,63.0,-0.2228302016169143,-0.5691184445649924,,1.0,0.6777296777296777,0.0,686.0,686.0,707.0,0.05,0.2,0.6,252.0,1.0,21.0,-0.1629417909626431,0.0,True,low,auto,0.6,252.0,0.5,21.0,0.2,-0.2301860925971042,0.0846867790205145,0.1087043229087589,0.6104449761726823,-0.0177432606937956,0.3771043771043771,-0.1387295863281188,392.0,0.7790562210814418,1.1034346240930082,0.955513687498786,-0.0113109660940399,SPY,SPY,5282.0,requested,1.0,0.0856180856180856,0.0037852052383062,,,,,,,,,,,,,,supervised_return,0.0813376941131909,5.267290217660476,28.64083005894657,0.1279728559324324,,,2017-11-13,8319,2009-08-12,6240,0,6239,0,,34.10533312861608,backprop_supervised_return,,regressor,8755.46630859375,False,,,-0.1692259413517921,econ_exposure_adjusted_sharpe_uplift,-0.1692259413517921,econ_exposure_adjusted_sharpe_uplift,economics,,,,,,/local/scratch/asdutta/forward-risk-manager/runs/experiments/turing_econ_large/models/benchmark_resume/backprop_supervised_return__seed_7__walk_forward__base__fold_0.pt,True,2,False,True,21,0.6266363236825077,SPY,fold,False,7,return_forecast,walk_forward,ok,,,,,,financial_value,0.1050307648256421,0.0,0.002233852942151,0.0,0.0147037579411906,0.0,0.0243125533371479,,0.0412501642204895,
242.42095669976584,128,cuda,0.2,10400,7,walk_forward,,,-0.0431539309517485,0.0,0.1491181365535023,0.1565222841677251,0.1682622493473365,0.4642458638906082,-0.0262190773624057,0.5576923076923077,-0.3371538582077859,187.0,0.9302281692705948,1.29287037673283,2.3210174283049314,-0.0151980120265857,0.5500205499697388,0.0101882527003395,0.0978026865050196,0.0165662209888648,0.5679878410649659,1.575489675234923e-05,-0.2110576923076923,0.105135914426156,204.0,0.2275957728275378,0.3178903589733406,0.282398449253284,0.0004951782198169,0.0968021322271117,0.1029797324130574,0.4462785727953811,-0.0160465795588184,0.6120192307692308,0.5576923076923077,-0.216909657169437,187.0,0.9400114950661655,1.306467655900303,1.1439645459485537,-0.0093014756297325,-0.2110576923076923,,,,,,,,,,,,,,,,,,,,,,,,,,,,,,,,,,,,,,,,,,,,,,,,,,,,,,,1.0,0.2253801154645048,204.0,2080.0,-0.0406975404190777,-0.1087047619408569,4.0,4.0,63.0,0.1408529035216153,-0.7510404145310117,,1.0,0.6120192307692308,0.0,687.0,687.0,706.0,0.05,0.2,0.6,252.0,1.0,21.0,0.2373790986231085,0.0,True,low,auto,0.6,252.0,0.5,21.0,0.2,0.3314876381408136,0.1133683532159766,0.0970945936474741,1.014266413860347,-0.0160308246620661,0.3466346153846154,-0.111773742743281,391.0,1.1676072678937035,1.6243580148736436,1.4263629952018375,-0.0088062974099156,SPY,SPY,5282.0,requested,1.0,0.0899038461538461,0.0063917146166701,,,,,,,,,,,,,,supervised_return,0.2357972781304562,2.4899107075852958,7.029143589730937,0.2063056730764563,,,2021-12-31,9359,2013-09-30,7280,1,7279,0,,30.03320461849122,backprop_supervised_return,,regressor,13570.00537109375,False,,,0.2275957728275378,econ_exposure_adjusted_sharpe_uplift,0.2275957728275378,econ_exposure_adjusted_sharpe_uplift,economics,,,,,,/local/scratch/asdutta/forward-risk-manager/runs/experiments/turing_econ_large/models/benchmark_resume/backprop_supervised_return__seed_7__walk_forward__base__fold_1.pt,True,2,False,True,21,5.7766990682535,SPY,fold,False,7,return_forecast,walk_forward,ok,,,,,,financial_value,0.0978026865050196,0.0,0.0023261698738982,0.0,0.0228280032110776,0.0,0.0371017235952119,,0.062255896680187696,
306.1996434136833,128,cuda,0.2,10400,7,walk_forward,,,-0.0573451499397474,0.0,0.1052611111345674,0.1440889014795741,0.1921639542464835,0.4273683897479617,-0.0294067357707258,0.5536315536315536,-0.337153858207786,488.0,0.749822733636898,1.0536770507662043,2.035939580850879,-0.0177496997865585,0.0642178811334229,0.0105424540351088,0.0931479921564459,-0.0052709278609328,0.0733219078390549,-0.0005893887025348,-0.2053872053872053,0.043534855885303,62.0,0.0046915857204863,-0.018653799011381,-0.0808925605735,-0.0001533843020652,0.0920146794007594,0.1194207931151788,0.4182643630423296,-0.0182748930330821,0.6214526214526215,0.5536315536315536,-0.2199916787829406,480.0,0.770508024611872,1.0827447429166344,1.0672115859174278,-0.0110305974623538,-0.2053872053872053,,,,,,,,,,,,,,,,,,,,,,,,,,,,,,,,,,,,,,,,,,,,,,,,,,,,,,,1.0,0.1606970353101483,54.0,2079.0,-0.0572172076082021,-0.1375256869008176,4.0,4.0,63.0,-0.0238824808469687,-0.6237588137340468,,1.0,0.6214526214526215,0.0,686.0,686.0,707.0,0.05,0.2,0.6,252.0,1.0,21.0,0.0253768766954602,0.0,True,low,auto,0.6,252.0,0.5,21.0,0.2,0.0104138931390489,0.0867437515398266,0.1118986005457822,0.4915862708813846,-0.018864281735617,0.3482443482443482,-0.1764568228976376,542.0,0.7751996103323583,1.0640909439052533,0.9863190253439278,-0.0111839817644191,SPY,SPY,5282.0,requested,1.0,0.0625300625300625,0.0065657180221394,,,,,,,,,,,,,,supervised_return,0.2540890299557817,4.8952680075565,25.548404606105663,0.2525031140361845,,,2026-02-25,10399,2017-11-14,8320,2,8319,0,,27.17396001748806,backprop_supervised_return,,regressor,18813.54345703125,False,,,0.0046915857204863,econ_exposure_adjusted_sharpe_uplift,0.0046915857204863,econ_exposure_adjusted_sharpe_uplift,economics,,,,,,/local/scratch/asdutta/forward-risk-manager/runs/experiments/turing_econ_large/models/benchmark_resume/backprop_supervised_return__seed_7__walk_forward__base__fold_2.pt,True,2,False,True,21,2.632440268443181,SPY,fold,False,7,return_forecast,walk_forward,ok,,,,,,financial_value,0.0931479921564459,0.0,0.0023292252930024,0.0,0.0315252464164335,0.0,0.0510609464411838,,0.0849154181506197,
182.99588178857965,128,cuda,0.2,10400,7,walk_forward,,,-0.0526799699403799,0.0,0.202986586521804,0.1394137832631672,0.1479979591046554,0.7488916640062616,-0.0226829126330098,0.5536315536315536,-0.1861601483415651,192.0,0.941998012044085,1.3336207166901124,1.935094691880089,-0.0150961713323462,-0.2889739076720753,0.0031118885606969,0.1068115923553705,0.006124508165473,-0.2870279651844408,-0.0065657177430451,-0.2376142376142375,-0.0806669274186588,252.0,-0.2322430280070758,-0.322174502824248,0.0904814400210587,-0.0030670667446225,0.0806093051573142,0.0848550107035831,0.7469457215186271,-0.0130053063292678,0.5733525733525734,0.5536315536315536,-0.107918557982267,192.0,0.9499651757619824,1.344900119036614,0.8956877307917623,-0.008655428681172,-0.2376142376142375,,,,,,,,,,,,,,,,,,,,,,,,,,,,,,,,,,,,,,,,,,,,,,,,,,,,,,,1.0,-0.0024253370593607,252.0,2079.0,-0.0531122870219344,-0.0965823016972391,4.0,4.0,63.0,-0.2080406878154888,-0.7572661029554697,,1.0,0.5733525733525734,0.0,686.0,686.0,707.0,0.05,0.2,0.6,252.0,1.0,21.0,-0.2242758642891783,0.0,True,low,auto,0.6,252.0,0.5,21.0,0.2,-0.3108951004777465,0.0867338133227872,0.1208459479676052,0.4599177563341863,-0.0195710240723129,0.316017316017316,-0.1885854854009259,444.0,0.7177221477549066,1.022725616212366,0.9861691708128212,-0.0117224954257946,SPY,SPY,5282.0,requested,1.0,0.1216931216931216,0.0033736759065516,,,,,,,,,,,,,,supervised_return,-0.0341519072479472,2.0933201984367384,5.012676368457168,-0.0789990661404548,,,2017-11-13,8319,2009-08-12,6240,0,6239,0,,34.1009848185105,backprop_supervised_return,,regressor,8755.46630859375,False,,,-0.2322430280070758,econ_exposure_adjusted_sharpe_uplift,-0.2322430280070758,econ_exposure_adjusted_sharpe_uplift,economics,,,,,,/local/scratch/asdutta/forward-risk-manager/runs/experiments/turing_econ_large/models/benchmark_resume/backprop_supervised_return__seed_27__walk_forward__base__fold_0.pt,True,2,False,True,21,1.0592361809343709,SPY,fold,False,27,return_forecast,walk_forward,ok,,,,,,financial_value,0.1068115923553705,0.0,0.0022597678975031,0.0,0.0147690457748059,0.0,0.0244263519628011,,0.041455165635110106,
243.3808472573169,128,cuda,0.2,10400,7,walk_forward,,,-0.0212750252921873,0.0,0.3145339838515661,0.1565222841677251,0.1682622493473365,0.4642458638906082,-0.0262190773624057,0.5576923076923077,-0.3371538582077859,187.0,0.9302281692705948,1.29287037673283,2.3210174283049314,-0.0151980120265857,-0.0031059877307619,0.0044748317125175,0.0974338632076978,0.0488902182135906,0.0179404349597397,-0.007449806357115,-0.2509615384615384,-0.0984398483070502,174.0,0.0126810635058672,0.0410372365290223,0.868001078510636,-0.001372472402911,0.0863570406619471,0.0917352840191728,0.4431994412001065,-0.0142944392927731,0.5451923076923076,0.5576923076923077,-0.1948491641327602,134.0,0.9413721403413146,1.3083587381396862,0.9811463610479658,-0.0082858392491097,-0.2509615384615384,,,,,,,,,,,,,,,,,,,,,,,,,,,,,,,,,,,,,,,,,,,,,,,,,,,,,,,1.0,0.0438648457679754,121.0,2080.0,-0.0197034234619876,-0.0645313502954072,4.0,4.0,63.0,0.105339635881783,-0.2429307163172763,,1.0,0.5451923076923076,0.0,687.0,687.0,706.0,0.05,0.2,0.6,252.0,1.0,21.0,0.0238250345765869,0.0,True,low,auto,0.6,252.0,0.5,21.0,0.2,0.0565255979358785,0.1352472588755378,0.1417607092876566,0.4611398761598462,-0.0217442456498882,0.3067307692307692,-0.2932890124398104,308.0,0.9540532038471818,1.3493959746687083,1.8491474395586016,-0.0096583116520207,SPY,SPY,5282.0,requested,1.0,0.1889423076923077,0.005539700374565,,,,,,,,,,,,,,supervised_return,-0.1688912812142737,0.8470845148986812,1.2409361363775069,-0.1293086631986199,,,2021-12-31,9359,2013-09-30,7280,1,7279,0,,29.914695330658823,backprop_supervised_return,,regressor,13570.00537109375,False,,,0.0126810635058672,econ_exposure_adjusted_sharpe_uplift,0.0126810635058672,econ_exposure_adjusted_sharpe_uplift,economics,,,,,,/local/scratch/asdutta/forward-risk-manager/runs/experiments/turing_econ_large/models/benchmark_resume/backprop_supervised_return__seed_27__walk_forward__base__fold_1.pt,True,2,False,True,21,0.4458429243350238,SPY,fold,False,27,return_forecast,walk_forward,ok,,,,,,financial_value,0.0974338632076978,0.0,0.002326748598563,0.0,0.022988326461136,0.0,0.0372832054688938,,0.0625982805285928,
307.03284456046595,128,cuda,0.2,10400,7,walk_forward,,,-0.0961349432181606,0.0,0.1421719100938554,0.1440889014795741,0.1921639542464835,0.4273683897479617,-0.0294067357707258,0.5536315536315536,-0.337153858207786,488.0,0.749822733636898,1.0536770507662043,2.035939580850879,-0.0177496997865585,-0.0927226448461056,0.0147345233108858,0.0880433274433016,-0.0104833456435655,-0.0775281012396902,-0.003229187333088,-0.3376623376623376,-0.0015193862119405,85.0,-0.2284862104687567,-0.3257356370361147,-0.1259579817205951,-0.0005720497697078,0.058437303904979,0.074776642128622,0.4121738461415463,-0.0114430251267519,0.3891293891293891,0.5536315536315536,-0.1417782919804932,392.0,0.7814914155206653,1.098178986799928,0.5976711293925445,-0.0069069298351735,-0.3376623376623376,,,,,,,,,,,,,,,,,,,,,,,,,,,,,,,,,,,,,,,,,,,,,,,,,,,,,,,1.0,0.1938561800153522,-11.0,2079.0,-0.0988453600866919,-0.1777813569866442,4.0,4.0,63.0,-0.2555039712354435,-0.7124632902485415,,1.0,0.3891293891293891,0.0,686.0,686.0,707.0,0.05,0.2,0.6,252.0,1.0,21.0,-0.1968175285849894,0.0,True,high,auto,0.6,252.0,0.5,21.0,0.2,-0.2812337010023912,0.0479539582614134,0.0867152023585604,0.3346457449018561,-0.0146722124598399,0.2159692159692159,-0.1432976781924337,477.0,0.5530052050519085,0.7724433497638131,0.4717131476719494,-0.0074789796048813,SPY,SPY,5282.0,requested,1.0,0.0851370851370851,0.0102707201816771,,,,,,,,,,,,,,supervised_return,-0.2001477959461806,5.1392969596198,28.701467914675064,-0.2029703964582642,,,2026-02-25,10399,2017-11-14,8320,2,8319,0,,27.099957009292652,backprop_supervised_return,,regressor,18813.54345703125,False,,,-0.2284862104687567,econ_exposure_adjusted_sharpe_uplift,-0.2284862104687567,econ_exposure_adjusted_sharpe_uplift,economics,,,,,,/local/scratch/asdutta/forward-risk-manager/runs/experiments/turing_econ_large/models/benchmark_resume/backprop_supervised_return__seed_27__walk_forward__base__fold_2.pt,True,2,False,True,21,4.002898391393515,SPY,fold,False,27,return_forecast,walk_forward,ok,,,,,,financial_value,0.0880433274433016,0.0,0.0023701001689411,0.0,0.0310049867601348,0.0,0.0506736311603051,,0.084048718089381,
183.46152223955448,128,cuda,0.2,10400,7,walk_forward,,,-0.0338560730564347,0.0,0.1743167527737727,0.1394137832631672,0.1479979591046554,0.7488916640062616,-0.0226829126330098,0.5536315536315536,-0.1861601483415651,192.0,0.941998012044085,1.3336207166901124,1.935094691880089,-0.0150961713323462,-0.1597730068826279,0.0030062615070621,0.0987675907090306,0.0294404401044843,-0.157677795182165,-0.0074023477531069,-0.2554112554112553,-0.0772539752947851,251.0,-0.0837319224502963,-0.0937275745520298,0.4568310496851764,-0.0033355482859676,0.0761172701022481,0.0800854757059823,0.7467964523057987,-0.0122743033728408,0.5411255411255411,0.5536315536315536,-0.1019250558398201,191.0,0.9504503710722436,1.3455870276172393,0.8316467100566778,-0.0081689238811397,-0.2554112554112553,,,,,,,,,,,,,,,,,,,,,,,,,,,,,,,,,,,,,,,,,,,,,,,,,,,,,,,1.0,0.0069811172069598,250.0,2079.0,-0.0343603239762972,-0.10566276758231,4.0,4.0,63.0,-0.062592863205479,-0.4783073642877667,,1.0,0.5411255411255411,0.0,686.0,686.0,707.0,0.05,0.2,0.6,252.0,1.0,21.0,-0.0752795634221377,0.0,True,low,auto,0.6,252.0,0.5,21.0,0.2,-0.0817612636249029,0.1055577102067324,0.121790081167149,0.5891186571236336,-0.0196766511259477,0.2982202982202982,-0.1791790311346053,442.0,0.8667184486219472,1.2518594530652094,1.2884777597418542,-0.0115044721671073,SPY,SPY,5282.0,requested,1.0,0.1053391053391053,0.0035916991652388,,,,,,,,,,,,,,supervised_return,-0.0995152825650299,3.9953065127135066,16.828037876607866,-0.1613537235409227,,,2017-11-13,8319,2009-08-12,6240,0,6239,0,,34.01592827978046,backprop_supervised_return,,regressor,8755.46630859375,False,,,-0.0837319224502963,econ_exposure_adjusted_sharpe_uplift,-0.0837319224502963,econ_exposure_adjusted_sharpe_uplift,economics,,,,,,/local/scratch/asdutta/forward-risk-manager/runs/experiments/turing_econ_large/models/benchmark_resume/backprop_supervised_return__seed_47__walk_forward__base__fold_0.pt,True,2,False,True,21,0.5949154948511598,SPY,fold,False,47,return_forecast,walk_forward,ok,,,,,,financial_value,0.0987675907090306,0.0,0.0022245111476097,0.0,0.0147065294231763,0.0,0.0243398338746355,,0.041270874445421504,
247.4455699749095,128,cuda,0.2,10400,7,walk_forward,,,-0.1052514508222761,0.0,0.1386416272870434,0.1565222841677251,0.1682622493473365,0.4642458638906082,-0.0262190773624057,0.5576923076923077,-0.3371538582077859,187.0,0.9302281692705948,1.29287037673283,2.3210174283049314,-0.0151980120265857,-0.0893212187130501,0.0126972160681392,0.0943244192749261,-0.0093069797996421,-0.0607579751601091,-0.0035258380498493,-0.3375,0.0022914497409249,358.0,-0.2897607496730139,-0.4371699032506477,-0.1140162821305237,-0.0003763562277101,0.0605778131450911,0.064149982563672,0.4356826203376672,-0.0099960232444171,0.38125,0.5576923076923077,-0.1390411513274078,134.0,0.9443153485656004,1.3124493331694187,0.6249024540919799,-0.0057942420851358,-0.3375,,,,,,,,,,,,,,,,,,,,,,,,,,,,,,,,,,,,,,,,,,,,,,,,,,,,,,,1.0,0.200404156621303,305.0,2080.0,-0.1056040517852365,-0.1787868145433193,4.0,4.0,63.0,-0.3512729666990886,-1.2333676346640634,,1.0,0.38125,0.0,687.0,687.0,706.0,0.05,0.2,0.6,252.0,1.0,21.0,-0.2756735703780084,0.0,True,high,auto,0.6,252.0,0.5,21.0,0.2,-0.417590946814059,0.051270833345449,0.0783293455308266,0.3749246451775581,-0.0135218612942664,0.2201923076923077,-0.1367497015864828,492.0,0.6545545988925865,0.875279429918771,0.5108861719614561,-0.0061705983128459,SPY,SPY,5282.0,requested,1.0,0.0846153846153846,0.0090274137137398,,,,,,,,,,,,,,supervised_return,-0.2127902061543943,5.893504958522652,36.661520909607326,-0.2249555326891044,,,2021-12-31,9359,2013-09-30,7280,1,7279,0,,29.42441823115776,backprop_supervised_return,,regressor,13570.00537109375,False,,,-0.2897607496730139,econ_exposure_adjusted_sharpe_uplift,-0.2897607496730139,econ_exposure_adjusted_sharpe_uplift,economics,,,,,,/local/scratch/asdutta/forward-risk-manager/runs/experiments/turing_econ_large/models/benchmark_resume/backprop_supervised_return__seed_47__walk_forward__base__fold_1.pt,True,2,False,True,21,4.940801991914448,SPY,fold,False,47,return_forecast,walk_forward,ok,,,,,,financial_value,0.0943244192749261,0.0,0.0023332399038369,0.0,0.0226287849304642,0.0,0.0369221916242519,,0.061884216458553,
315.9865886378347,128,cuda,0.2,10400,7,walk_forward,,,-0.0670941810355394,0.0,0.3462490945659833,0.1440889014795741,0.1921639542464835,0.4273683897479617,-0.0294067357707258,0.5536315536315536,-0.337153858207786,488.0,0.749822733636898,1.0536770507662043,2.035939580850879,-0.0177496997865585,-0.0082108939670662,0.0087681323607253,0.1100340774282813,-0.0048500396945521,0.002724304201237,-0.0044571191763735,-0.2491582491582491,0.0128483155567769,-37.0,-0.1461611316471164,-0.2157834860689148,-0.0696379338553285,-0.0022088602812416,0.0818447601385867,0.1057410118604988,0.4164331915796584,-0.0161814842336269,0.5502645502645502,0.5536315536315536,-0.1965375522256632,480.0,0.7740115088605567,1.087667961145368,0.9136424837889068,-0.0097670305703814,-0.2491582491582491,,,,,,,,,,,,,,,,,,,,,,,,,,,,,,,,,,,,,,,,,,,,,,,,,,,,,,,1.0,0.1534646215388996,-45.0,2079.0,-0.0673242824073126,-0.1385814976267703,4.0,4.0,63.0,-0.1128746877902821,-0.5424895609384265,,1.0,0.5502645502645502,0.0,686.0,686.0,707.0,0.05,0.2,0.6,252.0,1.0,21.0,-0.1219723564234577,0.0,True,low,auto,0.6,252.0,0.5,21.0,0.2,-0.181792575689751,0.0769947204440346,0.1226322755204143,0.4191574957808955,-0.0206386034100004,0.3044733044733044,-0.1836892366688863,443.0,0.6278503772134403,0.8718844750764533,0.8440045499335782,-0.011975890851623,SPY,SPY,5282.0,requested,1.0,0.2058682058682058,0.0057738089349355,,,,,,,,,,,,,,supervised_return,0.3111675162517407,0.751509469344268,1.0443057381297114,0.2303299061671189,,,2026-02-25,10399,2017-11-14,8320,2,8319,0,,26.34136533112565,backprop_supervised_return,,regressor,18812.54345703125,False,,,-0.1461611316471164,econ_exposure_adjusted_sharpe_uplift,-0.1461611316471164,econ_exposure_adjusted_sharpe_uplift,economics,,,,,,/local/scratch/asdutta/forward-risk-manager/runs/experiments/turing_econ_large/models/benchmark_resume/backprop_supervised_return__seed_47__walk_forward__base__fold_2.pt,True,2,False,True,21,1.3069260849860995,SPY,fold,False,47,return_forecast,walk_forward,ok,,,,,,financial_value,0.1100340774282813,0.0,0.0045520291226701,0.0,0.0320412379746826,0.0,0.052055903548518,,0.0886491706458707,
