ticker,num_pairs,num_points,corr_real_hall,mae,rmse,kl_divergence,js_divergence,tail_abs_p99_real,tail_abs_p99_hall,tail_ratio_p99
PATH,1,20,0.7179232678224945,0.05218658581,0.05321774065834328,15.951440440797407,0.4582081954881946,0.07714445489999999,0.133337065,1.728407636982344
CDKVV,1,20,0.7923690588820242,0.024003799161,0.02479145222319474,8.803435527067487,0.3238551711081018,0.09400332459999994,0.07512587219999999,0.7991831408056395
VICR,25,500,0.7826944499775506,0.016503717633978003,0.04109838059201631,0.27456111457311483,0.03708299678332766,0.1488158263999993,0.20751632999999997,1.3944506778615111
ENPH,13,260,0.8805241520320573,0.014452675936307693,0.02666208666353957,0.24238231387000064,0.05498552198518031,0.1440799323000006,0.1613206043000002,1.119660467108642
RLGY,8,160,0.8452604273124397,0.014384222501500002,0.03060107133304668,0.6063616618128885,0.05584330416642819,0.25985026,0.25985026,1.0
BRKS,7,140,0.8903237933361328,0.013030349361928572,0.018896539010923547,1.575266089189346,0.087710157409213,0.08799847939999995,0.10768678694999968,1.2237346336464052
WTW,5,100,0.8530049035101328,0.0127333277312,0.02036134174280312,0.8825393762008625,0.10447793563822189,0.08744448,0.08955684690000015,1.024156663748245
MIME,5,100,0.7545080052361709,0.012558029268924,0.02070544107887254,2.577097752068596,0.1135740082953795,0.0592602027,0.10321247766000001,1.7416828319421191
BKS,16,320,0.860132617084953,0.012073592652062499,0.030772987642354515,0.20040322468821398,0.03279043205584031,0.16275703410000006,0.18131517580000003,1.114023592298921
DNR,19,380,0.8863294525691049,0.011933356929661864,0.027341146480094957,0.08806306903987361,0.013203786113285694,0.12777830399999984,0.14129837159999953,1.1058087889474546
FLG,2,40,0.7941332990004926,0.01072641507348025,0.01591381115329499,6.084634280647242,0.2254629843903784,0.05708889945999999,0.06903132903999998,1.2091900473290362
EK,5,100,0.9962625522079256,0.01010265037,0.015544550577271934,0.6670877640296194,0.04841842001225187,0.7672552,0.7425727011,0.9678301314868898
STAA,34,680,0.9127722291269758,0.009336550539777467,0.01724092845276237,0.10306441944728027,0.017355053874159695,0.10878602,0.11924300646000036,1.0961243591777727
RUN,53,1060,0.9336720627924202,0.009243514482902815,0.019519953826282965,0.07114386706972174,0.01223615704004788,0.14644054410000001,0.15635713790000014,1.067717542712955
SITM,23,460,0.9248488243523244,0.008821045870065217,0.02093269201256921,0.17943377872138563,0.014505830949183073,0.1442195382,0.16534301749999944,1.1464675283504648
PEGA,5,100,0.8731918623026462,0.008458858873856613,0.01802510586113435,1.326059976885342,0.08377152273592145,0.13949516,0.13949516,1.0
NTNX,5,100,0.8982119492680074,0.0083147670744,0.014890755181873187,0.4000438026021829,0.06716714712949767,0.06342245797000068,0.09518910140000048,1.5008737353734487
KWK,14,280,0.933109960865573,0.00822906861805121,0.017968791600817106,0.17407020231858888,0.01815438736906593,0.11969238354999949,0.14176706969999975,1.184428494907355
ESV,39,780,0.9091102523736836,0.008152278786563234,0.0185574327695656,0.05994419024557501,0.012054818253076183,0.10903461195000053,0.12776956330000017,1.171825725931788
MDR,13,260,0.958590473633177,0.007674570609241657,0.012704973495828425,0.1940069275573939,0.020011595028511915,0.11545391680000013,0.11718775436000016,1.015017572448439
ERI,19,380,0.9687753039104855,0.007492752716623684,0.018080854029609114,0.048508945163855025,0.013895771656828395,0.32002652229999917,0.3621176316999992,1.1315238158934309
NARI,33,660,0.9133903173038574,0.007376084370047806,0.01755067141088388,0.045174360289006815,0.01278980665478795,0.18594316,0.18862808369999978,1.0144394862386967
GMCR,19,380,0.9441348965505487,0.0073222828724061545,0.017314566009691612,0.13205081112867076,0.016319960013282994,0.1385604134999994,0.13578220819999942,0.9799495019549722
CRK,5,100,0.9747270729347886,0.007297953774,0.011589457974534602,1.5050844457192625,0.12657474958735118,0.10916309824000013,0.10666207540000013,0.977089118206398
WFR,9,180,0.9770920561331027,0.0072709831897777785,0.014966109343687079,0.38612943756510887,0.03579258548311178,0.28256696,0.2706936033,0.9579803785269162
AFG,150,3000,0.9461535998601764,0.007194919094199153,0.00874270900319767,0.18477167073611234,0.03386974263868633,0.0635247865999998,0.06918278333999991,1.089067544226904
FOXF,52,1040,0.8445508092756984,0.007060647372355768,0.020571997287392858,0.07040473988742729,0.013053131725494648,0.11177192854,0.12679060669999945,1.1343689632645526
ROSE,20,400,0.8220682479586944,0.006891303317753348,0.016875790850105342,0.10175979721440725,0.0182205776040111,0.08225976499999997,0.10147842159999992,1.2336337406264164
DV,39,780,0.8102869820133131,0.006886964241456628,0.018443736478926435,0.060823530860325596,0.018558865594029285,0.1325232102000003,0.1399523310000002,1.0560590162944898
QSFT,12,240,0.8312726232321527,0.006803999282833334,0.019873205138580163,0.0883501440001776,0.027389860277183067,0.0943163269999999,0.09706764579999996,1.0291711826309784
HBI,49,980,0.8116135658514432,0.006667515630138776,0.021770541415331506,0.03638041869647451,0.011853832249478152,0.08043146110000006,0.13441757500000007,1.671206430439941
RYAM,7,140,0.8555031226130048,0.006630044259214286,0.01491299419934913,1.5868077397387024,0.08663177103097996,0.10166031609999973,0.10496065704999966,1.0324643978753076
CSC,16,320,0.900511343148348,0.006528746137314856,0.012776767609679262,0.20917679585745977,0.033774588654737626,0.08196444880000005,0.09691740890000006,1.1824322656824846
PCTY,71,1420,0.8847883396144787,0.006505771621623239,0.014581163649791168,0.06569349145598813,0.009990765971718359,0.08174753809999999,0.0934470543,1.1431176579983149
ILMN,15,300,0.9163141105724887,0.00648482500685,0.012956947774332771,0.20481593739770315,0.028257542955837142,0.0819011301,0.10878936525999998,1.3283011495344432
LNTH,40,800,0.9288932521796701,0.006409979343635182,0.013561629967377179,0.10917127171717907,0.010807826240572714,0.13735499119999997,0.13963746909999986,1.016617364102018
SEDG,25,500,0.9568308799765872,0.0064019128787200005,0.01415476317689589,0.053301859661951584,0.014948706373862874,0.15685641769999983,0.15685641769999983,1.0
NBR,34,680,0.9139229586816143,0.006361382785458518,0.014409955176487818,0.11143336015637421,0.012501845110246766,0.0939175721500003,0.10011016805,1.0659364989770947
KFY,12,240,0.9655121643973396,0.006272459021630578,0.010006509243317002,0.38117533438792833,0.04656406496022432,0.11999702305,0.11613460823999995,0.9678124114096508
DO,24,480,0.9099417094330109,0.006093427849551411,0.01371707056357921,0.16045207386485974,0.016675398158772253,0.08202059519999993,0.10119478999999976,1.2337729292654516
RIG,29,580,0.9822754379915938,0.005951382235633051,0.011776506532125279,0.0267041568420212,0.00697135512105161,0.24316207100000192,0.2378080438,0.9779816515874227
ARWR,62,1240,0.9474270758437355,0.005926502018701613,0.014922373949138971,0.0653300378608635,0.005883187732698739,0.13857478909999904,0.1556076986999994,1.1229149234909461
PGNY,43,860,0.947393410114507,0.0056581757599496255,0.012213539224340068,0.05927358463874665,0.007711115290345561,0.12842380849999951,0.12842380849999951,1.0
DNOW,58,1160,0.9238733825752425,0.005636583863402233,0.013079804630863131,0.03297587310335545,0.005714280039283861,0.12351637174,0.12293963730000008,0.995330704489815
SAIL,22,440,0.9281533645226991,0.0055676183399704544,0.012046816529788095,0.11991299160286831,0.015274649509437323,0.0953322,0.10700830520000015,1.122478084005196
SWI,23,460,0.9027779194508692,0.005558706640776824,0.011824436585726971,0.23911189878905956,0.021996723428969037,0.11271459764,0.11310797219999998,1.0034900054494837
PRG,9,180,0.9263798291761884,0.005543138631020341,0.009485143994678915,0.39625784034685774,0.05533567962515687,0.058493946,0.06584311770000002,1.1256398687823186
HMA,19,380,0.9289780769836066,0.005530574339036842,0.011488696022899737,0.21392785544668536,0.024327352619051112,0.0917372743399999,0.09799233319999977,1.0681844855867109
CDAY,22,440,0.9449523107471396,0.00552671003909091,0.01140073615892175,0.0959983360679345,0.017369309887192184,0.13409458520000023,0.13806403900000022,1.0296018947676344
INGN,11,220,0.9789705018326098,0.005504023616431818,0.009032432909154564,0.1479143066918442,0.023018801572051713,0.23347526920000036,0.22130380420000034,0.9478682901118163
ENDP,42,840,0.9086272732169368,0.005498706525690476,0.013154023428236744,0.1059820461795654,0.010490836241464756,0.09486522950000012,0.10607131410000012,1.1181263636746905
CTB,14,280,0.8451013174540429,0.0054726984155512096,0.011446887012070016,0.27142219746596047,0.028113496028457446,0.05566913311999983,0.06737434709999993,1.210263988748818
TRIP,50,1000,0.9488981958145798,0.005423627280416,0.013366904296444554,0.05357033239890111,0.006962658745897075,0.1353002299999999,0.1353002299999999,1.0
FLR,78,1560,0.9529106058502427,0.005418779881712179,0.013156398896598075,0.03891380736485885,0.003706808586607411,0.14464307,0.14458515340000025,0.9995995895275193
QEP,44,880,0.9351573767453601,0.0054020108455180085,0.01328572176124877,0.05998286540311289,0.007505256909388601,0.1009854628500001,0.1079323710400005,1.0687911704709327
SMCI,21,420,0.9861889153379139,0.005366124384595238,0.009275467974787142,0.430582821720312,0.023643939274905337,0.26649195,0.26721024520000003,1.002695372974681
MPWR,50,1000,0.9455308306004875,0.005336118413744,0.009801922390524489,0.07068431584398942,0.007428534302757906,0.11631491,0.11512375874,0.989759255627675
XRAY,15,300,0.8926302152383613,0.0053336558239593075,0.013417754643899106,0.12256754082637604,0.020178188986928344,0.08828410589999956,0.10492809289999999,1.1885275591832267
REGN,8,160,0.9445333398309028,0.0053259820815625,0.00994913453606903,0.2571157888151776,0.04272507546783173,0.09036115,0.09803628849999993,1.0849384774319486
GPOR,47,940,0.9154535026993339,0.005322600955514452,0.01215379721731793,0.04383645048030332,0.008084287691537437,0.08036645690000004,0.09339440401000003,1.1621067745491214
CNQR,29,580,0.9105926668361031,0.005299988240234483,0.01152222689741689,0.10799079606446242,0.014757334713754846,0.08131537000000004,0.07925089460000014,0.9746114984165982
TLN,20,400,0.9057435782788256,0.005290579002253306,0.013901452470395483,0.15250693233244308,0.020755865250487962,0.11132954349999992,0.10391508369999992,0.9334007886235517
EQT,46,920,0.9597204425610418,0.0052493686455203,0.011276753028024951,0.0578031833241788,0.006763587242786876,0.09971078,0.1097909073999998,1.1010936570749903
OKTA,7,140,0.8882628529208879,0.00521914061,0.010950415494629108,0.579890511983863,0.05180368768920141,0.0659396853999998,0.06460013769999982,0.9796852579463479
ANF,40,800,0.9081615778421088,0.00514095830816125,0.015534830339990919,0.06968497568286462,0.010535333625659718,0.17031342,0.1489102352999999,0.874330603542574
CIVI,23,460,0.9394356523647932,0.005116770767652174,0.013225483214350681,0.10420708372949593,0.010316187171624412,0.1789644082,0.1805188898999999,1.0086859824008285
LGND,34,680,0.9607044757452027,0.0050698525500941175,0.010966361997309137,0.13097997916924126,0.01255068663291985,0.16578662130000066,0.16974202060000015,1.023858374511668
CECO,5,100,0.9813807113968964,0.005038983942699999,0.009527434246270523,0.16905376522669038,0.04985671540332587,0.09670345340000036,0.09905408960000035,1.0243076758621734
FTI,5,100,0.934266119759104,0.00502485919956,0.00853513226301346,1.8683813679044088,0.10808003257223192,0.087011375,0.0880184957,1.011574586656055
TNDM,21,420,0.9627472545105767,0.00498677029325,0.01128085147433013,0.23413913129836258,0.015495046695864958,0.13583981260000008,0.12989545060000002,0.9562399131283839
CCMP,30,600,0.9662780206109366,0.004981066911154025,0.010508233589695654,0.044654020569098125,0.006034081134857255,0.1692487301,0.1692487301,1.0
SRCL,73,1460,0.9205334016996516,0.004954283460780823,0.0100241719623201,0.06236302593261968,0.009567392935415813,0.10357234,0.10300651030000017,0.9945368647652469
AOL,31,620,0.9499690316968282,0.004928853803935484,0.010732501130518907,0.11992318469111143,0.007664518769223519,0.09150139954999995,0.11088669944999871,1.2118579605922408
CC,96,1920,0.9188585009276998,0.004921483730526042,0.014857829270772333,0.021356710643063794,0.004382220915102558,0.11948351486,0.1326087003999998,1.109849342441748
CZR,15,300,0.9604754241047706,0.0049165217414,0.017221333215718247,0.08700111276773868,0.01059061656797008,0.35496894030000004,0.3551270459999999,1.0004454071386253
MTDR,76,1520,0.9792040926908746,0.00490382108729825,0.011455412760506871,0.05605630279912146,0.0059895283589644546,0.1753528862,0.1784243542999999,1.0175159255519564
ETSY,8,160,0.9822615688334579,0.00489879765306875,0.009637867522202423,0.3473544791157079,0.03888586790553985,0.1627229882,0.16621773749999996,1.0214766784869058
DDS,31,620,0.9420338952198869,0.004836133624774193,0.01405960181142186,0.05616372544313153,0.00882133296957844,0.17282224,0.17683396639999988,1.0232130216573971
NOG,14,280,0.9617715582077786,0.0048345176358928574,0.011402966044428897,0.06961187725675964,0.020295423181624847,0.15046448210000002,0.14721866229999991,0.9784280000522455
SYNA,118,2360,0.9523452258687809,0.0047590298655669485,0.010739508679801125,0.03558808553033319,0.0032728433948602713,0.1143985328399995,0.11688269989999985,1.0217150255193812
CRC,6,120,0.9822172381784332,0.004667420483333333,0.011140580863943152,0.8251111967561282,0.03690314420901703,0.20349093360000012,0.2041535425000001,1.0032562084623506
WMG,15,300,0.9076398774830446,0.0046630369014,0.009539482969186129,0.28257340151932675,0.03523175362705506,0.06825446034999992,0.06938432754999993,1.0165537489301975
URI,28,560,0.9684400575836116,0.0046564417101125,0.009610226252366,0.21356753654547336,0.02136660305509198,0.11393972205,0.11959537399999996,1.0496372278977308
COHR,57,1140,0.9244160523440126,0.004636358428853226,0.013589122790145625,0.013942443198816677,0.004159530697223463,0.1284145061999999,0.13254850349999986,1.0321926036421574
WING,49,980,0.9404331179787542,0.004602467878471429,0.011515027974016946,0.039281663240586864,0.007069043347251553,0.09117565730000031,0.10690355836000018,1.1725010987115727
CELH,43,860,0.9346097417072933,0.004592725981173837,0.014106744723883936,0.06008418515893589,0.007173734950072958,0.11806138929999957,0.1360611101,1.1524606893644314
UNIT,28,560,0.858416073602021,0.004581732853397581,0.011148329403394103,0.18243162195212909,0.02112284357998301,0.059308856499999806,0.06483599756999972,1.0931925077665243
PMTC,19,380,0.9578675971296395,0.0045742681652263155,0.008608124742742279,0.17115937560809058,0.013565204516266995,0.08514302619999992,0.08862315629999999,1.040873930083543
GDDY,8,160,0.8165782640101926,0.00454433922725,0.012949050144782264,0.34720981749643287,0.041023073281265296,0.0754240806199997,0.0900757307999998,1.1942569277551793
KSS,44,880,0.9629133980157257,0.0045358533002500005,0.011092150646511919,0.07976476417669784,0.008267135996555208,0.12620421210000002,0.131397107,1.0411467637536955
JCP,34,680,0.9408862319432831,0.004518214206180634,0.010985354001138798,0.07909192740852962,0.01072465120108805,0.09477107370000024,0.10404175265000047,1.0978218203937073
BRCD,22,440,0.7947717269710624,0.004508005689206879,0.013965958189917872,0.22572470803212308,0.027466683605278035,0.07273959,0.07349600220000002,1.010398906565187
CROX,55,1100,0.9507921179935709,0.00449531248357849,0.011338306281616655,0.038240292676415565,0.007018768806378249,0.11543494244,0.12364858413999995,1.071153859709933
MEDP,67,1340,0.9383426665055035,0.004472716624614926,0.009689972969658804,0.05081107570290758,0.005245753292650233,0.08367962766,0.08223638429999963,0.9827527511730282
SWN,58,1160,0.9518208789400202,0.004462526493686354,0.009947009972587625,0.06411688598473861,0.007149195487923744,0.08216471605000004,0.08655362725000004,1.0534160088538393
UHS,28,560,0.9142791190031156,0.0044507792080498215,0.009059711033859108,0.07225218260913767,0.012608192865679293,0.06480209938999991,0.06965786359999997,1.0749322052172492
LNCE,25,500,0.7925701648854871,0.004434235156281819,0.012435921100634163,0.17516425606062497,0.02561674979157289,0.058632110030000004,0.05867683711999996,1.0007628429196402
NBIX,56,1120,0.9226571656522904,0.004427414977181249,0.00853756543371086,0.07248930164207223,0.00908530459357973,0.072867565,0.07130351864,0.9785357674570297
ZI,22,440,0.9395442691745941,0.004411126957186363,0.016893778321534516,0.11887294987093601,0.014680885067059616,0.21094190790000023,0.20382284790000046,0.966251087463499
DOCU,13,260,0.9522542922259775,0.004400189170038461,0.011005228559269229,0.24374432743746005,0.017401694479594006,0.11885839280000049,0.11516792130000027,0.9689506865012883
CHWY,13,260,0.9075417038358595,0.004349726721538462,0.012327797751722304,0.4133493493093402,0.028239448488324874,0.06842699150000014,0.08632305120000038,1.2615350946709412
OVV,28,560,0.9456325769753487,0.004321845015678572,0.009248259401962755,0.274554314401418,0.013914188393417532,0.1238414052999999,0.1269731402999995,1.0252882708526532
LRY,19,380,0.9249396262893741,0.0043161462605394735,0.008863800660747599,0.24425020589077354,0.033946844558587166,0.05857542264999991,0.07027088259999997,1.1996649690414156
BURL,21,420,0.9399794337747556,0.00430590423102381,0.010963714742494014,0.17117325086177995,0.0179706396770192,0.1181527481,0.11520623905000002,0.9750618661234509
EGN,64,1280,0.9135688385628117,0.004304282613492187,0.010663016769935417,0.04238792312565982,0.0053468812336916974,0.069136165,0.07430978780000007,1.0748323659549248
ALGM,37,740,0.9640004085726536,0.004259049192617088,0.009831581288514734,0.12178183208928847,0.00970358792241377,0.12234262250000005,0.13064410720000005,1.0678543955521307
CREE,98,1960,0.9622640862508067,0.004258825175813006,0.00899261225266358,0.053571170062665,0.004714978018771219,0.11892332710000032,0.12137494710000003,1.0206151312764584
GDI,14,280,0.9624523963401441,0.004236713927489286,0.008219309611540286,0.3050825960034711,0.03352174285231259,0.08429020139999985,0.09586130789999969,1.1372770061977793
AR,40,800,0.939478643128398,0.0042282661398575,0.011002771556457765,0.10023618819002861,0.01304926425888107,0.08896748,0.09219152735999998,1.0362384925368233
PEN,75,1500,0.9423471431849174,0.004224651197195333,0.010293402488538966,0.07021081400671135,0.006567670290058381,0.1017803,0.1081449086,1.0625328143068944
MUR,96,1920,0.9738211824240041,0.004221762548652658,0.00965505143061124,0.025703516569964155,0.0032992864176113234,0.15059975359999989,0.1491548594,0.9904057333065923
OAS,16,320,0.9835744834958642,0.004202665284121925,0.00797922748996355,0.13670619991778632,0.011753977732574975,0.10310081214,0.11206183190000002,1.0869151229170912
FND,22,440,0.949454145447438,0.004201445481659091,0.009380762444470296,0.049242691880838435,0.013927620420772294,0.1062890861,0.10401026250000002,0.9785601355358725
AA,50,1000,0.9690829227268821,0.00419796135684,0.00935977513254369,0.014548072628779695,0.0040013248987876,0.11749962429999998,0.11540742264999997,0.9821939715768094
SIX,50,1000,0.9753286393510175,0.0041866652444007,0.009023646142195267,0.036048029226700536,0.006368085346825489,0.1622045059,0.15849697739999996,0.9771428760290682
PZZA,81,1620,0.9545482672180227,0.004167855612737595,0.008557443634586851,0.056342893404396695,0.003717887681008312,0.08541611,0.08534756479999994,0.9991975143798979
X,121,2420,0.9624999803333131,0.004162668373814876,0.01122102108738945,0.0566908955833125,0.0042434578293787575,0.14003446789999985,0.1484484628,1.0600851706453347
QLYS,70,1400,0.9429852234025621,0.004145626347615714,0.00863422524097989,0.05351767115176634,0.006589784462499847,0.09220161054999997,0.08970539704999998,0.9729265737864057
ARO,19,380,0.9667191138009298,0.0041241557049736845,0.009394008258257851,0.13515747368218523,0.01643968875523668,0.10267712099999982,0.11097242779999966,1.080790216157306
PENN,55,1100,0.9824024183275495,0.004103374966249091,0.010332899057943714,0.006477578122521241,0.001774228238009697,0.1582783201,0.15833381509999994,1.0003506165592664
SABR,61,1220,0.9806842633181713,0.004102837154559697,0.017618979941635755,0.024956377263110417,0.004160995765463566,0.18347153859999948,0.1869171693999999,1.0187801924281699
YELP,40,800,0.9704818148570543,0.004097997119349999,0.00945186946374574,0.06543427132040311,0.008954570550170196,0.15547624379999983,0.15491383379999998,0.9963826628026639
MAC,59,1180,0.9708422678180455,0.004069670907291563,0.010078922773147175,0.09920844221755083,0.007493608672917715,0.16363832780000007,0.13753753660000062,0.840497079437893
HMSY,27,540,0.9490805296889221,0.004057315558962963,0.008753980257983237,0.12406051172161824,0.011103515779725025,0.10958261770000005,0.10958261770000005,1.0
GNW,62,1240,0.9570050119708429,0.004041885656238741,0.01148999681722453,0.037426356601945626,0.0041254660568668874,0.14310084,0.14123033369999952,0.9869287538773323
GNRC,17,340,0.9630794802315253,0.0040399127100029415,0.009292430943097039,0.046206283059341886,0.012227469771130909,0.102685526,0.102685526,1.0
SVC,20,400,0.989236951376596,0.00403654578665,0.010584868742043238,0.28414020006009433,0.016075346104690115,0.3049480589999999,0.28946322079999975,0.9492213911746848
WXS,7,140,0.9060157137382487,0.004035479789921428,0.008915760738827825,0.9064302502864101,0.07554901621984794,0.058181966859999955,0.05868047353999992,1.008568061667621
THC,115,2300,0.9655332886295885,0.004029565046717755,0.009977368270511532,0.018084659403536454,0.0018552393156179205,0.13934249329999962,0.13814182939999972,0.9913833614458519
PXP,13,260,0.9742351133228622,0.003992858408730769,0.007670792034416754,0.15653935963406118,0.04247772243597317,0.09208058910000003,0.09466359090000011,1.0280515342619596
NE,19,380,0.961206616597663,0.003971800478187691,0.010616594847911059,0.23759958107186913,0.01980047958950787,0.10026538089999985,0.10557544105999996,1.052960055727471
OLLI,88,1760,0.944172248159791,0.0039597714887045455,0.010889502664545412,0.05761506244162312,0.0049452483027753475,0.10423761986000017,0.11298416630000149,1.083909690683159
MNK,35,700,0.9588267857590338,0.003951450693279516,0.010823621136708395,0.013403568107732654,0.0037664636839692435,0.14706865869999983,0.14706865869999983,1.0
INFA,32,640,0.93586398621183,0.003939633056776922,0.009968009068136526,0.05310792105350215,0.008631770466241622,0.0688046684,0.07471902000000005,1.0859585801012313
RDC,41,820,0.9465634701694131,0.003932236522337345,0.01086930163122482,0.08551997379370592,0.013159613250250755,0.09710114886,0.10231690064999988,1.0537146249167446
WPX,73,1460,0.9766363220865105,0.003919229102662329,0.010499558331558701,0.0054877136200482245,0.001493168430959599,0.1610234640000005,0.1610234640000005,1.0
IIVI,33,660,0.9663383652452868,0.003885104790550513,0.009660824168880172,0.12493890164367769,0.009458421855642454,0.1606056091,0.1453575761999998,0.9050591508886462
GME,81,1620,0.963748553255148,0.0038708467358342545,0.01137807607021309,0.02811822062185153,0.003204877746196941,0.13944648,0.14500517289999967,1.039862554436653
DUOL,15,300,0.9848524266861606,0.0038628223306666665,0.007529839439211937,0.09079664588360647,0.01031594448533496,0.1407298040999995,0.1407106509999995,0.9998639016083161
ACI,29,580,0.9741175928181685,0.0038623393942462596,0.008574596366811219,0.05358894385730268,0.0147926928591802,0.11266298126,0.1132434982400001,1.005152686121987
EXH,5,100,0.9939565277486778,0.0038482546175500005,0.006048114829254886,0.49530064575464816,0.08755677336042422,0.1293470839000005,0.12968932690000048,1.0026459274510169
RFMD,29,580,0.9591292212995566,0.003845059912615809,0.009207763475455277,0.16673552166545963,0.01606760960330965,0.09301019605000001,0.10631619204000006,1.143059541373798
MIK,26,520,0.9530679094448447,0.0038376421631676335,0.009447982159911645,0.10626027970396976,0.014005190034980738,0.08672766383999965,0.09048267829999983,1.0432966171777398
PEB,55,1100,0.96950733362717,0.0038201960487493987,0.009782643123164835,0.05804676459658743,0.005334111810419399,0.15431270639999986,0.15431270639999986,1.0
ETRN,71,1420,0.9680772546607129,0.00380895362894858,0.00847446034701837,0.03441623793091427,0.004352790910104729,0.11125943769999995,0.11125943769999995,1.0
LIVN,117,2340,0.9480602846547035,0.003803296169831633,0.009067206890504697,0.02497591039918598,0.0038354017102381574,0.10142299180000022,0.10643196620000019,1.0493869714460538
COTY,67,1340,0.9634044906183928,0.00377891814567529,0.009298839363497189,0.025993554906015015,0.0044385734452264194,0.12053347369999927,0.11906826223999951,0.987843945627531
LTM,31,620,0.9380872276465855,0.003774988572367469,0.009551919551230215,0.056759903888842,0.00933330286345828,0.12685892349999744,0.10618727799999884,0.8370501267890783
CYH,44,880,0.9708782292599922,0.003769610111007954,0.008630469362929724,0.03067549524684997,0.004050288103318665,0.10715353110000032,0.10907459306000024,1.017928125562256
QDEL,55,1100,0.9649188755669772,0.0037563977114000004,0.010742113549446139,0.0732597506045769,0.005809540155905814,0.14035119159999998,0.141424557,1.0076477113429796
OIS,57,1140,0.941888937180361,0.003756155973812793,0.009062757670481852,0.07691706785556063,0.007184148676241863,0.08117257,0.08939922843999999,1.1013477636595712
HLI,18,360,0.9118940880710401,0.0037410886783672227,0.008540018710807635,0.21625146778134188,0.023002188725261087,0.078862906,0.08214861344000009,1.0416635349450614
FOSL,20,400,0.9881694033596112,0.003735430529785,0.006866459808967693,0.20665968553057618,0.015700105016804772,0.15261289839999992,0.1499254839999999,0.9823906470018262
GWRE,11,220,0.9162871645467009,0.003731674208245455,0.01056173120764173,0.4190368197227001,0.031027643139160403,0.08669481750000002,0.08840881210000001,1.0197704389884665
BLKB,96,1920,0.9447886844032141,0.003723623686022916,0.008291516709134715,0.016003696798577795,0.002699524953701207,0.07799481259999984,0.07960120825999994,1.0205961859058317
SWAV,31,620,0.9659367513709648,0.0037194992708064517,0.008908122854372473,0.06839384226016208,0.012032825697393244,0.11188669334999994,0.11492501369999981,1.0271553324084348
TIBX,29,580,0.9439772723694481,0.003716662931609987,0.008132445034222675,0.07106873523812902,0.012625290783150256,0.0762452096000001,0.0808996017000001,1.0610450430186764
PBI,20,400,0.9440875809938958,0.0037162957263370765,0.009067562277324415,0.12794453952966967,0.01504988531008096,0.11177633673999984,0.11045714815999981,0.9881979619436932
QCP,16,320,0.9035621824364667,0.0037136625078041828,0.011611808204733053,0.09108401600138313,0.012087342577293988,0.06627474517000002,0.09029232050000001,1.3623940804056354
NUS,63,1260,0.9444454075861656,0.0037075826644063494,0.011287559194163032,0.07653223940135923,0.0059735940741730414,0.13066816,0.13822487840000217,1.0578313676415292
WVE,18,360,0.9925237826989033,0.00367685451127043,0.007802321663687605,0.22300132522856145,0.013563539315586154,0.26108566,0.2659922716,1.0187931102765275
BBBY,26,520,0.9715753026129397,0.003674400073258344,0.010780737952181468,0.020195144606487497,0.005296911097274682,0.17327175,0.17327175,1.0
CNXC,58,1160,0.9604107526244255,0.0036633710603284483,0.0075337352589531165,0.04975665563805171,0.003939870294931038,0.07227916115000001,0.07474756105000004,1.0341509206903687
FIVE,89,1780,0.9705021959993019,0.003656891544718539,0.008281162421355084,0.058663298790814,0.003396238274163542,0.11640310786000002,0.1162854021,0.9989888091292065
MTSI,43,860,0.9548394832286045,0.003655911571913954,0.008859562439936276,0.06151895503197155,0.007827930714563388,0.105583504,0.10977909939999994,1.0397372244815815
DOCS,28,560,0.9809585237161825,0.003652189145888134,0.008303412227229695,0.10787922132708704,0.008473429287567759,0.19512791389999654,0.1830202979999975,0.9379503646710218
KN,43,860,0.9322024183446914,0.003645033201240698,0.009822523752002604,0.1453929738348454,0.012975763023494614,0.10049154,0.10282669909999982,1.0232373700313462
KBH,150,3000,0.9604069819328586,0.0036442700624793383,0.008641866803166707,0.007332896041409981,0.0019280061681867778,0.10139674999999976,0.09765158429999987,0.9630642431833378
OMI,60,1200,0.8977185727313672,0.003640551400119513,0.007850952855915111,0.04097989240910517,0.008241709730574736,0.057367426799999996,0.06286539939999998,1.0958378806002151
FN,13,260,0.9866015972036638,0.003634071648160918,0.007059764161605764,0.16758393510948216,0.012711962934844407,0.1520160156000002,0.1527776851000002,1.0050104556220194
ENTG,10,200,0.9895514443432255,0.0036247246181049997,0.007024384079543501,0.171258999716368,0.02473734146670847,0.1768652308999996,0.18499926889999968,1.045990034098896
GDOT,12,240,0.9872087569528477,0.003617649387286156,0.008666872957434122,0.300059678873728,0.012256006953419656,0.24191767249999754,0.23485333049999774,0.9707985699143171
CCP,23,460,0.8912013254109273,0.0036145849162949164,0.008123153897584483,0.060253614759885867,0.017510998404208594,0.04983618634999998,0.054442666,1.092432426864461
AMKR,57,1140,0.9729751553441849,0.0035898377360500003,0.007816751480519713,0.07179456731088467,0.006142277119428896,0.10916588805999904,0.11197455609999998,1.0257284403572777
RCM,42,840,0.9798657472270998,0.003585553816080953,0.007715956222430344,0.04979450261013009,0.004764335617942091,0.09397774376,0.09627592000000003,1.0244544734535137
APPF,15,300,0.9795136759997201,0.0035730478941999994,0.006920991856867367,0.3128075052153862,0.026800376912422652,0.2004955001,0.17152754199999978,0.8555181633226081
PVH,53,1060,0.9552836707859059,0.0035700889566915093,0.00911857755061564,0.06547910777052958,0.006754473889453907,0.101754576,0.10883991346000058,1.0696316346500288
ZBRA,77,1540,0.9542705412657558,0.0035677527221445954,0.007018837179002502,0.052800878480193505,0.006868613523836868,0.080620706,0.08270353495999988,1.025834913427822
FIX,17,340,0.9795294437358263,0.0035408034959647054,0.008153827744578382,0.13516782601082752,0.013429479585873164,0.15781402950000054,0.14443143470000025,0.9152002211565086
XEC,41,820,0.9775199172639478,0.00353178598247561,0.006938477742292057,0.05335418974359591,0.009384748787862607,0.09872809364999954,0.0992366806599998,1.0051513909688488
EXEL,88,1760,0.9499483315621273,0.003524226996420454,0.008481143526206051,0.03798510433720853,0.0040925702805714986,0.08953663260000039,0.09157494480000031,1.022765120161554
LOPE,73,1460,0.9146324433912221,0.003520351795203309,0.008727371149962047,0.05924445724192354,0.008017087919383596,0.06795126834000023,0.07095685680000005,1.0442315284677408
NXT,15,300,0.9783472510258938,0.0034998922542,0.00801598108791951,0.3397785463813721,0.020252934455655083,0.10916004059999998,0.11650125929999997,1.0672518868594116
G,55,1100,0.8695381446213237,0.003499595871881986,0.010216188246610573,0.09571448546610793,0.012864580577443035,0.058454632999999936,0.07071547029999994,1.209749624123036
CNX,115,2300,0.9606950413624442,0.003470882401745923,0.008794996752836555,0.04248674091801166,0.0031917443020846726,0.10056707959999951,0.10581393329999983,1.0521726763953911
PK,75,1500,0.9719809748165424,0.003468222825612353,0.009365886264603662,0.049825617911752926,0.0034893846341197757,0.1671824901,0.12813470409999972,0.7664361502413088
YETI,58,1160,0.9633645404923307,0.0034519805883273017,0.009099067036553757,0.0464763594188158,0.006703536943128062,0.12974752,0.12701737170000038,0.9789579924148097
RAX,45,900,0.9485493850605068,0.0034470322256877953,0.009860528789346899,0.056550938747512214,0.0068600338765068165,0.11134712694999994,0.12097953429999996,1.0865079110153009
PTEN,79,1580,0.9733038616472004,0.0034413903768955698,0.008674983362510175,0.023750863781852868,0.0017247458011637857,0.09900552,0.09900552,1.0
KAR,25,500,0.9785668984897065,0.003439228890347585,0.007516340598665155,0.05194969248006699,0.0058070738262708255,0.09701593329999991,0.1039508586,1.071482333510676
VNT,56,1120,0.9358944380549935,0.0034368782577445128,0.007693752908324341,0.08377084354992255,0.008667096986885708,0.080360903999999,0.09025625314999967,1.123136359317222
LSCC,56,1120,0.9793365231878142,0.0034354762759503023,0.007328762984026889,0.028349005909313055,0.004494586141859136,0.1190433176999995,0.11343867659999989,0.9529193136726596
TDC,86,1720,0.9648575393042135,0.003420881354766047,0.008081502606489044,0.0400395405799793,0.004500224493219283,0.11848455,0.12199329179999976,1.0296134964432053
ARMK,31,620,0.9385628235053123,0.0034011954304897893,0.007470262427341688,0.11710088001161564,0.018548021786703197,0.08444769929999978,0.08173501334999995,0.9678773255815647
TMST,9,180,0.9620392300459777,0.0033572804053333327,0.007739668779869629,1.1250563349540499,0.048618907153954394,0.07185041505000002,0.07693903794000001,1.0708224564389623
CVLT,137,2740,0.9065783884687524,0.003340147943953995,0.011012315425527783,0.04064460754516111,0.0034293797632006517,0.08685599,0.10226457955,1.1774038791106982
VNOM,13,260,0.9665288400858182,0.0033377476611615386,0.006942015911206758,0.12741945586002296,0.01886272375704804,0.09907085646,0.09953300380000003,1.0046648162387355
ADNT,74,1480,0.9796660059534699,0.003329689390385135,0.00855431694634315,0.01786207549582751,0.0026890928480734198,0.12897589260000017,0.13528146460000004,1.0488895395324433
GT,82,1640,0.9764753626117811,0.0033254722666301883,0.008013057201522948,0.05394947975872936,0.005324049834691041,0.1541506844,0.15233282319999997,0.9882072453516786
BLDR,50,1000,0.9601892116325137,0.003323407843211415,0.008193949511143502,0.07066664612559125,0.007721100237434424,0.0862067101,0.08627963524999993,1.0008459335696183
BWA,6,120,0.9761158315408096,0.003319479633333333,0.008222870439265397,0.404790717815853,0.03512965833934762,0.08558946,0.09933330915000003,1.1605787575946855
COLB,33,660,0.9752951410038908,0.003310721955315907,0.006897880529188705,0.10285908269006414,0.009572849912297423,0.10525063675999977,0.10020221519999989,0.9520342896213383
LPX,150,3000,0.968194858870374,0.003280466665485135,0.007004289384807827,0.006612152650471529,0.0018167530186872691,0.09531018,0.09650118459999957,1.0124960901343338
THO,150,3000,0.9624058523876935,0.003279896945930934,0.007965481412633603,0.015288615846954182,0.0017387705336333493,0.09995296604000001,0.10049616444999974,1.0054345401794516
SIVB,60,1200,0.9503910195543062,0.0032767133068866664,0.007699305260114211,0.052850765990209,0.007593205478270867,0.07649904184999999,0.08928539729999997,1.1671439947584126
CRS,94,1880,0.9738787877911055,0.003270614923960098,0.007261426074153663,0.043103889771857515,0.003937676850185858,0.1177429921,0.10926638845000021,0.9280075739641426
KNSL,58,1160,0.9570719160967607,0.00326625155665,0.007967436423831216,0.05663112806463684,0.005423366084905845,0.12216574960000176,0.11258286185000028,0.921558310890098
APOL,19,380,0.968976816514783,0.0032563355539157895,0.008699463447868462,0.1550545593303186,0.011045926156838226,0.10344018429999892,0.10091638389999878,0.9756013543761622
WCG,64,1280,0.928197623365767,0.00325591499307357,0.009422786778100887,0.037667312156202795,0.004309607665033493,0.0842903344,0.08736601700000003,1.0364891493418968
AINV,19,380,0.9668841107884824,0.003245867829252632,0.006616639991117319,0.09898730832347091,0.029037739303845927,0.07524981709999994,0.07524981709999994,1.0
HSNI,53,1060,0.9299165905459332,0.0032436366219904065,0.007999094436569735,0.04471952802455397,0.005159447690140599,0.07517003750000004,0.08076103564000017,1.0743780145114352
DECK,134,2680,0.9463001188296422,0.0032434941234347364,0.009432911710473842,0.014005687566714364,0.002683446148798705,0.09499275190000019,0.10897511075000002,1.1471939550158439
OI,48,960,0.9804096345642578,0.003243378217452436,0.007555704821421933,0.03854452364013319,0.0069002800917836215,0.1327286477999995,0.1380176791999998,1.0398484538768904
TPH,70,1400,0.9616018696681397,0.0032210248035285717,0.008360018329701036,0.01744999493594852,0.004869831208601153,0.08413812689999998,0.0832312703,0.9892218114021267
RGEN,75,1500,0.9723397675480886,0.0032188893427913335,0.007799547871313196,0.044292088024392245,0.004405480294391278,0.10711104,0.1119256926,1.0449501059834727
DY,78,1560,0.9837434387286087,0.003197658298644872,0.007492657593192006,0.04335069754180451,0.004856910024108806,0.19429485,0.18486857000000093,0.951484663643946
ESS,21,420,0.9334104423845676,0.0031819105950809533,0.007184682552652465,0.08490986947332355,0.024713927631470404,0.058901734049999994,0.06571530505,1.1156769169854348
ALTM,8,160,0.9827873869665871,0.0031789844040625,0.00678144239994524,0.131039055621902,0.03669274345460529,0.118657544,0.12030412121999999,1.0138767175224863
FBHS,34,680,0.9198681156782544,0.0031778736577661765,0.007923850864565624,0.07977253205582857,0.00954486797684817,0.051858651350000125,0.06632172844000002,1.2788942001670442
PETM,12,240,0.970857595653132,0.003175630785975,0.005787930774599091,0.07191919147343571,0.019579164046507495,0.12332123,0.11046291624999985,0.8957331697875528
OMCL,21,420,0.9711725998974297,0.00316808502397619,0.009735875553312942,0.13381467425025156,0.0069850731306624675,0.0880683721,0.0880683721,1.0
UFPI,34,680,0.960658494960823,0.003164267426420588,0.006046003869059879,0.1474766513884343,0.01529240213714671,0.07125701770000016,0.07032597534000001,0.986934025727544
MHK,19,380,0.9685329480369153,0.0031539426775263153,0.006668220224141075,0.3697287117526093,0.028253695705832083,0.0709853929,0.07369968599999999,1.0382373469964972
TREE,39,780,0.9659927522540429,0.00315334586743718,0.00883730790774023,0.06059730801108317,0.006629722502636522,0.15038714080000012,0.1387981575000002,0.9229390010452283
BRBR,49,980,0.9585370035883946,0.0031507010909325585,0.007376823189920456,0.05192782422817488,0.006374628150457832,0.08098791,0.0821889231000002,1.0148295356677337
ODP,62,1240,0.9817006551816762,0.003142875023300758,0.007648015204430077,0.0730407809520405,0.004809268044094523,0.1435220548999995,0.1435220548999995,1.0
MANH,119,2380,0.9633061852050973,0.003141729112255254,0.007029367732261731,0.020496135033186876,0.0026599876207366096,0.09179129820000001,0.09179130030000002,1.0000000228779857
MASI,123,2460,0.9579226491246974,0.0031405328587097558,0.007112893511544063,0.037483639097406894,0.004376760897867923,0.07764144574999972,0.07929213169999982,1.0212603711079158
OPCH,52,1040,0.9592872985974678,0.0031230026074048076,0.006989993098362155,0.0864656937217485,0.008409963507421805,0.08159864609999999,0.0811976341999999,0.9950855569403854
AAP,32,640,0.9676793009872657,0.003117823600005387,0.005831816471354887,0.09723180685843295,0.014524900132157658,0.07124117,0.07124117,1.0
PBF,70,1400,0.9821151760014355,0.003116730121807081,0.007168459936616317,0.010139224660019455,0.0026012614001259485,0.1457006449999999,0.1444549972999999,0.991450637023604
ICUI,71,1420,0.9284161837413535,0.0031141654272021126,0.010140819915023531,0.03734455193436459,0.005701755309268702,0.0853632981,0.09823478995999949,1.150784847194177
AVTR,15,300,0.9892532645418252,0.0031095225060273333,0.005981600780840246,0.28251292728848193,0.03281376464603593,0.18128982019999998,0.17489209949999998,0.9647099837545098
TPX,132,2640,0.9760053101842333,0.003090672670584091,0.00801031039299034,0.014182513241341777,0.0012122559207855053,0.1081255661,0.10711138,0.9906202932703074
HQY,86,1720,0.9743516288289154,0.003088810354760564,0.007193942002594527,0.06508356957347299,0.004549261381872203,0.11730129859999981,0.11757621149999989,1.0023436475408303
GPS,36,720,0.9839333781414076,0.0030778980133069223,0.006550741145118727,0.04924251676919665,0.007903813611755111,0.09786625479999926,0.09953298989999974,1.0170307436757098
TXRH,114,2280,0.928006851818177,0.0030705269894699193,0.009342884689034917,0.03646439844702079,0.005367760542448011,0.09961904529000008,0.09733733200000004,0.9770956117541805
DRQ,67,1340,0.9478186908201254,0.003069647869411504,0.007446148798288036,0.06783982348846913,0.009114559248324185,0.07387446319999978,0.08065850029999991,1.0918319647431312
SMTC,75,1500,0.9756703305236295,0.0030674376294513336,0.006946951145711347,0.034759515231981404,0.004301482919671787,0.08923909,0.08928702939999995,1.0005372018024832
INDB,1,20,0.9921808847266568,0.003062170617,0.00399890524964577,12.142770646227444,0.44595940981565035,0.06670687233999999,0.0630738046,0.9455368298264307
WTS,49,980,0.9387585903896023,0.0030331665483382575,0.006911953584264061,0.04469026284663133,0.008372599026328906,0.06626045209999999,0.06626045209999999,1.0
FMER,41,820,0.9543157546424273,0.0030293133719569037,0.0062828813071833965,0.03200127684066794,0.008230335467832198,0.06917755425999994,0.06939765,1.0031816062645529
CFX,33,660,0.9861847728296376,0.003021471807789394,0.006029880914803104,0.1116478390599765,0.0115335333461885,0.15032159,0.14290373719999977,0.9506534437268775
COLM,73,1460,0.9516596629360273,0.003019342955912497,0.00781585269690991,0.04049780819964868,0.00573076500445209,0.07475071646,0.08594924,1.149811588039995
MPW,98,1960,0.9594700166643901,0.0030087038908702085,0.0077854684609310835,0.015517283286723804,0.004048430208035708,0.09089372,0.09318343406000006,1.0251911139735512
INCR,8,160,0.9737925887270719,0.003007449035775,0.006801649342129879,0.06342368029907101,0.018750235910996057,0.1903079,0.1809313542,0.950729602922422
EPR,115,2300,0.9536477783398577,0.0030058373891363407,0.010434807253469932,0.11206838653117075,0.005447847005076307,0.11545583,0.0993908089999994,0.8608556969362171
TKO,11,220,0.9463730815785054,0.003004859822363636,0.006922903687165186,0.2832772903444075,0.01661323627469768,0.0687405081,0.07079098786,1.0298292784949608
INT,91,1820,0.9684581651791476,0.003000796918804903,0.0070931322047177075,0.04232672090805862,0.0034682441008308906,0.1028878672999999,0.10325653809999999,1.003583229098579
RH,86,1720,0.9887881314756355,0.002979731385763953,0.006353305045309696,0.05019635208400741,0.0030358354201428005,0.14690569009999974,0.14491490329999968,0.9864485385239679
WYND,31,620,0.9902465196687342,0.0029766631983342904,0.006010593923083815,0.31262671193165176,0.014474270527443128,0.2017247043,0.1783494251999996,0.8841228733926547
LXK,34,680,0.9214032040023323,0.002967482660208414,0.007727379671735938,0.17300187639362746,0.011221176185778874,0.07467288534000016,0.07467288534000016,1.0
JHG,96,1920,0.9613982933515198,0.002964216340747132,0.0071602462905039545,0.04930598303319239,0.005280274134526848,0.10035396579999997,0.09965888723999991,0.9930737310233926
ENV,34,680,0.9600340115016612,0.002963965337351222,0.005871253203204581,0.2668328764336969,0.016359220776117248,0.08060037,0.08080388624000004,1.0025250037934073
TDS,100,2000,0.9499259856572231,0.002960579628219113,0.007319045042508404,0.017828473513917344,0.0030563380517822413,0.08353577083999998,0.08256549459999998,0.9883849010999323
IPI,22,440,0.9774261051075063,0.0029599899369129393,0.007025027870080135,0.06277792524477549,0.008381557247093416,0.08675322360000001,0.10064996740000003,1.1601870596080075
SLAB,150,3000,0.96348955220598,0.00293932498558028,0.007609214106760065,0.0076336979250684585,0.0021631009140079273,0.10084911,0.10403889265999948,1.0316292593955412
CST,40,800,0.8369518351641428,0.0029381712016914004,0.010622455136055768,0.03631514912648719,0.011266243577921744,0.06104925003,0.06919724845999994,1.1334659873134554
VC,88,1760,0.9766303396446672,0.0029331365515369323,0.006671509209535481,0.01879235779587347,0.003113409540699661,0.09607059745000003,0.09706867780000011,1.01038903032241
UTIW,22,440,0.969997701225389,0.0029322046868253846,0.0069216135573768114,0.2511403960494625,0.02035306014446061,0.08327577850000004,0.09531115330000002,1.1445243144739856
LW,18,360,0.9054421221589926,0.0029320877620555557,0.005747557324513326,0.30460714742398376,0.03394028679572079,0.03778584846000006,0.03759384588000003,0.99491866431944
QRVO,1,20,0.9925410778095441,0.0029048922750000003,0.003423856618848007,15.269273917657532,0.46660141092970087,0.07105666584999996,0.07080969302999995,0.996524283583452
CAB,45,900,0.9378361169428636,0.002902356397346265,0.0071071660363589565,0.1306051531007915,0.009548321188117917,0.071267374,0.0807382447,1.1328920958979072
AVP,30,600,0.9915362269136407,0.0028970286679784645,0.004753622509009155,0.1476562885226816,0.011858325703005306,0.13473259,0.1410470463,1.0468665843950598
UE,71,1420,0.9706234347757792,0.002893398128581248,0.007006417182487805,0.06695894577718423,0.004997819577717388,0.0876731422999998,0.09199285325999988,1.0492706300547425
OSG,5,100,0.9960196840553375,0.0028905283829999996,0.004890038476409586,1.1722701362884607,0.09378493864658177,0.10422902006000001,0.10796678370000001,1.0358610647768571
COKE,43,860,0.9452696347431496,0.0028797124524470932,0.007620171931433883,0.13126166371615192,0.01126267931515981,0.0933852541,0.09423134789999998,1.0090602505519122
URBN,55,1100,0.9870883473213856,0.0028654061187984897,0.0054339973258932615,0.06079144165695111,0.00562960931212602,0.10851608,0.11793776025999998,1.0868228953718193
DAN,93,1860,0.9777143147225427,0.002862205026734229,0.007543846634676665,0.00819128036971618,0.0023731462730257977,0.11053955502000022,0.10818663370000003,0.9787142139338767
CIT,24,480,0.9949680100622212,0.0028597099109949676,0.004913431543759182,0.3611252732274653,0.01872506607855072,0.18101498109999856,0.18864756219999912,1.042165466380841
TDW,32,640,0.916191467295023,0.002855920666433077,0.008948608084763332,0.09857183965264618,0.00767480938076668,0.06524539180000002,0.07903413755000009,1.2113366993375931
MLHR,99,1980,0.9725882424329333,0.0028525006343283724,0.00685868999553262,0.06131272332268175,0.0052268866360857015,0.12377824240000031,0.1212886034400001,0.9798862957517629
MKSI,92,1840,0.9835515800560121,0.00285003839482898,0.006239866945948717,0.007756096987117588,0.00221602993746415,0.1064497535399996,0.11230406788999994,1.054996034798714
SKX,114,2280,0.9779815581548685,0.0028428502087385556,0.006526163776285965,0.05707411254678819,0.002936636501065552,0.1125535757,0.11358849380000002,1.0091948931303478
SRC,59,1180,0.9633739384389141,0.0028356457078697788,0.008071421753665481,0.22629607251237482,0.010930471068222605,0.10618554740000004,0.09774049345000017,0.9204688947151403
BBG,28,560,0.9760490124308613,0.0028345166992160714,0.00658147525468713,0.08872857049351353,0.009532577079619495,0.07822483189999974,0.07983572669999997,1.0205931385325258
CONE,52,1040,0.9524123997469599,0.0028300693175192307,0.0070316538770659465,0.02773724338660993,0.007745545611382457,0.0772303967999997,0.08683289139999989,1.1243356890275646
SHC,43,860,0.9791543709158147,0.002828510985832164,0.007664662055239745,0.04263544562070226,0.003420641474972956,0.09500921024999953,0.10368547246,1.0913202223991807
TRH,5,100,0.956975607994785,0.002822472071,0.005466392430379169,1.1830065198083868,0.08319508637325349,0.0669108429,0.055341688690000015,0.8270959726618541
POWI,49,980,0.9833838928040081,0.002819536855979592,0.005508520437557809,0.03802001778317944,0.010587696684060587,0.08668791,0.09439595650000003,1.0889172031024859
CGNX,122,2440,0.9680790712137105,0.002791545185216053,0.006802505629587282,0.026762548614860285,0.0028331055236988875,0.10243402,0.10730452044000034,1.0475476842556832
SSD,65,1300,0.950459742219708,0.002786417176400971,0.006432722530387402,0.07877782645870823,0.009443067201239885,0.07351382009999999,0.07351382,0.9999999986397117
CMC,150,3000,0.973478383748331,0.00278186255174025,0.006066492005131963,0.027202670100508988,0.002435478139272468,0.08250057259999977,0.08371720409999965,1.0147469461321035
OII,76,1520,0.9648951450077907,0.0027768159231435327,0.006483725226015075,0.06704960476998417,0.005628830330272028,0.063671134,0.07361620669999996,1.1561943705918598
FTNT,45,900,0.9424676399172661,0.002774073502113333,0.007496394867751881,0.09327597057443263,0.007336774375214466,0.07282758949999998,0.0768827949,1.0556822685995946
RMBS,18,360,0.9942728673797795,0.0027672644844722225,0.004920636800719494,0.03716565122783475,0.010353898827407481,0.1632691304000015,0.16553231770000132,1.0138616975202546
FSLR,64,1280,0.9708755902336038,0.002763545117959375,0.0074123493518310855,0.019968545774268813,0.005293069183330274,0.102367535,0.10250877,1.0013796854637558
SLG,55,1100,0.9578560309767291,0.0027633346268054544,0.0067514582056303705,0.04705633464371997,0.005875728462892582,0.06794245005,0.07061988664999996,1.0394074190440525
EDR,28,560,0.891322159428625,0.0027622701821807113,0.005634762298632879,0.1980526912603552,0.02257680160501821,0.03389091359999994,0.0379871638,1.1208657355285951
TKR,150,3000,0.9719810011450092,0.0027616317079540258,0.005768046415021261,0.011390533446427565,0.0019088996443009964,0.08739799155999993,0.08022373449999966,0.9179127925946097
WU,45,900,0.9357465504759968,0.002759078600672136,0.007098697935416944,0.09470449883783309,0.007698905444232452,0.06139444771999998,0.067870011,1.1054747378709706
MDRX,80,1600,0.966709480617045,0.002751670562728548,0.0061577802683753366,0.059788600630641696,0.004514932030821652,0.09323056549999999,0.09256479349999998,0.9928588655830902
HGV,31,620,0.9654271908217708,0.0027513776320511295,0.0068211338800716285,0.31206019704966714,0.014148517956768934,0.08825707589999972,0.08863932815999982,1.004331123098087
CIEN,150,3000,0.9733688932685578,0.002751122982925277,0.006951485442228957,0.028837218673032645,0.0019302606535859643,0.11978304,0.12001013969999871,1.0018959253329913
KBR,150,3000,0.9681515821244108,0.0027477955593610067,0.006632246210381593,0.008186107052284779,0.002300755006975976,0.08776524009999999,0.090261295,1.0284401307072824
COO,44,880,0.9416131423580184,0.0027471705197063636,0.006044646641750335,0.08371654671677939,0.00866356788194994,0.067549996,0.07034145830000002,1.0413243888274992
DPZ,65,1300,0.9474145102971459,0.0027463229931686214,0.005740458078806185,0.06630007950198233,0.005551250429573153,0.060275663,0.06027738512,1.0000285707350909
SPWR,24,480,0.9896590602454988,0.0027403075525805776,0.006085305691053044,0.10089220384851352,0.010231199316599805,0.11947316223999965,0.12339817799999982,1.032852698350074
WMS,48,960,0.9682119328160901,0.0027376154262134375,0.007323623948854476,0.05423713202204526,0.003402154699134502,0.09189090079999941,0.102816455,1.1188970192356702
EXBD,12,240,0.9868466433227977,0.002732165761875,0.005257173677661819,0.06142643565269777,0.017888803189911234,0.10937069135999983,0.10833820145999978,0.9905597204592815
KEYS,35,700,0.9348371358397628,0.002729787798462482,0.005826842414877924,0.09727761180399502,0.008361848608895297,0.04517111949999999,0.055647818599999996,1.231933572069207
TRGP,15,300,0.973610323786511,0.0027254083171905645,0.006504266840694281,0.05436696185987616,0.014718806118492416,0.07671199199999969,0.09507213095,1.2393385762945692
CNK,92,1840,0.9816336974466687,0.002721051331667517,0.007969599549119985,0.05968865502228474,0.004492027488694877,0.12159538,0.14619596219999975,1.202315106050902
ESI,12,240,0.9822632529020017,0.0027200409592416665,0.005157176307074251,0.2985801962445567,0.04210458525044809,0.07420400544999993,0.07468548865999998,1.0064886417799168
TER,64,1280,0.9642556975551945,0.0027183051094131798,0.006317572470427665,0.02682518822511164,0.004427305599388831,0.08859232830000008,0.08859232830000008,1.0
CLF,67,1340,0.9692775469208373,0.0027171719032627155,0.009799245828134628,0.048767221609805164,0.0047542644791551715,0.14421145879999916,0.15629198919999995,1.0837695596488957
SMG,150,3000,0.9768646284877737,0.0027149448713084134,0.0056274530590115284,0.03310356617082559,0.0028493983097472838,0.10152213473999985,0.09656288509999984,0.9511510504315069
PDCO,72,1440,0.9720887342316531,0.0027047993687986114,0.006219379988363448,0.07074079810621049,0.005847572181964652,0.10417396044999946,0.10634958089999999,1.0208844939810535
ADVS,32,640,0.9675357746035751,0.0026944831567240865,0.005859029021042951,0.07629591840523346,0.014596620226470573,0.0717717481,0.0689555119,0.9607612148992648
CMP,101,2020,0.9643827746293773,0.0026827791449103963,0.005709950360549672,0.03847018680307092,0.0031401910156916156,0.07648765485999993,0.07229719739999997,0.9452139372337927
VAC,86,1720,0.9849754797720012,0.0026798384202261624,0.006364285803310377,0.02553065921321695,0.0027742316010505082,0.11901186324,0.12172570233999992,1.0228030973225517
AMH,16,320,0.9452199157914387,0.0026778353942351436,0.00517482182854262,0.0633475933608467,0.01759465041603989,0.04646905677000001,0.04640354800000001,0.9985902711491598
TEX,150,3000,0.9834220238797198,0.0026702768323776838,0.005675243613847948,0.014919462687240957,0.0016506660491283768,0.10476967009999999,0.10416858344999994,0.994262779968417
DBX,28,560,0.9619332764525963,0.002660059618888793,0.005750500724595958,0.07845910269031905,0.007313143833832961,0.057650693,0.05880440716999997,1.0200121474688946
BYD,92,1840,0.9838375030454235,0.0026563225855702932,0.006052084204895333,0.010685147021990315,0.0010263556127675828,0.10173471,0.10173471,1.0
NTCT,67,1340,0.9598590583649962,0.002654399631687595,0.006601516989467052,0.02170111721593976,0.003002773816304115,0.0821427811999998,0.08459837359999972,1.0298941959856591
DT,40,800,0.9754386954243522,0.0026514505135983467,0.005639342320927616,0.08042403154397003,0.006496291786421857,0.08931398416,0.08990141029999998,1.0065770903126172
FLS,56,1120,0.954080719878838,0.002647454956969945,0.006881729475247716,0.0475424618121298,0.006207925494455122,0.07728088399999948,0.07092716639999999,0.9177840978113095
STLD,113,2260,0.9702945768517142,0.0026455551517962595,0.0066863737344631914,0.07548480428771123,0.005556013089684261,0.08589454865999963,0.08548670695999994,0.9952518325509333
ELF,18,360,0.9893807614796214,0.0026454037260555557,0.007563705901899395,0.13825115286882989,0.013666756056757006,0.17811728130000137,0.1656132243000006,0.9297987432283996
RBC,121,2420,0.9641419544703087,0.0026394124823943548,0.006578416675567779,0.011684617228462318,0.0031131389517026885,0.08792328779999989,0.0896066502599999,1.019145808830866
ITRI,31,620,0.9778308199000925,0.00263068476939866,0.005878710776285544,0.08641562637308622,0.010639242960280168,0.10495942189999989,0.10324952,0.983708924181871
TWTC,28,560,0.9450111740110996,0.0026287102295791762,0.005832743755380497,0.10803235231337215,0.015952475238825804,0.059225775,0.061234742519999934,1.0339204935688884
RYL,5,100,0.9955459537937108,0.0026225611233000002,0.004522821366177845,0.9682837744048817,0.08053729463259453,0.10986648005,0.10878221715000001,0.9901310854820637
UGI,150,3000,0.9442848428884277,0.0026186697304991383,0.0063602532548738345,0.010859331372591253,0.003065903076200756,0.05882305188999943,0.06752512605999937,1.1479364618189658
PPC,74,1480,0.9728303748821584,0.002616351018624273,0.005662644441979289,0.08941699592571987,0.0054594459467497665,0.08540577180000027,0.08533630685000011,0.9991866480621143
IAA,37,740,0.9456747597456059,0.002612468366188971,0.0068916526074335556,0.06152146111295374,0.01137310486878303,0.057363395,0.06452305416000009,1.1248123330217832
LPNT,64,1280,0.9603939491755266,0.0026118361981509438,0.006108484378963683,0.03582757808989169,0.003872221757401575,0.07061586725000002,0.07512513770000005,1.0638563346398615
TRU,5,100,0.9869520582918965,0.0026019909221,0.004069396289131476,0.7626983107674727,0.0656975108556003,0.11246350406000001,0.11247059896000001,1.0000630862434823
DRE,54,1080,0.9559801830543742,0.002601245885934381,0.005328007421350311,0.016411724283069418,0.004729909830560415,0.06035135418000025,0.06001569080000017,0.9944381798128514
MAT,78,1560,0.974021568822968,0.0025991146893837433,0.006286518788509682,0.0219593123910938,0.003696453041048374,0.11297753,0.11348031300000011,1.0044502920182456
EQH,18,360,0.9477461077627527,0.0025932721940972224,0.0076361861598485655,0.4491644809308745,0.021664553140974967,0.09701491320000044,0.08697364760000008,0.8964977108282326
BJ,76,1520,0.9650777657029908,0.002592412788043421,0.006505997102070253,0.05897252444481493,0.0036736701484553903,0.08934510405,0.0923581632499998,1.033723831115733
NCR,128,2560,0.9725554801972763,0.0025888464441466167,0.007260407971062092,0.01743706607275978,0.0021072611028923466,0.11206428,0.11206428,1.0
HRB,67,1340,0.9618957001647762,0.0025756061132095748,0.005831490967263524,0.03846595967263711,0.004411845282819023,0.07089109963999975,0.07771326199999999,1.0962343988828591
IPGP,77,1540,0.9686541785773476,0.002571750763336743,0.006691501457956304,0.04683986067165416,0.005134701941435163,0.10939537,0.10483318629999995,0.9582963730549103
VCLK,19,380,0.9896703378864283,0.0025707374812736846,0.004212317979781453,0.17933285329087123,0.015848817204597597,0.08073059439999934,0.07677735539999923,0.9510317119627185
TECH,98,1960,0.951110069337913,0.002566770653842347,0.005323462512573905,0.0413364735918085,0.003436889722240313,0.05245733680000005,0.05513885234000011,1.0511180266398894
TRN,104,2080,0.9782064031817589,0.0025620430477452847,0.005589323251577236,0.026763549950435638,0.003639803635833121,0.08630061,0.09088440700000004,1.053114305912786
SAFM,50,1000,0.9693922127325125,0.0025479897921174997,0.005703768499095505,0.018384936998000947,0.005229041580401926,0.071464635,0.07145694413999987,0.9998923822951011
PCH,150,3000,0.9669682463337922,0.0025459950872437505,0.0058334294493487295,0.010393030511699819,0.0016634465392353051,0.06141142005,0.06221935129999956,1.013156042464769
MRCY,51,1020,0.9790367370787803,0.0025436862537042536,0.005699372911492727,0.06951104179461642,0.006998545281391457,0.12326300739999957,0.11961966003999977,0.9704424917349549
SATS,10,200,0.9918227913556122,0.002540952441245,0.004945642274474808,0.5174184849967451,0.031337729553813434,0.14182926199999965,0.13593949079999956,0.9584728065496096
NGVT,54,1080,0.9845029490801592,0.0025404014029537037,0.005515087213574852,0.09228078390147751,0.007046034501624637,0.10779574870000033,0.11191116890000014,1.038177945323736
JEF,13,260,0.9844066297654206,0.0025359614703461537,0.005831473219590193,0.38317167380357425,0.03702148435508262,0.09033559616000009,0.08476484960000016,0.9383327636413318
WHR,16,320,0.9833255158338452,0.0025281449426874996,0.0048269569032097686,0.22107736368627248,0.01922768485519626,0.09142143190000006,0.08551343378000005,0.9353762241827236
OLN,150,3000,0.9783688590993327,0.0025089221663784408,0.006218247988403298,0.02191196871378528,0.0025357519917862574,0.10366876909999946,0.11173131554999997,1.0777721826929703
RJF,49,980,0.9592931822402216,0.002501584312524725,0.0057738471059554505,0.08359192159203861,0.009362597129391456,0.0746531110000002,0.07948696330000009,1.0647508487623494
WCC,28,560,0.9905085947756003,0.002501518700580357,0.0051258439193408055,0.15320720797868795,0.012412253787923724,0.15120534829999965,0.14835053939999987,0.981119656598815
HELE,101,2020,0.958362663060315,0.002490737359642079,0.007529085471261555,0.023419344077684714,0.003089796077119745,0.10265231909999988,0.0996507658999997,0.9707600059471021
SLH,35,700,0.9253131040442498,0.002486886688279,0.006660681091593173,0.13100346127364215,0.01171937286335361,0.051555925829999974,0.051555925829999974,1.0
UFS,94,1880,0.9770754495054222,0.0024858231302162187,0.005569315669703842,0.05806978973327685,0.0034558368348939785,0.09254923195000009,0.09271649820000007,1.0018073218596817
EBS,17,340,0.9693019591645944,0.002485504158529412,0.008184055230007736,0.02868256216031769,0.008580009360872014,0.13588204030000003,0.1317901408000001,0.9698863846100202
PSN,13,260,0.987122607414376,0.0024808080516923077,0.004281625785124289,0.3020923744268607,0.014403129718749956,0.08302012620000097,0.07694412080000057,0.9268128623972107
ROIV,15,300,0.971974925486671,0.002480129067033333,0.005406418909665688,0.12954717803747642,0.019786568375455213,0.058396653179999945,0.05836761887999997,0.9995028088354571
APY,17,340,0.9953482598753224,0.0024755853966270587,0.006418380690026867,0.11190438005647704,0.006224550760359328,0.3223370707000027,0.3223370707000027,1.0
MAN,145,2900,0.9758066087587666,0.002470222779014219,0.005357470853527972,0.02390836603378975,0.0026044200167369145,0.077087216,0.08174807399999996,1.0604621394032439
ASBC,29,580,0.9662919103166232,0.002470169318523554,0.005360440798346447,0.06296116123264005,0.009488459014860156,0.06577267660000001,0.06644341420000008,1.0101978151821187
RGLD,138,2760,0.9626757922420904,0.0024563975318176307,0.0063475855775873375,0.014884910920010281,0.0014720864322973104,0.07377028363999992,0.07544941984999999,1.0227616884082251
PPDI,5,100,0.9937750114524706,0.0024489186785660007,0.008454857564669814,0.6178956893409023,0.023772989242718468,0.2295145,0.19162668859999998,0.8349219269370779
TWLO,5,100,0.98980661711989,0.0024470438826999998,0.004799152999931615,1.7330838627903828,0.09521554934209231,0.06474941310000058,0.06606963305000037,1.020389682111262
GBCI,70,1400,0.980692672255822,0.0024466332921068952,0.004672560515944839,0.08704704897660812,0.008892776751933762,0.0796848501,0.07546572659999999,0.9470523757689794
GRUB,21,420,0.9865372075435137,0.0024458360158432606,0.007505320795064579,0.058946271607659764,0.00742676550832754,0.14646679250000005,0.14722566010000004,1.0051811580430423
JBLU,127,2540,0.9856525054933791,0.0024448980700962847,0.005097104661943436,0.026571513458090605,0.0026282199067030007,0.10356714240000062,0.10518953460000009,1.0156651246949868
VSAT,84,1680,0.9676634925207487,0.0024408967307703393,0.007818692512811875,0.0482154590055883,0.004092037044561894,0.10921232684000039,0.11160604264000028,1.0219180001860666
NVST,56,1120,0.965071408497082,0.002434350932883036,0.00601962695413455,0.05968943957749672,0.008314750441713627,0.07507514469999987,0.07747587324999995,1.0319776746297777
VFC,10,200,0.9962433076769766,0.0024245183648,0.004894661181350045,0.13081492850038845,0.015041589466600912,0.24402424419999913,0.24384558939999929,0.9992678809411518
EV,93,1860,0.9733368846918876,0.002418178590327593,0.005770969872201184,0.022836570886760017,0.0021723565216571696,0.07821155765000101,0.08168409634000001,1.044399303559951
CRUS,106,2120,0.9800623351091577,0.002417813383151874,0.005332423447864968,0.015213691556359713,0.002287541140656351,0.09127702296,0.089741552,0.9831779027162961
CCK,28,560,0.9648383955603254,0.002411801450826786,0.005367883896509858,0.1272129802108703,0.012104036192277796,0.07662683,0.07394748889999996,0.9650339039211194
NVT,88,1760,0.980948451919016,0.0024086555017830726,0.0051247425120883264,0.01783689200792636,0.0026566589926477237,0.09057285304000014,0.09246049886000048,1.0208411875815229
DKS,150,3000,0.9785370841655943,0.0024045894078507176,0.005926148865484704,0.010774940847488104,0.0018215957782213733,0.10692049006000001,0.10781820474999984,1.008396095916658
ACHC,95,1900,0.9755423027336497,0.0024001827488897612,0.006454493312040298,0.04087279577186202,0.003122616557797015,0.10831833,0.1067090701,0.9851432356831941
MANT,21,420,0.9588223906686704,0.0023939260006428575,0.0059952011264432755,0.11341769379662574,0.010127918401832577,0.06251998601,0.06251998601,1.0
ISIL,49,980,0.9671797006405017,0.0023918246902924333,0.005620063618905851,0.04718610543563964,0.0050177925641499525,0.06986350684,0.07064031260000013,1.0111189059229326
ABMD,27,540,0.9402043133487887,0.00238427632671698,0.00658831610574149,0.2167526554232715,0.011586779866984098,0.07805794640000004,0.07711079825000007,0.9878660893133622
TUP,75,1500,0.9733122850447852,0.002382056608536215,0.005161300597570957,0.05392230878691006,0.0044536443743174526,0.09200407649999993,0.09194767229999999,0.9993869380342083
PSS,12,240,0.9859342353521217,0.0023792729616666664,0.004817354848257919,0.361009035359028,0.023990102948999073,0.09309888653999983,0.09505339389999977,1.0209938854549048
AVAV,5,100,0.9961837988840331,0.0023769848066999997,0.0036877137371969728,1.2315028218250035,0.05737276978262981,0.13768633190000004,0.14216789990000006,1.0325491131774425
HLNE,13,260,0.9810924037561982,0.0023750463509384615,0.0058571952543926544,0.136683681022809,0.019240750462634383,0.09853766409999999,0.09853766409999999,1.0
CYTK,16,320,0.9926693738154261,0.002374530834,0.0038969101434758167,0.3057696612446782,0.027682623092014275,0.08878657655,0.08783615165,0.9892953987310822
ALK,46,920,0.977110077959099,0.002373995616506304,0.005874933784723211,0.01459269627923297,0.004181423657143536,0.10409087969999972,0.10089871505999994,0.9693329074631714
RVBD,31,620,0.9816374368750468,0.0023726858677745283,0.0063205784366704605,0.010888806816498222,0.0031463019668085098,0.09756243734999949,0.09789573724999957,1.0034162727895408
UTHR,150,3000,0.972009370548382,0.002369944877346069,0.005429022592406736,0.04647374140854392,0.0028586892253282753,0.07551605,0.07455215309999985,0.9872358670772617
UNM,52,1040,0.9625004499534217,0.002368137572851923,0.005590509673780083,0.06535944257180215,0.0061568532265259875,0.06941587641999991,0.08029173869999907,1.1566768704927801
XRX,33,660,0.9805483133862187,0.0023674335428446043,0.004783662496203718,0.0730564919372108,0.013521722709562365,0.06923953539999975,0.07096806075999984,1.0249644274765035
FST,14,280,0.9953948119016731,0.0023671512301139406,0.004379047485044825,0.10896187811826546,0.01464028423528551,0.14027590369999837,0.13770404209999865,0.9816656921669167
CHK,30,600,0.994870231893564,0.0023661980253666666,0.0053460682774373,0.014564702239804607,0.004028162107572842,0.24205829789999958,0.24205826819999957,0.9999998773022851
UNT,31,620,0.9762711377688057,0.0023648677315529524,0.005356579297510161,0.06199172508029172,0.009858131170679664,0.07269107159999962,0.07790687949999978,1.071753074830172
PAY,58,1160,0.9868674222783641,0.0023611809816881883,0.005369379204179094,0.073296802618109,0.004499885238284082,0.09895630744000067,0.09378315280000038,0.9477228407786246
PLT,77,1540,0.96700154673228,0.002349284184806064,0.00576053465022431,0.029936664990000125,0.0031749099345511015,0.07733635,0.08037106169999968,1.0392404309228414
ARW,150,3000,0.9627640110984905,0.00234881922730022,0.005660550356828256,0.008663980358019387,0.0023743235529830177,0.08250500373999971,0.0837545285599994,1.0151448368384706
KEX,150,3000,0.9780421649597487,0.0023477215530894316,0.005020840125343102,0.026255009036423513,0.003369010913373561,0.084571846,0.08293253589999997,0.980616361383432
STOR,36,720,0.968751989278154,0.0023459894557727,0.00538110382160596,0.05598897996912873,0.010170925772574054,0.07738459679999969,0.07203963094999978,0.9309298481736106
MCRS,27,540,0.9526420676084744,0.0023456378888505485,0.005754146566907818,0.03779721113691969,0.010352812021667535,0.05692694077000005,0.062394222100000084,1.0960403151135294
WRI,96,1920,0.9674790071864751,0.0023394783936602852,0.006442521993601879,0.03730089993068827,0.004443339393019807,0.06772123355999979,0.08193909179999992,1.2099468289720885
GMED,104,2080,0.971254369357109,0.002336963305587637,0.005955301387830706,0.03476795549648119,0.00253301428971417,0.078966275,0.07938391481000007,1.0052888376715259
PII,150,3000,0.9797936881428829,0.0023342535837837844,0.005320461141019604,0.036005253036063736,0.0024180972871412345,0.09083984704999984,0.09083984714999983,1.0000000011008385
CARS,21,420,0.9715891347689714,0.0023341563617551653,0.00555391114584653,0.0694167830827786,0.008259479556324105,0.06955538454,0.07052126460000001,1.0138864886793135
BWLD,29,580,0.9444216707203034,0.0023306386825396553,0.007365065589116369,0.09915572122644392,0.01284419488809636,0.07684773,0.08668246520000046,1.127976912265339
WDR,51,1020,0.9789436444193396,0.0023303365839797436,0.005052964021854333,0.07343784325357286,0.01207349267347432,0.0832618381,0.08507808144999993,1.021813635051133
AYI,123,2460,0.9772686271131167,0.002329208951253183,0.005270423754196111,0.007439850548098183,0.002091621762533121,0.0894905741,0.08949058,1.0000000659287311
BLD,70,1400,0.9778334511609278,0.0023225499231348573,0.005833030765154846,0.03879693984535887,0.00452638942092836,0.08393897679999997,0.08392740165999998,0.9998621005349212
KMT,119,2380,0.981416598915657,0.002319470587085178,0.005323856754585642,0.005289040512408126,0.0014933741994360458,0.0988079774000004,0.10396540660000002,1.0521964859084303
PRAH,34,680,0.9862490624173224,0.002315644425386765,0.00449633946076381,0.1967471509802946,0.01146766861237614,0.10880281335000169,0.11283447280000086,1.037054735313047
CBT,150,3000,0.9721731519927846,0.0023151294803643334,0.005751306872949255,0.013855689291408152,0.0014539523316482702,0.07986213574999988,0.0798783796599995,1.0002033993938062
NDSN,101,2020,0.9748446601244756,0.002313674493819904,0.004768088289737014,0.020041195826930536,0.003591741286129181,0.08071571839999984,0.08278643767999999,1.0256544737635656
AMD,33,660,0.9943729386802763,0.0023078872600497437,0.004091337024905919,0.13619502697446303,0.006866605250267036,0.14067324249999974,0.13235457069999984,0.9408652871565115
MTX,110,2200,0.9717584754631826,0.002295188726489232,0.0056699178606969295,0.005998283817939628,0.0016598165490768594,0.08027923009999999,0.08033878879999859,1.0007418942598778
HAE,88,1760,0.9763924136940251,0.0022915037044654585,0.0059596861057762615,0.02370552224936815,0.002563577877750095,0.09345989470000007,0.09842637855000004,1.0531402679827753
WFRD,23,460,0.9919807532401641,0.0022909396923043476,0.004465905753762883,0.10817658428386065,0.011730253323325002,0.13524354,0.1399256660999997,1.0346199611456466
GPK,28,560,0.963046330217247,0.002290400111024121,0.005734346368523142,0.08254592305583869,0.008300359124005952,0.05824592773999999,0.059179853029999945,1.0160341731385727
VOYA,50,1000,0.9469119970220391,0.002289028833394,0.006812677322777966,0.023313750789646433,0.006549684285508384,0.08477761,0.08208238464999995,0.9682082881317361
QLGC,14,280,0.9778913800815506,0.002288858763984505,0.005205786625532613,0.19924394920979216,0.022348444305313502,0.05863891799999987,0.06073758854999993,1.0357897215975245
MDSO,21,420,0.9817766259429089,0.0022843531400431045,0.0043838178483779555,0.03408547692493551,0.008510612965724522,0.06753395905000001,0.06707760065000001,0.993242534475698
HTZ,16,320,0.9952076460196922,0.0022796699073237025,0.003480804628175438,0.4148633976730507,0.02974696562718417,0.12386335886000001,0.12581227739999998,1.0157344234641883
RCII,35,700,0.9772209135005316,0.0022794705251971427,0.005103959950950416,0.03707674441332684,0.00450812680719518,0.07004099099999994,0.07071636404999995,1.0096425398949598
MOH,70,1400,0.9797049865645223,0.0022734277448711866,0.005579563455872332,0.040100489462883124,0.002851937459202868,0.10249505460999986,0.09962866800999984,0.9720339033828822
ALEX,77,1540,0.9483182828492372,0.0022687703699720177,0.005958269655959911,0.045792494898472196,0.005189172627967574,0.05978662305,0.06503193030999992,1.0877337938222942
LKQX,8,160,0.9894918423055864,0.0022662579753749998,0.0043624120673863495,0.6066695935195581,0.052994512475811606,0.09557182870999999,0.09645537909999999,1.0092448831619725
PRGO,56,1120,0.9736576279543298,0.002263387352029835,0.005189558357344285,0.04028692727883207,0.004253756217480002,0.06727857953999986,0.06908917389999993,1.0269118993352646
UVV,29,580,0.942820631822522,0.002257218444374138,0.005305895626495419,0.2323168505968921,0.017778845452459904,0.04740079444000013,0.04751431188,1.0023948425620495
MSCC,27,540,0.968637332966186,0.0022566901028675574,0.004834151383315249,0.10842638682585194,0.005972226647506076,0.07450253,0.07480762455000001,1.0040950897909107
ORA,44,880,0.9636169041980008,0.0022499483311240994,0.005331662653074004,0.04908894161556972,0.009348827865948223,0.076902635,0.06430141013000033,0.8361405318556423
CYN,32,640,0.9723516440083474,0.00224740527692214,0.004736654713188611,0.10473582925830742,0.009523271933150518,0.062138455030000005,0.06156143373000001,0.9907139419587853
VCI,18,360,0.9889552600141388,0.0022447701138407707,0.004746597142372738,0.12917507692095279,0.012396722729239733,0.12165054324000084,0.13183000750000037,1.0836779186420629
NSR,55,1100,0.9507556931166801,0.0022446469646715157,0.006265620987211195,0.051211023057005874,0.0035274455766616786,0.060616210259999984,0.07089311,1.1695404528907283
PLCM,44,880,0.9841056464016633,0.0022359330778971,0.005394029136400627,0.0952989110807854,0.007840237877586302,0.09902345854,0.0997596602000001,1.0074346187343348
CBOE,44,880,0.9369305528377841,0.0022345079959393875,0.004443008649391841,0.10461662051400669,0.012973027661225855,0.03842932,0.03753245600000003,0.9766619862126114
LYV,55,1100,0.9542517991043347,0.0022239516239618185,0.004807112347251887,0.07500251856817705,0.008584767483814117,0.06027582845999997,0.06027582845999997,1.0
UDR,35,700,0.9481545482508644,0.0022189008759234486,0.005408881361909591,0.04726067993877868,0.00762862165491714,0.06225834902999998,0.06138756757999998,0.9860134188656304
MMS,120,2400,0.9573103441979232,0.002206170133522872,0.006007904038775512,0.06710081162988538,0.004118749120116867,0.07108649599999986,0.06999933953999998,0.9847065684599241
ANR,9,180,0.9948885558953066,0.0022033103306944445,0.0033829424230225886,0.590719533388156,0.03134670995568576,0.09823967600000032,0.09443091790000037,0.9612299403349016
R,96,1920,0.9811935089933267,0.002202386378499776,0.00479711394907984,0.08866377597200624,0.00493666398300176,0.09674140269999991,0.0906186043,0.9367096379717894
MUSA,134,2680,0.9297188154602588,0.002199042548404643,0.007166898075588102,0.01335777924113239,0.0024697683455597638,0.05820718842,0.06817079606000002,1.1711748653466403
PKG,54,1080,0.9615386000919826,0.0021954478489203703,0.004614509703615679,0.062310837559629156,0.005887250737492287,0.048722014,0.05418599337000007,1.1121460079626442
DLPH,27,540,0.9940960444135623,0.0021945958140703703,0.003990427960623022,0.02352219111611293,0.007161785601773885,0.1413658933000008,0.14701720390000061,1.039976478541446
CY,79,1580,0.9793320350929865,0.002168257441328696,0.005969816437967643,0.03274427557616797,0.0018436663305292948,0.08614422525000008,0.08800124516000002,1.0215571026915693
LM,36,720,0.9340244169605426,0.002168128237772222,0.006371283779616372,0.15212791290346653,0.010887893132844276,0.048074714049999995,0.05646252340999997,1.1744744513982186
ENS,107,2140,0.9807509946965571,0.002168093780921028,0.004955163762161919,0.022614987738721906,0.0026123822484596026,0.10769928840000005,0.10553284238,0.9798843051594384
WLK,40,800,0.9839975791465743,0.0021607441672875,0.004156145678404098,0.014742955068576343,0.004197637150370473,0.07657593464999998,0.07475819460999998,0.9762622546063824
DNKN,59,1180,0.9615844704110353,0.002148059351583403,0.005678430244109046,0.01073660218943502,0.003141954709539047,0.06924294,0.06957448170000007,1.0047880939197564
MDC,36,720,0.9790754156458567,0.0021470249788853447,0.005424889259465661,0.1023832150610276,0.010526180678473007,0.08158173,0.08158173,1.0
AMED,77,1540,0.9787880852699788,0.002146882943040352,0.005422738292075245,0.05392524041430031,0.004129920370094793,0.09650478329999912,0.0933029402399983,0.966821923737734
SNX,116,2320,0.9745242103765986,0.0021441846728416313,0.005213785068845749,0.08104575522633829,0.005425982268122176,0.08895586759999928,0.0866634771999999,0.9742300259460411
CHDN,111,2220,0.981715760772465,0.002143281426355315,0.005121440806429926,0.03487814176846715,0.002376231748756143,0.10240573388999998,0.10227866013999999,0.9987591148935422
LAMR,150,3000,0.9681541975924768,0.0021422089213892167,0.005680882232230314,0.005967595443563532,0.0016088041377047418,0.07172350869999972,0.07171137,0.999830757024862
IDTI,69,1380,0.9821356769845996,0.0021417631203449867,0.004905762130313542,0.04969986061899913,0.004924700430936443,0.09922970789999999,0.09859058605000003,0.9935591682821031
TRMB,92,1840,0.9813759570188212,0.0021398149523820737,0.004568317788537964,0.027473170761676356,0.003567063354454792,0.08037693824999959,0.0829536555999997,1.032057918677938
CYT,33,660,0.9760878917132971,0.0021366296849409092,0.0049957339284129425,0.08289190120403986,0.009917048824175403,0.0790492164199994,0.08136556585999953,1.0293026236679317
CLI,83,1660,0.9671885465001747,0.0021356121843991516,0.005187356508745134,0.011369334961891964,0.003267772954549124,0.07035448294000017,0.07287978940000026,1.0358940376571841
MTZ,86,1720,0.9883788511223951,0.002131964128266279,0.004862601870522449,0.04639509457544026,0.003661543297050463,0.12413476659999954,0.1243314555499996,1.0015844791542876
CPRT,62,1240,0.9762879652855634,0.0021239957419765016,0.00526907101380749,0.01860022874415583,0.002170879251220263,0.04659582183,0.05539186349999977,1.1887731844733034
JAZZ,67,1340,0.977558822436077,0.002122056101956969,0.004458070780347485,0.06834268935134827,0.0035974537103801753,0.0767638266999999,0.07610779,0.9914538301671209
CUZ,111,2220,0.9806196978058501,0.002121862936664599,0.004725438670151677,0.045618937515305005,0.0032554492256923924,0.08115359004999996,0.08115359004999996,1.0
HPP,31,620,0.9754720398346056,0.0021216952314424818,0.0059869661326931185,0.06035932376252044,0.010581890151906234,0.07815650319999996,0.08408759079999992,1.075887320404068
CNM,21,420,0.9817133597031581,0.0021215217142380952,0.004401231567937714,0.06979618136580953,0.008495478012328375,0.07599061450000001,0.07546900015,0.9931358056066252
MLM,23,460,0.9713919348697748,0.0021199829917043483,0.004991847535517044,0.1636097399046672,0.016939863270159634,0.0688908685999996,0.06929049039999967,1.0058007949111571
PSTG,18,360,0.9930308107108943,0.0021132303313055557,0.004795790848024365,0.02254604767366788,0.006754677616593182,0.14439233410000002,0.1455512975000001,1.0080264884366883
SF,121,2420,0.9797055215284254,0.002110186648535194,0.004963928171811701,0.008295030148874116,0.0022139420595765087,0.0833715,0.088561594,1.0622526163017336
HR,43,860,0.954926736838531,0.00210634695470915,0.005281590724525736,0.13135143770538804,0.015211288746505923,0.05397886248999998,0.057876531669999995,1.0722073233892635
ANSS,54,1080,0.9371871463984075,0.0020967827577042593,0.0055688666536331,0.027310788704394687,0.0037645688745041417,0.05275396363,0.054488556170000015,1.032880800240261
ULTI,42,840,0.9392425822267759,0.0020966158898392856,0.006547081543807152,0.06372339497134014,0.008374617851775379,0.06481693,0.06543277990000002,1.0095013741008718
DAR,73,1460,0.9862874204377635,0.002092249196693763,0.004943755195788944,0.1447365899214336,0.006952044212078399,0.08761439705,0.08902401814000006,1.0160889207420514
WBMD,22,440,0.9498834075084374,0.0020713988401085924,0.005517635069299468,0.15306372688372127,0.01429988905069026,0.0684751161,0.06738459270000001,0.9840741650089734
VSM,30,600,0.9711588719294283,0.0020709196544346537,0.004583635258268283,0.057280974943948335,0.00903223373760054,0.06300161094999997,0.06643446012,1.0544882760652652
SEIC,150,3000,0.9609988020594674,0.0020635364759184435,0.005186700242680171,0.022125603057686995,0.0022533197180260494,0.06971139005,0.07021282399999978,1.0071929988720658
ACM,150,3000,0.9763079770405568,0.0020603191729492987,0.004695227666621389,0.015293888223538521,0.0017940748486466045,0.07736629619999992,0.07736629619999992,1.0
DLX,82,1640,0.9721778127636111,0.002056727126087078,0.005664764429416721,0.008436367748212553,0.002278673045082559,0.09321397349999984,0.09225886355999999,0.9897535755194488
AMG,95,1900,0.9762413641863117,0.002055955268296842,0.0056738949831181135,0.04514416085825612,0.004144482940884343,0.10087395715999996,0.10087395715999996,1.0
ERIE,13,260,0.9723177675650917,0.0020531341126423077,0.005154522856240511,0.27250542994047144,0.023767930899397154,0.08801221620000026,0.08294867395000047,0.9424677338144364
AJG,36,720,0.9482252794944104,0.002050459662611111,0.004294671130221891,0.03911275659211627,0.010407775220588077,0.04264074833999967,0.043584729899999945,1.0221380157888729
LRCX,12,240,0.9869363922549905,0.0020498793611666666,0.0038540009131295917,0.4840474184983241,0.05511495979892739,0.059597529549999986,0.05813747192999999,0.9755013734457724
NUVA,69,1380,0.9872964367736253,0.0020486447551408254,0.004535366165007505,0.02118406121392864,0.003035106140550318,0.1061589721,0.10440854200000003,0.9835112372946576
DBD,62,1240,0.9759523617136794,0.0020420603245059053,0.004615192888066135,0.07834539503066068,0.0046342810554938895,0.0669684994999997,0.06713249189999967,1.0024487990805286
HSIC,30,600,0.9552957810552767,0.002040460060025,0.004047365033701494,0.14823826331306486,0.01868862870855237,0.04099807984999999,0.03950545183999999,0.9635927337216502
RS,150,3000,0.9663121801220519,0.002037444232197464,0.005144999760732498,0.026738720568406957,0.002224171299462147,0.06713930005,0.06721313089999983,1.00109966666237
BEAV,50,1000,0.9717339553543483,0.002029848855002896,0.004804628015854786,0.03409490229373732,0.005779746766405705,0.073781624,0.07558190526,1.0244001305799395
ALV,31,620,0.9764592544820531,0.002027151765840843,0.004410048079660307,0.08502299812179125,0.009822552489001525,0.07870334989999926,0.07868468429999925,0.9997628360162086
THOR,32,640,0.9921510530228552,0.002025782874443912,0.003900733876803032,0.22836595980862298,0.010519550808823497,0.06614772620000005,0.06510801662000008,0.9842820057509405
OHI,150,3000,0.9760293063418721,0.0020253377173609375,0.00527654324085872,0.03159269786444574,0.001390209677123978,0.07346798339999917,0.07709142579999871,1.049320019855065
HYH,33,660,0.9656989976056581,0.002024108167037879,0.004756721185324883,0.1472142736581443,0.008366891472340338,0.05760981072999978,0.06068609591999993,1.0533986338614754
GHL,22,440,0.9908976860191451,0.0020230275642867486,0.0034744044044975548,0.1347433541177588,0.015846141540372238,0.068992876,0.06905849614,1.000951114720888
SNV,149,2980,0.9827717414389354,0.002019211929052599,0.005252918964432928,0.03388457625095344,0.0031814448107106283,0.098981835,0.10589298829,1.0698224405518446
NEOG,55,1100,0.9856977921796286,0.0020185577971426226,0.003980423998920508,0.0757970344377002,0.005680937273158051,0.07035447639999994,0.07502998749999999,1.0664564834996066
LII,138,2760,0.9683914389635,0.002015625865668478,0.004772197653587108,0.012925473173045213,0.0021106375018588126,0.06091916771999995,0.06236654966999998,1.0237590565362378
EWBC,150,3000,0.9777966219963685,0.002013883118057848,0.005257350399840907,0.02223105019720937,0.0023929787129601462,0.08278399079999987,0.08279384489999964,1.0001190338845052
TMHC,73,1460,0.9924415945009211,0.0020136028009876713,0.004367864467132679,0.04960689343665478,0.003325942811008175,0.13602855890000065,0.12361572030000093,0.9087482900622006
DST,61,1220,0.9606123664884042,0.0020130376188991802,0.004310472635897606,0.01885763599629204,0.002018209281197152,0.04839030911999998,0.04899864099999996,1.0125713575933442
HUBB,106,2120,0.9714384410642075,0.0020124109136934907,0.004542540730072895,0.05333520570256854,0.005330971433099025,0.059005455919999894,0.06248916929999999,1.0590405298236039
MORN,23,460,0.9678984593669133,0.00201225931084153,0.0045487666813943586,0.1984729697993881,0.017316615534791774,0.06501373075999933,0.06732319207999946,1.0355226702575429
ESL,67,1340,0.9638813914087008,0.0020034824123937893,0.005429802876345048,0.026180743575459273,0.004542159157709735,0.07853886375999962,0.07853886375999962,1.0
AXTA,31,620,0.9692657687469842,0.002003101120141389,0.00487437918958449,0.08194487768693082,0.009573833575856358,0.07772323905,0.07740363633999955,0.9958879388725057
NATI,128,2560,0.965354521064532,0.00199597130056924,0.005740162564354544,0.01295634856940871,0.0023558789124371177,0.0720151773999997,0.07433548243999989,1.0322196670725718
TOL,150,3000,0.9811626015384088,0.001994339404498217,0.005053934549412903,0.0026929966683887905,0.0006799835627662595,0.080516174,0.08052796515999971,1.000146444613721
KRG,51,1020,0.9719370453072003,0.0019941720885463354,0.004262062044564457,0.03392840048542564,0.009286374980259623,0.05630544205999989,0.05630544205999989,1.0
COR,45,900,0.9729075070646888,0.0019930734447044444,0.0043278190352674445,0.14318797574609998,0.01123549869669956,0.0736494501,0.06885595123999999,0.9349146686975738
FEIC,22,440,0.9796857869635993,0.0019923922506594775,0.003817713302599996,0.17418191297267926,0.00942900493502074,0.10075076840000033,0.09781044540000032,0.9708158751869133
CR,46,920,0.9951148081891996,0.0019883464788206526,0.0045560813720767505,0.017757697636496397,0.0009721044625365506,0.06635717,0.07115538839999969,1.072308966762743
VAL,83,1660,0.9771840524632702,0.0019836109046196464,0.004905960146706173,0.041245434646781855,0.0043268121205031675,0.08018175650000028,0.08679648506000011,1.0824966781564558
URS,28,560,0.978503771147106,0.001981624438770219,0.0044172186582354545,0.0739488389531118,0.012823926642185002,0.06756345,0.07089152279999963,1.0492584792517203
UMPQ,96,1920,0.9831526718200092,0.0019799998642138837,0.004169294348424782,0.008369881906705512,0.002350451659012206,0.07895070519999987,0.08127530874999998,1.029443733835073
AMCX,88,1760,0.9800715444472486,0.001976089601190909,0.004632423759748831,0.01974894287747371,0.003263200584577914,0.080005676,0.07917334176000011,0.9895965601240606
RKT,31,620,0.9833693258678259,0.0019720258973387095,0.004049580511442421,0.05295412854653741,0.014277246575035001,0.07229641,0.07275043929999997,1.006280108514378
TW,35,700,0.9565914823381606,0.0019702739833921427,0.004943576665331604,0.043808058456724336,0.00606857007469153,0.05220303023999996,0.05616535405999999,1.0759021804248434
BILL,12,240,0.9849678146461723,0.001969821863216667,0.008678986540100984,0.1600906615847079,0.009568721738456208,0.13475865199999937,0.12947102539999927,0.9607622477553418
CTLT,51,1020,0.9783788173062068,0.0019680276456970586,0.005497240958005015,0.025754408244962192,0.003108475408294242,0.09679681604999991,0.0970829,1.002955509919379
HCC,32,640,0.9641723413607833,0.0019644075834059672,0.004868990301610093,0.07492906287243085,0.008794307445382413,0.04456931244,0.05726093610000002,1.2847614864394803
PNFP,96,1920,0.9825084874652398,0.0019599453091526924,0.0051825319507368935,0.06534404697313832,0.0036421760907802358,0.08956891724999941,0.0877356653499998,0.9795324990377773
NSA,55,1100,0.9776761853940009,0.0019592800749145454,0.004147084638802853,0.023845855027735587,0.006261846622702661,0.05782919839999995,0.0643489836,1.112742098807997
PVTB,19,380,0.9457258635874144,0.001958728603632672,0.0064456484056476596,0.08063759222788414,0.012159668117998115,0.08887311199999978,0.09707430266,1.09227977366203
MTG,62,1240,0.9737747100139945,0.0019572733691864052,0.004030603171324935,0.06462490850239258,0.007406643261193947,0.05834197682999993,0.05834197604999993,0.9999999866305526
DCI,150,3000,0.9591040237189504,0.0019569004008388917,0.004962424343601251,0.016389763515976583,0.003366549939728465,0.06925535319999998,0.06863519409999985,0.9910453261539336
VLY,150,3000,0.9812524867833557,0.001956478715308693,0.004487277357233776,0.028281695211468796,0.0025959646770753663,0.07530787714999941,0.07873400479999951,1.045494943950895
ODFL,57,1140,0.957020665972705,0.0019481507339526316,0.004579900034622439,0.08655413036621279,0.00815603062680112,0.043002866,0.046584204539999986,1.0832813919890825
VSH,138,2760,0.9776236238453677,0.0019457102553384741,0.005044991702892738,0.015509959614169361,0.0015498450941194121,0.07348708639999989,0.07423039899999989,1.0101148737337884
ANN,32,640,0.9745608080762426,0.001938030010811467,0.00559190181855093,0.07502813723851254,0.007761147244830761,0.07702306505000003,0.08312809121000012,1.0792623113094366
MCY,106,2120,0.9560787272665696,0.0019366115148875037,0.0051563689977663675,0.027616801360260262,0.004210736120924449,0.06697930324000001,0.06899252859999998,1.0300574246463297
DWA,42,840,0.9887244390651311,0.0019348414562193861,0.0038513417598880187,0.07198669955805073,0.005163842131683909,0.09062101605000002,0.0908478627,1.0025032454930192
CNL,35,700,0.9333915408660349,0.001934784913561152,0.004135803671776751,0.05423424082977196,0.009039095951088719,0.03033238602,0.03252477542999999,1.0722788312318858
HOMB,97,1940,0.9861244869878418,0.0019307341420391555,0.004008572457001994,0.06955885448996013,0.005277993610608524,0.0878446863999995,0.09076358833999955,1.033227985204579
HE,127,2540,0.9679224148696044,0.0019222326453317274,0.007067290516228413,0.027542936375498143,0.0035990140060931527,0.07661072,0.08229076615000011,1.074141662550621
JBGS,64,1280,0.9812564915198189,0.0019221039076181012,0.004399797754699549,0.07495005098322002,0.00475153802107064,0.0861553421500001,0.08865057230000002,1.0289619899095244
CLC,44,880,0.9482534925843081,0.0019201087755834638,0.004340266977634254,0.09846037676769538,0.00849520875912984,0.03794021524000005,0.043322870070000026,1.1418720161694047
CALX,33,660,0.9903067821232117,0.001919653292939394,0.0048026453388701216,0.015495709557366842,0.004225488705764538,0.09975138499999996,0.09864076765999998,0.988866146169299
ASGN,86,1720,0.9846232790109306,0.001912221185101744,0.004752437758490954,0.009747733086642073,0.0027134054807355203,0.1010385281,0.1010385281,1.0
EXLS,40,800,0.9696413890697889,0.0019121785442643851,0.004958880682326028,0.18609740521780951,0.012857068519799914,0.074933395,0.074933395,1.0
KRC,137,2740,0.9804176174258773,0.0019063467460107458,0.004194788339063058,0.023500841698006945,0.0021882691570140195,0.07066242,0.07266804426000012,1.0283831810458814
CAKE,80,1600,0.9865800990032405,0.001898039159998672,0.004094765736771347,0.013943667662970682,0.0015449732621843596,0.09912772879999998,0.09374942129999995,0.9457436625946379
SLM,128,2560,0.9597163844735809,0.0018978826495154328,0.0067447648565679115,0.02123479004621988,0.003139904823605469,0.0709259116,0.08443338889999998,1.1904448881274579
TCO,92,1840,0.9639200813483385,0.0018968308170941555,0.004893155064493286,0.009781507737846218,0.0027887906061513884,0.063216954,0.06951368759999998,1.0996051407348728
IBOC,150,3000,0.9812664934978511,0.0018923475197443254,0.004707011009221548,0.013824268123856289,0.0013996008788357884,0.07289578384999962,0.07707814009999991,1.0573744602102981
ONTO,21,420,0.9963833213041888,0.0018898353244857144,0.004162594529396258,0.05508430310959303,0.005908451943710595,0.15051013400000002,0.15103087080000002,1.0034598122143723
ARE,49,980,0.9527763036364539,0.001889205410028697,0.005113679410744101,0.02381947379576664,0.006809759548964787,0.05623534387000001,0.061768630500000164,1.0983951772890646
MATW,22,440,0.9780490906494169,0.0018863901536818183,0.004205021035471647,0.2513248908683373,0.0186564255646037,0.08062249766,0.08062249766,1.0
POST,145,2900,0.9711601589736304,0.0018837962815688224,0.004529720257165665,0.01038809865505304,0.0016018393018556142,0.06516162774999981,0.06593212,1.0118243247844616
BC,131,2620,0.9847592576034788,0.0018831411083526477,0.004416719451634626,0.01756907858351979,0.001961653419920474,0.09206377959999994,0.0872861974,0.9481057347334897
EAT,80,1600,0.9901980514429037,0.0018824365040501295,0.004773830505842216,0.010053517355799875,0.0005021305005670227,0.118657544,0.118657544,1.0
IDXX,47,940,0.9691533476829589,0.001878939144477578,0.004178000375112661,0.025793768489839185,0.002694215641213784,0.047633332700000024,0.048410196399999994,1.0163092451433693
TCF,21,420,0.9665867028986864,0.0018779348612857143,0.004321398738777126,0.3016240178222921,0.01899614066652859,0.050045840400000006,0.05035431985,1.0061639378524654
HAIN,91,1820,0.984261650821847,0.0018753956142919953,0.004443033474822763,0.06394944564741917,0.0031482903123102902,0.08721071974999964,0.08721071974999964,1.0
CMA,12,240,0.9912720289825104,0.0018733652338291668,0.0034103437955618912,0.5985563729314366,0.03177240578157288,0.106223665,0.10884028744999993,1.0246331403647195
WH,88,1760,0.985929935942152,0.0018715021930151051,0.004136814705011666,0.012631330702237941,0.0013245767868065041,0.08480562030000013,0.08115676775000001,0.9569739300639238
MTD,43,860,0.9738577032598164,0.0018711912332395346,0.004044258405991234,0.04187302699846203,0.006490469768136525,0.06394581579999992,0.06177670793999979,0.9660789711904789
NJR,115,2300,0.9739614452602816,0.0018700629585641593,0.004731204840798563,0.12444157511793123,0.005335774401645226,0.08358250540999985,0.084233075,1.0077835617251347
FDS,100,2000,0.969996549448383,0.001867568419859,0.004257006740633859,0.02601107896500915,0.003320775789340236,0.06368847,0.06385756229999999,1.0026549907699147
CATY,127,2540,0.980202568696176,0.0018601921500020833,0.004751354864676214,0.017089572690781672,0.0015496518240272722,0.0759291346,0.08334103364,1.0976160083879054
MAA,29,580,0.9221098747810742,0.0018596342820373472,0.004708723096973314,0.12479146404420767,0.01087523043113258,0.032166813610000025,0.035893267070000116,1.1158477648790681
MDP,79,1580,0.9825062378861039,0.0018588261379235247,0.004208900671349807,0.0455054957746224,0.0026226249059113425,0.07642043050000016,0.07747422450000004,1.013789427684523
AVT,150,3000,0.9752006190799462,0.0018565767319077577,0.004687152843055584,0.01828228710166743,0.0012892008745099882,0.06916792,0.06905964369999996,0.9984345878840938
CHFC,31,620,0.9756320372424271,0.0018526580730587345,0.0037994646828466575,0.08323855501853082,0.01551218053760786,0.05225081277999999,0.05415758451999994,1.0364926713777323
MIDD,70,1400,0.9825818041466191,0.001848833248938857,0.004326138959543687,0.1141804677556305,0.007867640413025965,0.08487324409999998,0.08514407965999998,1.0031910593600133
EVR,90,1800,0.9837765398218051,0.0018460809352096326,0.004716614293512993,0.010789698079697433,0.0030658863293864316,0.08806580089999994,0.08729359884999999,0.9912315332159779
JWA,12,240,0.9785062266832357,0.001845192027625,0.004329783667858718,0.23047986500531645,0.025138574574728366,0.0658072,0.0658072,1.0
SCOR,13,260,0.9940945799406969,0.0018442101708461534,0.003923643564081616,0.3119979130343983,0.01941852944585695,0.07499989199000005,0.07753733576000008,1.0338326323235019
GMT,39,780,0.9845515228357171,0.001841423298833333,0.003652434558735248,0.1121164243254327,0.009333762394073922,0.0689704121,0.07198135180000001,1.0436555271793135
WNR,23,460,0.992858578970985,0.0018386516791346111,0.003323926983422627,0.11912854207989501,0.013042094641857533,0.07322970359999995,0.06929742694999982,0.9463021635116912
USFD,31,620,0.9540728612381776,0.001838486236951613,0.004968418642786313,0.02572257828312139,0.006806554551344245,0.04779661539999969,0.05067466007999997,1.0602144033822174
BOH,122,2440,0.9766611620764079,0.0018362594030871895,0.004515471883684297,0.026897598513757445,0.002499822327108798,0.07522772620000051,0.07635020080000014,1.014921022563083
LOGM,35,700,0.9743668464802624,0.0018357511940669006,0.004982488115295,0.10941572622817096,0.0069567914360854684,0.07542737484999987,0.07537081109999992,0.999250089902871
BRE,19,380,0.9729862852778418,0.0018336480397473686,0.00477771033826172,0.025253921440883356,0.006824729940235055,0.06173520045999995,0.06173520045999995,1.0
FCS,43,860,0.984080587377106,0.0018318459182368391,0.004280342945508629,0.017009676916167026,0.004699807033610068,0.07530536304999984,0.08280234755999992,1.0995544567658797
CRI,133,2660,0.9782006099654262,0.001824504791932218,0.0042583598629393786,0.02181943865724974,0.0019179252432687008,0.060543545919999435,0.06149173019999967,1.0156611950223917
NYT,150,3000,0.9742018422906243,0.001824225999714226,0.005028432297633379,0.010730960827053332,0.0016873071974641105,0.0836039048999999,0.08427413365999992,1.0080167159751892
CAVA,9,180,0.9969518686734073,0.001822613323111111,0.002819716624201435,0.2459350080085792,0.017798885123729003,0.12711791230000033,0.12474332635000035,0.9813198163261531
FYBR,40,800,0.9880148101162384,0.0018211861090940097,0.004481981600057836,0.0455148056601225,0.007108463861901186,0.09341938028999991,0.09964965329999996,1.0666914401557743
HCSG,39,780,0.9922704430861758,0.0018165944269438559,0.0037074156061412127,0.024480440834202217,0.006554666563987514,0.11828956285000018,0.11255770715000021,0.9515438593067727
UNVR,43,860,0.9813294659828288,0.0018125887821172004,0.004518843549145074,0.05293990530467763,0.005112672862331871,0.0688370941,0.07278184879999969,1.0573056540456098
HPT,75,1500,0.9626736581460748,0.0018058419033494411,0.004325354706776837,0.043449211430072576,0.0034632286516273997,0.053604368,0.05520127865,1.0297906814235736
GGG,150,3000,0.9742879668295318,0.001803985196479718,0.003912245113121751,0.04375561844724166,0.0037895607893618215,0.06511252406000001,0.06584979859999986,1.0113230833951463
CART,12,240,0.9909478789247368,0.001801472693166667,0.0035796561663781544,0.22847285414063956,0.024578952517770848,0.0685110861,0.0730020249599999,1.0655505424836624
WERN,116,2320,0.9657338373419032,0.0018000298296103612,0.004950577547760597,0.02966052980835968,0.003185791050985709,0.057861447469999945,0.06192194139999999,1.07017615541169
IART,73,1460,0.9792249063239375,0.0017999769766197469,0.004487782169792119,0.05427005616902898,0.003986482615080813,0.07636965100000001,0.07618703830000002,0.9976088315501143
RYN,150,3000,0.9720246274832288,0.0017996080814914606,0.004572354320199682,0.00925619918855171,0.0013549763461593006,0.06295118103999937,0.06605842199999999,1.0493595339859672
OC,75,1500,0.9868770650696436,0.0017946212098447797,0.004112128857350145,0.011557065481061357,0.00313398640635519,0.0957220801,0.08983642646,0.9385131034151022
WPG,39,780,0.9570928981301657,0.001790257881480202,0.005921614207858157,0.05409479624826047,0.00932452796997562,0.05675821190000015,0.06092118140000035,1.0733456774032057
ST,23,460,0.9934115069502322,0.00177779043877067,0.003548641713954356,0.1785684847056676,0.011707001415158387,0.12890136,0.11248083509999998,0.8726117016918983
GO,55,1100,0.974700086317708,0.0017754522804336362,0.0051584355210900976,0.08991809136146936,0.0064261138944263834,0.07275575236000001,0.07275575236000001,1.0
CVG,64,1280,0.9666575339587966,0.0017715023912349991,0.004497220119791086,0.012905673592302096,0.00348345016569922,0.05594796625000009,0.060950203920000064,1.0894087489730686
IRF,29,580,0.9922097121972597,0.0017700376291929151,0.004504319557013638,0.09697086013928177,0.004698897465788384,0.07454293764000139,0.07454293764000139,1.0
BRX,83,1660,0.9835353669062116,0.0017642065182580816,0.004704751544737136,0.03865614121878872,0.0034134897922520604,0.08161534,0.08995403770000004,1.1021707157012401
FFIN,82,1640,0.9838121818895518,0.0017610593574846761,0.004192950342736671,0.01233310150408018,0.0033352100261899663,0.08078185309999987,0.08060783119999983,0.9978457797967989
MKTX,41,820,0.9717907706704985,0.0017579108573056587,0.0037508855069465236,0.059092723635554886,0.006501959389230757,0.04605321446999954,0.044591835009999935,0.9682675905076812
SVU,35,700,0.990946170935071,0.0017549720484727705,0.005078143634665584,0.05171403085646881,0.003637238307846704,0.10919928006,0.10925193403999996,1.000482182482989
WST,47,940,0.9662086608523743,0.0017489215343970048,0.0042448815199909165,0.06718286269337854,0.005538499008471072,0.06770041360000008,0.06663548050000005,0.9842699173701942
WOOF,57,1140,0.9607443201804544,0.00174722391560989,0.004460995173179516,0.035685977505202346,0.006685243251561087,0.0486077,0.05359605749999993,1.102624841331722
GES,45,900,0.987111659038377,0.0017452960173284277,0.004109399041186019,0.0561029392486296,0.006029079755966995,0.08317447,0.08317521935,1.0000090093751124
SFM,115,2300,0.9810962775332397,0.001741954956567495,0.004729593982450067,0.03159758169488054,0.002342448939872189,0.08846218469999674,0.08949234899999699,1.0116452504931215
NVR,75,1500,0.9660757310091119,0.0017407266949577486,0.0042251989431055705,0.01905957612154125,0.00276683233115844,0.050236735049999995,0.05235118231999999,1.0420896634284753
SPW,32,640,0.9861051210182229,0.00173874083169375,0.0036886605665045536,0.10475802172203562,0.008949155500823695,0.06349270609999999,0.06663545275000003,1.0494977587669718
CADE,51,1020,0.9814059624241778,0.0017332233158215686,0.004598403992199953,0.024253758671579147,0.006268119482698373,0.07026524109999993,0.0826129438399993,1.1757298850284508
LSI,79,1580,0.9819246797889737,0.0017316156765601264,0.0036208763092760964,0.062153033010180686,0.004685997438678181,0.07147142,0.07369117946,1.0310580013661406
SNPS,49,980,0.967148915829764,0.001731424511386138,0.0035847649944372394,0.019163921620069264,0.005387259244683522,0.05686286105,0.052404611920000205,0.9215964682804192
TCB,51,1020,0.9841649619552512,0.0017295165355175185,0.003757567574964643,0.09290358180619063,0.009679490853530398,0.07262528,0.07620397654999977,1.049276182480808
PBH,57,1140,0.9723175710250778,0.0017287079906903222,0.004600054325549013,0.03182166400203675,0.005284122805915822,0.06192023,0.06339753883999985,1.023858258278431
GVA,77,1540,0.9859877911464292,0.0017244519671053046,0.004174805838457013,0.01540143246765575,0.0018371209853199346,0.07789527919999999,0.08124905869999971,1.0430549775858524
BKH,150,3000,0.9647873021862818,0.0017224210032974335,0.004637497664474607,0.011874005873707214,0.0020727283310597706,0.05716619303,0.05693755645999995,0.9960004933356317
SBH,41,820,0.9948259826133473,0.0017193244111200923,0.0031897471420893374,0.035268353409589656,0.004918546229132933,0.11551288809999999,0.12347640579999987,1.0689405124483238
ACXM,64,1280,0.9821510214747912,0.0017167874066565448,0.004546171355987575,0.0261457348829163,0.004134885994923926,0.08858181470000004,0.08946193,1.0099356205670502
NXST,38,760,0.9855795736420384,0.0017146084258631577,0.0036430825751182375,0.07345792846501613,0.008387635890645189,0.07366347829999989,0.07479491185999995,1.0153594913804127
ALGN,35,700,0.9641010127935274,0.0017110094204434508,0.004533897102820601,0.016069109167892913,0.004378944402790989,0.05713753807,0.057171827249999974,1.0006001165111098
WTFC,100,2000,0.9855573120551488,0.001702770501685358,0.004643135814224457,0.0021782142007829514,0.0006011305310271772,0.09080304335999992,0.100610316,1.1080059905163964
FLO,150,3000,0.958693335305146,0.0016978313380180362,0.004777509302483823,0.021703595037114817,0.0023028142318118833,0.06231873626999944,0.062306591199999733,0.9998051136668259
AOS,35,700,0.9860433048072386,0.0016957070910626152,0.006184400899995916,0.024591472191044725,0.0013641181253442327,0.05440884205999997,0.05591903141,1.0277563221862847
EPC,62,1240,0.9908034221476161,0.0016924656186058677,0.00339196742417635,0.037176004807863705,0.0038257468950475123,0.09156571659999853,0.09109074339999841,0.9948127616138798
WAB,68,1360,0.9753180739315821,0.0016907422173536766,0.004250726258051651,0.035092783513572014,0.0038173602298684417,0.05900139302000005,0.05961451085000013,1.0103915822765785
SAM,121,2420,0.9919664434444811,0.001690505441844698,0.003378870878969734,0.010039014451399188,0.001372432420150472,0.1118683581,0.1131600647999999,1.0115466671893516
RYAN,15,300,0.9915167948768536,0.0016808833197999998,0.003033247223609203,0.49625527560393384,0.029768452374637808,0.07423874689999997,0.07505074779999994,1.0109376967406756
FII,65,1300,0.9703247225788769,0.0016795564596924883,0.003851750805885723,0.01933419253934157,0.0023446122399943814,0.04591964924999999,0.049193990579999985,1.0713058872068801
PRSP,38,760,0.9900956628456696,0.0016783395228571255,0.009373990696080534,0.1105121651486244,0.003998967930366275,0.1344238441,0.11892198615,0.884679254236563
EEFT,49,980,0.9860993937123348,0.0016762804940806124,0.004326603682831142,0.0800602396554691,0.00434109482171491,0.08318518520000011,0.08318518520000011,1.0
CHH,73,1460,0.9799773686087678,0.0016741135318858482,0.004414619842695865,0.01897883470154269,0.0026580624573558967,0.06723452200000048,0.06972141920000015,1.0369883971213427
UBSI,99,1980,0.9845633403839709,0.0016708395807350585,0.004012521069622538,0.008859085472186567,0.002454162916601517,0.08390535260000001,0.0840239,1.001412870530026
CBRL,88,1760,0.9770673333123355,0.0016706192750756028,0.005623878691106736,0.03967416018769715,0.004539725031065351,0.10331982360000015,0.0974811385000002,0.9434892076219152
THS,69,1380,0.9816706099136131,0.001665078827336616,0.004354782443513818,0.05397018663579724,0.0031226927584870907,0.08947237674000011,0.08983752810000017,1.0040811630729467
GNTX,150,3000,0.976365697597839,0.0016643462416116523,0.0041463039936000395,0.0035340889364701596,0.0010347952436789267,0.07260308004,0.07261243645999978,1.000128870841218
AAN,1,20,0.9955786427779171,0.0016541852199999992,0.002231058396176844,10.054551850343204,0.341987335426439,0.06565259839999996,0.06413128387999995,0.9768278094534639
RBA,15,300,0.9796335950141781,0.001652924002226102,0.003344873296046561,0.15728038229294158,0.014411603251823432,0.06569367319999997,0.06569367319999997,1.0
IEX,74,1480,0.966812604993924,0.0016496999185864865,0.0038400598722677297,0.01526159084145422,0.004132049831321814,0.05404869034000019,0.05316809818000004,0.9837074283491297
VNO,36,720,0.9943798251831248,0.0016406329023,0.0032957235601327496,0.17496129778713107,0.011925196500768042,0.11867214715999987,0.11652883953999994,0.9819392530489045
CPO,12,240,0.9875678577391872,0.001636985569125,0.0033752484028597802,0.06129088733992475,0.016002331435700772,0.0625278683999998,0.0625278676199998,0.9999999875255624
TGI,48,960,0.9931342570639097,0.0016355080536054958,0.0030644423857890076,0.024466972557486182,0.0025828371735486834,0.0897308341,0.08992520049999998,1.0021661049064068
CNO,119,2380,0.9883021523850049,0.0016353936555489692,0.0035447732709241522,0.0316654807099692,0.0023435523875021983,0.08403262105,0.08503203470000002,1.0118931628873669
SWX,111,2220,0.9707412028483621,0.0016331906202925294,0.004709854754789738,0.01994159865254746,0.00208742747449383,0.065523654,0.06590078675999997,1.0057556735160094
SNH,77,1540,0.9551053578359039,0.001629578883015247,0.004750978169173159,0.033901116662747796,0.004216788960170526,0.04905604572999997,0.05092009499999988,1.0379983596774078
OGS,131,2620,0.9656066515599306,0.0016291079565029767,0.004644181659448157,0.012313022646145788,0.0022287280085190654,0.05392813556,0.05767037123999993,1.069393010552652
HIW,127,2540,0.9831101460401896,0.0016273483388578743,0.0038447137088696176,0.0030388196866847645,0.000757080783120913,0.06452499,0.06915013224000006,1.07167985984965
XLS,26,520,0.9783781778235443,0.0016252617023662262,0.0034445491627647365,0.2251594490224866,0.018298794596506247,0.04230940644999996,0.04368731196999983,1.032567356425296
ENR,95,1900,0.9797738367991061,0.001622281413720032,0.004537108043811959,0.041879097690948414,0.0031058980384458066,0.08918955230999996,0.09044588919999999,1.0140861441442528
ATML,35,700,0.9936119051682837,0.0016181745754402965,0.003162127141442949,0.15360827688483855,0.01248568172552399,0.08909087273999994,0.0891196445399999,1.0003229489072796
SBNY,95,1900,0.9814950208372039,0.001615537397105263,0.004688432875026663,0.046188973984117615,0.002359376591379369,0.07937554,0.07939907679999997,1.0002965245968718
CSL,150,3000,0.978960309997609,0.001612621300492218,0.003875569414115741,0.024930634698376846,0.003147199961348382,0.072594054,0.07354182834999995,1.013055812394772
BR,62,1240,0.9563428737220435,0.001598873009125763,0.0037102905905501272,0.02692472075800902,0.007578031683883171,0.040009317739999946,0.040397842599999886,1.0097108594184176
ZION,16,320,0.9944819664630812,0.0015934019761562497,0.0028583592336965825,0.10846638065090479,0.017517298965477483,0.12951331040000014,0.12282825770000011,0.9483832767508349
SLGN,150,3000,0.9533657013258654,0.0015893747445145277,0.0046424608505104235,0.018069271627262583,0.0024681274988092514,0.05338932762999994,0.05362496727999988,1.004413609619379
ESNT,71,1420,0.9823661266820347,0.0015890139301562836,0.0037603092526823077,0.009814293590504753,0.002787172034357431,0.07167718486,0.07166914186,0.9998877885617896
DLB,24,480,0.9893771674118919,0.0015889832402291664,0.002811198726134303,0.1436679611495776,0.013128060654028821,0.07352934099999997,0.07390699029999999,1.0051360354229208
LHCG,37,740,0.9827855523972506,0.0015799423630505403,0.0035528010736359393,0.10829607744834809,0.006565907469826261,0.0651339137,0.0656943113,1.0086037759466002
LFUS,104,2080,0.984733795435238,0.001578077311075,0.004184497324189536,0.035232177935349426,0.0021629590470242524,0.0971168742,0.0973763421,1.0026717076938212
ALLY,23,460,0.9938214247028749,0.0015774885435869564,0.002698554656383991,0.20201504436745638,0.015860695885022917,0.07931861359999898,0.079702225799999,1.0048363452484754
VVV,99,1980,0.9798803535652033,0.0015764141791253846,0.004405663941429193,0.026398869207793295,0.0015817652374411223,0.0674511825600002,0.06750601930000005,1.0008129841156022
HXL,70,1400,0.9921621310953866,0.0015724435387675603,0.0032195837691467357,0.03791782532504176,0.00467927112880361,0.086407915,0.08717365184,1.0088618830809655
HANS,5,100,0.9965620320803612,0.0015714108264999998,0.0027555077963394427,0.16509229893126515,0.049386127903526277,0.09413664910000001,0.09413664910000001,1.0
ASH,150,3000,0.9831914256749562,0.0015709457522307432,0.0035725359933623827,0.031930862908700744,0.0025800990834239533,0.06812827499999975,0.06812022629999975,0.999881859624363
ATW,35,700,0.9904303973508544,0.0015674688226014284,0.003545259065273619,0.06654845375879655,0.006510089629483894,0.08588345363999994,0.08588345363999994,1.0
CHE,88,1760,0.9819304607452878,0.0015665257950715908,0.00323486338768943,0.009003372411320938,0.0025842575861754783,0.068351336,0.0676873582600001,0.990285811823782
FULT,122,2440,0.9794933980996724,0.001566202945998988,0.004448261404669561,0.034182671706921866,0.0029727005152043176,0.07280209609999999,0.07363875705000039,1.0114922645750635
HRC,100,2000,0.9802536194705379,0.0015652745749498308,0.0040875165139399065,0.0077804892987061655,0.002063206333061544,0.0852937701,0.0871766926,1.0220757330552093
NFG,150,3000,0.9704844991619765,0.0015591116195594382,0.004142241276596532,0.004429850269684732,0.0012449720680196134,0.052504946,0.052985907,1.009160298917363
NLY,40,800,0.9853786931491487,0.0015589077119508266,0.0030756998112998674,0.015007086918646662,0.004363740721075474,0.059732545,0.05973900994999999,1.0001082316181236
FHI,71,1420,0.9915858008121607,0.0015516764118802817,0.0033026113638553217,0.007322898316586251,0.0019895325291726133,0.0917914744399995,0.09359646,1.0196639782835208
REZI,16,320,0.9979526941678087,0.0015500709393260585,0.0035216101349740585,0.16409066452315843,0.007041147174375329,0.19847543940000004,0.19847543940000004,1.0
TCBI,101,2020,0.9939836282653786,0.0015472050393529055,0.0031604825906838847,0.01924436736037328,0.0016181626944375858,0.10627242409999944,0.10598825249999935,0.9973260081116369
LEG,35,700,0.9847274338072166,0.0015436691978,0.00337013178730746,0.1160140423194028,0.00803783820970752,0.051064788409999944,0.05771479019,1.130226756774298
HOLX,35,700,0.9854917643501129,0.001536924628875566,0.003442317655038364,0.12627134162113893,0.010253787307717838,0.06664502444999996,0.06740968435999999,1.011473623369644
PRXL,25,500,0.9752385526928158,0.0015327673110520001,0.003690671992269151,0.09554483510511756,0.009140574097064414,0.07158415,0.0700769658,0.9789452804845766
TR,100,2000,0.9764180468016869,0.0015200594755010797,0.0035033570517387144,0.034681498914660706,0.002044925456345053,0.051021334040000005,0.05098371598,0.9992626994039294
POL,60,1200,0.9908457905586574,0.0015190414415774236,0.003977083658306541,0.0073487565134706815,0.0021738810047164893,0.09192966,0.09080623769999999,0.9877795447084216
UNFI,52,1040,0.9805605368833299,0.0015149569958636609,0.004034705788839308,0.08722747462961751,0.00430991075768941,0.058376458819999956,0.06464074145999958,1.1073083699598008
LSTR,150,3000,0.9799407173119339,0.0015020016991433955,0.0034523746212357423,0.0059967178993434135,0.0016449078549373574,0.05678142615999982,0.05646753286999993,0.994471901971687
DEI,91,1820,0.9850747519806611,0.0015010187466264096,0.0036694740798186303,0.04119566878266543,0.002074183836424929,0.07624638629999977,0.07559979543999995,0.9915197179646555
KSU,14,280,0.9956462195530674,0.0014988268288142858,0.00261038014515101,0.3044882434096746,0.020884209520643647,0.08555703599999999,0.08388908785999993,0.9805048396019697
O,31,620,0.9685146991277931,0.001495469436235757,0.0038416219954680608,0.10102360888651093,0.007574444573144923,0.04356598840999999,0.048425724989999794,1.111548865465068
UMBF,104,2080,0.9880981632681533,0.0014936829056469525,0.0035925512218202057,0.005297260985149017,0.0014284778935779662,0.08436532370000006,0.08436532370000006,1.0
SIGI,75,1500,0.985705910875061,0.0014918196184562768,0.003841547322138425,0.04449637502451614,0.004252364250085704,0.07997913009999999,0.07756193015999997,0.9697771163930174
MENT,49,980,0.987346495748448,0.0014777341892783986,0.004042368407808635,0.020075805890774862,0.0017329364999355084,0.07080666,0.06942407100000006,0.9804737435715802
AZPN,45,900,0.9845738687108679,0.0014770091097999999,0.004022563238647883,0.06938218199969082,0.005903080984287533,0.08875121854999997,0.09134836789999999,1.0292632528593042
DCT,28,560,0.965132971817623,0.0014712293066875002,0.00311849448370665,0.05609876632546004,0.007261721036586408,0.032806636599999994,0.03179516184999995,0.969168593466846
CFR,150,3000,0.9863090401624797,0.0014661991974090596,0.0036590491750893798,0.026648458174480995,0.0023269904310566913,0.07890196,0.079111636,1.0026574244796962
ULS,1,20,0.9955034972324892,0.0014632549650000003,0.0017984416981033275,11.069325688998603,0.3331041981723668,0.046270134649999975,0.04638927185999998,1.002574818744341
REG,49,980,0.9701692467016293,0.0014623190826459184,0.003866622701434805,0.02150579504865417,0.006158958470165905,0.05128720643000017,0.054224793270000064,1.0572771855688667
POOL,50,1000,0.9792800545608815,0.001461612263788,0.0038318011158927,0.03370196187298284,0.005687097718122041,0.06318945,0.07411784519999992,1.1729465155971437
STRA,32,640,0.993883832048678,0.0014583291164953125,0.00335287010626859,0.09554328225809697,0.007110298008474384,0.11100539540000012,0.11188499710000013,1.0079239544783425
POR,45,900,0.9743203125896116,0.0014553903812000002,0.0033272475675668683,0.15135190728505982,0.012068468821046325,0.04060276375999994,0.04677462767,1.1520060049725065
PFGC,52,1040,0.991745932009511,0.0014528071327705027,0.002627198842675461,0.018311315352047816,0.005132620827886906,0.0777820354499992,0.07642736869999982,0.9825838094598307
WGL,62,1240,0.966283825862862,0.001447962509115205,0.0034400251911628553,0.03175942479643624,0.005579493248858346,0.04673300864999976,0.04861978146999982,1.0403734506830231
IRT,46,920,0.9669764480017033,0.0014469685858529847,0.004698817828262507,0.017501911887238705,0.004602790882144861,0.05513316313999995,0.05688913341999993,1.031849619720549
ATO,68,1360,0.9481693197521266,0.0014454593123305656,0.003982342859321762,0.0671281978894003,0.006132298312793049,0.04255657010000016,0.045169609940000105,1.0614015611187597
REXR,68,1360,0.981953436987202,0.0014380096564337562,0.0034799026249009058,0.02432046475796771,0.0035157413822836945,0.05511169930000002,0.0557304410900001,1.0112270497527571
ADC,35,700,0.9775388648343545,0.0014365344422511866,0.002656671137544118,0.23374321607708062,0.0231561856891999,0.03259571475999998,0.035020083199999996,1.074376906837309
HBHC,62,1240,0.9830701217462389,0.0014299907497783624,0.003699337131153125,0.016889936521229276,0.004394218900397446,0.06566292598999951,0.06448801474999971,0.98210693138806
RGA,150,3000,0.9840961264411169,0.00142613279275071,0.003847852674662635,0.022408175253934834,0.0022321326785468814,0.07579401834999987,0.07634330505,1.0072470982797568
BOBE,22,440,0.9908256437735196,0.0014250392670413293,0.002836352166443804,0.1664190563006474,0.01460501214972602,0.06279591174000003,0.06279591174000003,1.0
NNN,145,2900,0.9818773529049275,0.0014247387612911601,0.003649020373944192,0.019694113934363787,0.0013857626870257896,0.05982122293999985,0.05982121204999985,0.9999998179575832
RAH,12,240,0.9832933679417802,0.0014197405368333335,0.0031147374628957094,0.39858050947313106,0.03340521851124559,0.06717807025999975,0.06253011744999994,0.9308114568934355
TECD,80,1600,0.9899962809369136,0.0014099622273287499,0.003394476605635826,0.07682130226650316,0.004290309223825986,0.09660427,0.09421631625999999,0.9752810746357277
RE,54,1080,0.965540194724506,0.0014092285958374215,0.0030579508696698616,0.07953528415861692,0.00592081340648406,0.038714506320000064,0.03875427990000007,1.0010273559908334
IBKR,87,1740,0.9864031333315638,0.001402450427404023,0.0038263304312188195,0.013805496195080286,0.0014315054243107857,0.07507299,0.07507299,1.0
TYL,51,1020,0.9757810007000186,0.0014020066878946912,0.0035467143861415682,0.04016439114578854,0.006629769953105283,0.06254258801999985,0.0598644031399998,0.9571782210364621
ADS,40,800,0.9940786093682429,0.0014000646442100001,0.003120773904204662,0.05639174563456584,0.004678786763878432,0.07513765639999999,0.0764307548,1.0172097249495795
RNR,131,2620,0.9779878242106086,0.0013926473856384915,0.003758532624252993,0.0068681114662541825,0.0018194435531697886,0.06586475698999988,0.06655383400999998,1.0104619989732098
CG,19,380,0.9962045249466753,0.0013922447658684211,0.00263001265187649,0.07390183291677101,0.008022008252477345,0.08871268479999944,0.09010198669999947,1.015660690499134
WABC,28,560,0.9862416522845431,0.0013878188466479118,0.003099297840243317,0.08501602781284033,0.008266237573460934,0.06162803082,0.06233809669999994,1.0115218005597788
CBST,13,260,0.9937037586128245,0.0013837153833846155,0.0025928610137288324,0.1994245255946222,0.02054029693003443,0.06946164360000033,0.0667600934000002,0.9611073095886243
LEA,73,1460,0.9932099663328955,0.001370545320080822,0.0030055869530648534,0.008555820340235153,0.0021968043716841714,0.09391688764,0.09391688764,1.0
LECO,150,3000,0.9846127544549803,0.0013669855950776898,0.0031988420997199566,0.006058017347065218,0.0015465217353823253,0.06585637244999992,0.06585567004999994,0.9999893343654707
LANC,145,2900,0.9838667928545319,0.0013545868019282379,0.003303104600010527,0.011180342722062692,0.0018272148485694924,0.07582227184999983,0.07179092254999886,0.9468315944426429
TTC,118,2360,0.9758788194942978,0.001353109721322917,0.0037068988310954595,0.005654842715953193,0.0015425246020856313,0.058444757,0.058634239739999955,1.003242082775705
TIME,31,620,0.9888064452959062,0.0013530004959724131,0.0030825773777460462,0.06742147538899543,0.0049998311744933206,0.06908108505999931,0.07217062649999949,1.0447234063755195
SON,150,3000,0.977615603203177,0.00134848736637593,0.00355283191236408,0.0026797516322556434,0.0007420788411095648,0.054845206,0.054222462359999966,0.9886454316535882
SCHL,19,380,0.9952034192572548,0.0013302792655973683,0.0023744808010430856,0.38659571008654975,0.021279446753031235,0.08744736304999987,0.08632475659999998,0.987162489401104
WAL,13,260,0.9955490912387384,0.0013237550961923074,0.003034675186932929,0.3314458471504125,0.020930610031229507,0.11654366,0.11612137265000001,0.9963765738093348
JKHY,64,1280,0.9725631207923725,0.001323683424508729,0.0028008478795116705,0.04988499214717186,0.004156063161807265,0.04729377105,0.04513777518000002,0.954412688560601
WSO,150,3000,0.9829098653588831,0.0013223881681845616,0.0033061108967770174,0.01928465248309839,0.0027766731572773035,0.06022285236999976,0.062347236949999434,1.0352753895970883
AIRC,43,860,0.9830863965412224,0.0013222397271470392,0.0028039656262282826,0.0522220001250259,0.009114500049034316,0.04471536523,0.043276402099999986,0.9678194928611564
ELAN,5,100,0.9946318756048788,0.001320643211716613,0.0018910693592986104,1.6887746374502566,0.10665993647536312,0.043094263700000086,0.0429234639700001,0.996036601734537
ATR,150,3000,0.9743937709429912,0.0013161257598767813,0.003206493152425926,0.015599199055033718,0.001714365822953028,0.04840502229999956,0.050238157599999944,1.037870766563006
RDK,6,120,0.9945550483428259,0.0013073713313333337,0.0025231752344978724,0.5242282126197794,0.06370907530806544,0.06200174848,0.061081747270000014,0.9851616892659607
MDU,137,2740,0.9816776569895103,0.001306818148399919,0.003514412140787046,0.0032523900049812294,0.0008761988885549572,0.05419421910000014,0.053364831730000055,0.9846960176975761
GPRO,12,240,0.9915379509300882,0.0013059778637060338,0.003170107888587556,0.2011682516083408,0.017384898960601167,0.07770332494999992,0.07770332494999992,1.0
BSY,5,100,0.9945199186716001,0.001301859956,0.0021745627830587213,0.7065201043161549,0.04729427709929997,0.0775951501,0.07272883750000002,0.9372858665299498
IM,46,920,0.9807182809478944,0.0012990780612606855,0.0030858811583908707,0.03634557047873027,0.005908345980178797,0.0609607,0.060526725369999874,0.9928810753485422
CABO,103,2060,0.9910283404560614,0.0012912519521912622,0.0027971223851138895,0.020319752987526696,0.0018512661972499823,0.06778502800000007,0.07019011409999999,1.0354810814565116
TRMK,98,1960,0.9877378105787799,0.001290760076826436,0.0032359254198432432,0.05452936856961865,0.004764119958523936,0.07342747,0.07289041660000008,0.9926859334796648
ORI,150,3000,0.9862332349955123,0.0012901011340397232,0.0030732107454240474,0.01947843806802168,0.001357234862131719,0.06943610369999967,0.06906047505,0.9945902976984051
TPL,2,40,0.9947324026454172,0.0012896163325000003,0.0022801502053210634,2.2683315061962985,0.11984077776791849,0.06131411253999999,0.06321113884,1.0309394725196819
EGP,80,1600,0.991714729655964,0.00128550021376125,0.002760346276944663,0.07483570526188445,0.0035768289323108654,0.07311432009999999,0.07313883299999999,1.0003352681111781
ENH,17,340,0.9873505376368161,0.0012781706721041626,0.003007427238830144,0.06476801610020648,0.00514332065485428,0.03589739,0.036314511660000014,1.0116198325282149
BMS,43,860,0.9539243514631566,0.0012779479734783279,0.0034988941927890636,0.0781403384589253,0.00742538897271052,0.03732743484999993,0.03883626539999998,1.0404214904148457
HII,58,1160,0.9749546379632762,0.0012624167431117771,0.0034031429744914954,0.051239771210942246,0.003653556919275974,0.04840311222000055,0.048094135120000596,0.9936165860865392
ADTN,29,580,0.9915901217486881,0.001260992883775862,0.0030463977521565937,0.07318533830923145,0.005806078174843809,0.07625326150000002,0.07625326150000002,1.0
SFG,35,700,0.9824154312410438,0.0012605173827549257,0.003577886795311918,0.03285928489428103,0.0029481327385574435,0.05815762619999997,0.05815762619999997,1.0
CW,115,2300,0.9905361082509191,0.0012558321117709433,0.0028153672460857135,0.019879358408024864,0.002228070390965134,0.06737534215999946,0.06728543244999999,0.9986655398382103
IDA,150,3000,0.9745938443765014,0.0012504516698062134,0.003291039842966006,0.010443492562034378,0.0017405141802623281,0.045456002139999965,0.04560338211999978,1.0032422556551694
PRI,137,2740,0.9890299507572899,0.0012387136212038826,0.0029037478777296363,0.010665224021385138,0.001712921957737254,0.07342407544,0.0728039005600002,0.9915535214262714
STWD,31,620,0.9908916846026942,0.0012330567827135732,0.0022688264429284954,0.3410769444227718,0.01947307133431081,0.053515952,0.05440984572999971,1.016703313621324
FRT,35,700,0.9664023799607079,0.0012296059597267487,0.003478828126212215,0.08175758904004185,0.010844969536598574,0.037729751829999984,0.04395918122999997,1.165106556440342
AHL,68,1360,0.9723783281242614,0.0012262062726096496,0.0033370349637270877,0.0753408333709426,0.006085815060519375,0.05315543313000007,0.05032879020000008,0.9468230665511278
HSC,31,620,0.9918749989920146,0.0012231391352138462,0.0028113095374840223,0.04076440285752714,0.0041273678109643094,0.0665257681,0.06625141709999992,0.9958760190549371
APG,5,100,0.9932177197864599,0.0012200357854000002,0.002026539282564014,1.4276880369510172,0.08848293180601868,0.04878284108000004,0.04878284108000004,1.0
ALB,39,780,0.9950978510612336,0.0012142213984156411,0.0023239749671739945,0.03862642140751554,0.004921658388493408,0.08812608126,0.08348742790000002,0.9473634445821496
BID,75,1500,0.9931166815244726,0.0012091441156582717,0.002923773822636244,0.006050585558251709,0.0015845872360368003,0.09591337009999999,0.09464966469999998,0.9868245125921187
SKT,48,960,0.9833086565311124,0.0012022342348942507,0.0028011018793627483,0.05321650924726938,0.0056319690217803454,0.05034517409999997,0.050236891699999904,0.9978492000090219
CRL,95,1900,0.9906033597937417,0.0011945675315548259,0.002755971793990103,0.003837758546175395,0.0010031034240691396,0.06161117001999995,0.06156047404,0.9991771625180386
OCR,32,640,0.9919308297969158,0.0011829617130765624,0.0024443442508112383,0.037687354237389434,0.00409712336525558,0.0781813,0.07762843210000002,0.9929283869672163
MSM,150,3000,0.9877476524796528,0.0011811471151610018,0.002674134454769773,0.009211004955199352,0.0012507641365719073,0.05437187958999992,0.054585229539999974,1.0039239024217823
PNR,12,240,0.996956663143955,0.0011786837193750001,0.0017783510136791896,0.6759882668946515,0.03356728634436733,0.05983812477999993,0.06003231200999998,1.0032452091490833
TFX,65,1300,0.9842341979282151,0.0011747319805457692,0.0024210101810846446,0.07344289038511767,0.0038546977345699915,0.046635147030000004,0.04530248147999999,0.9714235799633542
VSTO,19,380,0.9951854523720144,0.0011728321318789476,0.002573006720415433,0.10501631982394406,0.005487314164467242,0.10662924705999802,0.1046707046999982,0.9816322217965415
CVEO,7,140,0.9950959831131554,0.0011723904502857142,0.0019774879434222843,0.44082602274986016,0.05020287736304667,0.050294037019999994,0.05111648524999999,1.0163527980399136
JBHT,31,620,0.9892071387207289,0.0011709112781115637,0.0024872154491395204,0.13935864044098206,0.010748420034398659,0.05935322078999994,0.05826294658999985,0.9816307491743771
FR,115,2300,0.9864874222805294,0.0011613602087946447,0.002855342721070558,0.004141075754412968,0.001147863652638761,0.057852088729998655,0.05738216076999858,0.9918770787655866
ASB,120,2400,0.9940190605573713,0.0011565298577562262,0.002522968927513079,0.016864163403079793,0.0014037808077462834,0.07763016,0.07763016,1.0
AAON,15,300,0.9955322290198232,0.0011557901395333335,0.0030103792248283895,0.08817213444495807,0.009771979884254609,0.08550904185999969,0.08550904185999969,1.0
FOUR,13,260,0.9963039255004407,0.0011524716059596153,0.00291334856516934,0.033462084474966514,0.009678496914773328,0.12230815310000011,0.12230814966000012,0.9999999718743199
RLI,74,1480,0.9915700916529977,0.001144535910293919,0.002497994214256219,0.02703025308472236,0.004930769580780799,0.05851609500000009,0.059761810450000036,1.0212884241506537
FAF,150,3000,0.9855553866191046,0.00113594542531482,0.0035965292094325588,0.02119300891938556,0.0011227608509899241,0.059550982,0.05916293367999991,0.993483762870609
LPS,19,380,0.9954178833799199,0.0011320146861146965,0.002385536274327623,0.12644075437920266,0.011396905869936545,0.08603726439999998,0.08746133229999993,1.0165517570779476
CBSH,150,3000,0.9892054331225709,0.0011286917352871385,0.0025607897050508818,0.008761912628533925,0.0011789206289560341,0.060467467,0.06024184896999994,0.9962687699486394
SLXP,16,320,0.9966272187244746,0.0011067948769999999,0.0022121959649666384,0.03806285628037555,0.009095420423841224,0.14446515,0.1441544829,0.9978495360299698
ISCA,75,1500,0.9855616630951012,0.0011042056381230347,0.0026078451115509995,0.052925673686436484,0.0036414698107649244,0.056866638719999994,0.05599114329999999,0.9846044106051217
OGE,150,3000,0.9808924637997166,0.0010964444478560947,0.0027604838468351556,0.009959354811794021,0.001493991498843388,0.046094149379999866,0.04668384499999942,1.0127932856540665
WFSL,5,100,0.9975262101088512,0.0010770643360000001,0.002260633757045914,0.24787971224488567,0.021288935990003942,0.06368682440000024,0.06188886956000026,0.9717688100020893
PLNT,28,560,0.9940913792683436,0.0010748762033839286,0.00235542614512469,0.14500070487564443,0.009385938328412387,0.062598266,0.06715965685999996,1.0728676871017475
BERY,20,400,0.9893389582289336,0.0010741079958795476,0.0027548509467494363,0.07394873962426157,0.009354317923618303,0.05346565832,0.0536983104,1.004351430194828
SAIC,133,2660,0.9935215895120749,0.001072818060247964,0.0022938110143395536,0.01782451627318203,0.0021887248089808675,0.07565397255999898,0.07063012309999979,0.9335943733025398
DRC,31,620,0.9961306042799556,0.001058818489116129,0.00202263013965926,0.019974143872649914,0.005858477267515467,0.08487531,0.08900228014999993,1.0486239184281028
CACI,86,1720,0.9931258685613148,0.0010559686791267442,0.002310900256135406,0.009569628284440558,0.00248415246861988,0.07571453,0.0757028222,0.9998453691781486
TSCO,19,380,0.9966023414083787,0.0010536850117563157,0.0018454421705479448,0.07398690995791135,0.008912403415420059,0.07516889383999993,0.07447868,0.9908178263010086
WWAV,36,720,0.991795606161105,0.001051478993602094,0.002245713034305027,0.11503892932620832,0.007873155363774541,0.06592688835999948,0.06592688835999948,1.0
WR,62,1240,0.9694021501999819,0.0010508853486015293,0.0024892599496443373,0.028568016617019205,0.004551016160871366,0.03074800322,0.03175668521999993,1.0328047968768206
BMR,29,580,0.9713800362442414,0.0010477566752056433,0.0025098114347680243,0.1482222582856432,0.01615084862722368,0.029828681170000006,0.03026504210000001,1.0146289045604493
CPT,101,2020,0.9888305722013249,0.0010475911307618268,0.0025742916594854604,0.018669525852557677,0.001389942622938177,0.06454272649999972,0.0619188448999999,0.9593465950032367
AAL,13,260,0.9985360854244434,0.0010465482303076922,0.0020743194956290415,0.07800578926004505,0.004884360388688505,0.1564014182,0.1564014182,1.0
TLAB,9,180,0.9948237986722686,0.0010427766033333334,0.0020475777571607153,0.5379218480029645,0.040741620380531765,0.05861550042,0.05861550042,1.0
VRTX,16,320,0.9988615461885221,0.0010400297329375002,0.002112490449646068,0.07370014530246477,0.00816122432677363,0.115088135,0.11608515995,1.0086631428165902
Y,104,2080,0.9849996212647185,0.001035470927001923,0.002980269451393618,0.010862882016978444,0.001285787533809353,0.05960220716000004,0.060972398000000004,1.0229889278482882
ACC,102,2040,0.9898329331316608,0.0010221847075894193,0.0029252368861494345,0.026681620192361512,0.0017804558390888446,0.05757831244,0.05725199126999992,0.9943325680074399
CASY,119,2380,0.9845413999896394,0.0010159219134763396,0.0029650769666971703,0.031662892435363486,0.002304923242568803,0.07129865156,0.06982581770000007,0.979342752944486
LHO,42,840,0.9931330345005926,0.0010150411969728206,0.0018731389951674017,0.049207182649722875,0.0035103066711780024,0.04510388805,0.04442923248,0.9850421859585118
CVD,30,600,0.9922977452415013,0.0010095170311477933,0.0022994987168052554,0.061210918514585044,0.003195332887184841,0.047611747,0.04425908823999997,0.9295833702552433
GPN,35,700,0.9876084702026761,0.0009797868159564286,0.0024101997634076943,0.11431793961432214,0.007126535374603015,0.04814804648999999,0.04840623919999999,1.005362475299047
CPWR,24,480,0.9943501832647119,0.000977931376978461,0.001756620344982293,0.1916913923620167,0.015782576477026192,0.090457104,0.08767680695999998,0.9692639171822257
H,22,440,0.9957486502724927,0.0009736377353727273,0.0020035098966942424,0.021706046037215904,0.006082582201808114,0.0686872061,0.0686872061,1.0
EQY,49,980,0.9771920022888703,0.0009656230070450234,0.0032277683845933053,0.12520611626211475,0.008434778186961657,0.051703822840000004,0.05570142006000002,1.0773172465867906
SSS,9,180,0.992101957318414,0.0009612853705555557,0.0017235212376022812,0.08794908410426205,0.022191829147807186,0.040535466530000314,0.040978407600000315,1.0109272473692188
NST,6,120,0.9962428839655091,0.00094233939375,0.0016820764698853364,0.4327514810148107,0.04049975686930704,0.059700493390000005,0.059700493390000005,1.0
PNM,136,2720,0.9843640167659793,0.0009194797472858967,0.0027939336450832825,0.010109963581074688,0.0014688210511277298,0.059016254049999856,0.056681575549999946,0.9604400764233203
ATK,30,600,0.9953788697666837,0.0009009604038166666,0.0017093017737447955,0.08831275074007475,0.00905509580028975,0.05977247829999995,0.05962023968999999,0.9974530316572141
VST,8,160,0.9968483180382813,0.0008913971223187503,0.0014201258984413835,0.6347943249319,0.054226238073742605,0.04947863113999998,0.04930312075999998,0.99645280445404
OZRK,31,620,0.9963073642979873,0.0008830637375335977,0.0016835978227159325,0.10343413813567874,0.007363831385561447,0.07276758329999984,0.07027180469999998,0.9657020545850687
TNB,7,140,0.9959974281768512,0.0008765145190571429,0.00267038762489393,0.06792594830068907,0.018955381362561627,0.08094055523999986,0.08094055523999986,1.0
MLI,13,260,0.9945529572338274,0.0008735389275384616,0.002145975856404416,0.012277719577813881,0.003432058602472668,0.06922682646,0.06922682646,1.0
ELY,13,260,0.9978660315477478,0.0008639807963846153,0.002077883797760997,0.11538055840874387,0.014606093948487615,0.09840924600000006,0.09666907270000004,0.982316973549416
TDY,50,1000,0.9948707627127112,0.000855132797476,0.0021899510495822323,0.012046541907937938,0.0034269717569672836,0.0672614108899998,0.0677766405999998,1.0076601085701669
CHD,34,680,0.9790702191911564,0.0008208642522505545,0.0021506009316791318,0.016407196531800672,0.004207164817380108,0.034760088,0.03486807819000002,1.0031067294766347
HME,27,540,0.9919557199915441,0.0008123280218031482,0.0013344040061420306,0.159162962994005,0.016578352372908237,0.030669947600000018,0.030299236700000003,0.9879128942496134
DNB,17,340,0.993465617604698,0.0007906495137996948,0.001553679403920311,0.2242159645934821,0.010043248288476567,0.03195286408000003,0.03368461373000005,1.0541970086207062
ROL,64,1280,0.992858514340564,0.0007750073758284196,0.0016837632548431564,0.08905026373054721,0.004969021251208343,0.06229838899,0.06155476135000003,0.9880634531316799
DLTR,5,100,0.9975445370841726,0.0007493233913,0.0013247243651931416,0.19982175162242946,0.059696742822971896,0.04671575220000007,0.047249130540000066,1.0114175265275938
KCI,5,100,0.9894607022815157,0.0007309935847999999,0.00173223969665407,1.0378071632019439,0.044219079128308664,0.05190042404000009,0.05503621000000006,1.0604192743701515
STR,43,860,0.9883421524778401,0.0007304381214275447,0.0016629456027603168,0.031463979321994254,0.00346802060172043,0.03434736334999999,0.033397422669999996,0.9723431265940243
TTWO,11,220,0.9980830450516599,0.0007166933972727271,0.0014031953477233738,0.20128411435658033,0.015381396256939904,0.0676758865,0.06839959720000001,1.010693774953358
MTN,23,460,0.9979874301572818,0.0006966741729347827,0.001343688838978309,0.16535657930474013,0.008092175733730882,0.0767497223999998,0.07474811264999996,0.9739202998081483
DRIV,5,100,0.9985855548836806,0.0006875931389999999,0.0020106838907166373,0.08450833036950745,0.025893132730734566,0.08692325505000009,0.08692325505000009,1.0
IGT,9,180,0.9961214308418583,0.0006672184276823925,0.0011337302407593832,0.25004846003650943,0.016431170968357854,0.05025093047000037,0.04866897796000039,0.9685189409389264
BMRN,15,300,0.998396069476948,0.0006612258457333335,0.0014459537395906754,0.0752275602564521,0.00659584041573275,0.11316272006,0.11316272006,1.0
PPS,14,280,0.9960428253282773,0.0006436445175000001,0.0012286749783226212,0.2995684812870418,0.015108901621147747,0.0398494955,0.03681275360999985,0.9237947218177418
SUG,6,120,0.99627680410711,0.0006010668354166668,0.0009584917396025188,0.20126409143465004,0.01519707048851905,0.04701130466000002,0.04701130466000002,1.0
ALTR,5,100,0.995208398980507,0.00059817239894,0.0014858607423852883,0.2650103903744882,0.025095817994277837,0.04794140505,0.04668881250000001,0.97387242721206
LNCR,12,240,0.9987920726251143,0.0005974753206784611,0.0012968819574379938,0.015906354949099026,0.004021811139036103,0.07973723485999964,0.07973723485999964,1.0
ENSG,13,260,0.9969472814582847,0.000536289442846154,0.0013324715561115917,0.108159481993155,0.01199151971095386,0.06496576,0.06447223829000001,0.9924033566297079
AME,16,320,0.9985104907226462,0.0005171224738124999,0.001211898747286792,0.026273305470025363,0.006544053325274272,0.07149187,0.07149187,1.0
EXR,23,460,0.9971492068770883,0.0004685575141496318,0.000830663534802373,0.15016703687110572,0.01082212108690862,0.03002922653999999,0.03002922653999999,1.0
NDN,5,100,0.9994292042925664,0.00038825128199999995,0.0009953518833061008,0.04765945449392203,0.014624977260330296,0.09002243610000003,0.09002243610000003,1.0
TBL,1,20,0.9852227588106717,0.0003123267776159042,0.00040677427494281823,12.306109023456978,0.35993822240934514,0.006303901516999997,0.006284836912999998,0.9969757452668657
TIN,5,100,0.9987355202394592,0.0002602202932999998,0.0022727203668709887,0.18888634224675044,0.006931470620783689,0.1513437847000004,0.15111672320000027,0.9984996972260856
VSEA,5,100,0.9993754280379258,0.0001143839808,0.00023325882169600504,0.2960658686539882,0.030896676224046737,0.02115733587000006,0.02115733587000006,1.0
DPL,5,100,0.9994085577454088,7.380832316603828e-05,0.00014652602246818705,0.007516093958509448,0.0018552058437179512,0.021521617710000017,0.021521617710000017,1.0
LZ,1,20,0.9998855473363446,1.0326689999999973e-05,4.6182361645134486e-05,1.1991352425148323,0.03465735897868684,0.006362904849999997,0.006195612471999998,0.9737081754412845
CRBG,2,40,1.0,0.0,0.0,0.0,0.0,0.04014020244,0.04014020244,1.0
FG,1,20,1.0,0.0,0.0,0.0,0.0,0.053929229099999976,0.053929229099999976,1.0
BAH,1,20,0.9999999999999998,0.0,0.0,0.0,0.0,0.04954357815999999,0.04954357815999999,1.0
HL,1,20,1.0,0.0,0.0,0.0,0.0,0.11438334763999995,0.11438334763999995,1.0
PINS,1,20,1.0,0.0,0.0,0.0,0.0,0.03229401520999999,0.03229401520999999,1.0
CASH,1,20,0.9999999999999998,0.0,0.0,0.0,0.0,0.03530289654999999,0.03530289654999999,1.0
HHS,1,20,0.9999999999999999,0.0,0.0,0.0,0.0,0.12397721509999993,0.12397721509999993,1.0
