scenario,scope,series,num_tickers,total_return,max_drawdown,volatility,var_95,cvar_95,delta_vs_real_total_return,delta_vs_real_max_drawdown,delta_vs_real_volatility,delta_vs_real_var_95,delta_vs_real_cvar_95,delta_vs_baseline_total_return,delta_vs_baseline_max_drawdown,delta_vs_baseline_volatility,delta_vs_baseline_var_95,delta_vs_baseline_cvar_95
0,all,baseline_cov,308,0.022527704909454327,-0.027711353637871694,0.006936897634968701,-0.008281563401079975,-0.01104068304444862,0.00035364882594235425,0.00018496469511286584,-8.673617379884035e-19,1.7295863690992494e-05,1.7295863690995963e-05,0.0,0.0,0.0,0.0,0.0
0,all,halluc,308,0.023582203074871577,-0.034186157910151005,0.007262008743206312,-0.007529107330350645,-0.013011096533344155,0.0014081469913596045,-0.006289839577166445,0.00032511110823761017,0.0007697519344203232,-0.00195311762520454,0.0010544981654172503,-0.006474804272279311,0.00032511110823761104,0.0007524560707293307,-0.001970413488895536
0,all,real,308,0.022174056083511973,-0.02789631833298456,0.006936897634968702,-0.008298859264770968,-0.011057978908139615,0.0,0.0,0.0,0.0,0.0,-0.00035364882594235425,-0.00018496469511286584,8.673617379884035e-19,-1.7295863690992494e-05,-1.7295863690995963e-05
0,target,baseline_cov,1,0.22578421073186372,-0.05344059034112136,0.03006899913490777,-0.027680078792499997,-0.0392709527925,0.005464177031251571,0.0008454041536450907,0.0,0.0002233832074999935,0.00022338320749999696,0.0,0.0,0.0,0.0,0.0
0,target,halluc,1,0.22578421073186372,-0.04777112769495995,0.03000695254326213,-0.028537969749999996,-0.032316685,0.005464177031251571,0.006514866799806507,-6.204659164564183e-05,-0.000634507750000006,0.007177651,0.0,0.005669462646161416,-6.204659164564183e-05,-0.0008578909574999995,0.006954267792500003
0,target,real,1,0.22032003370061215,-0.054285994494766454,0.03006899913490777,-0.02790346199999999,-0.039494336,0.0,0.0,0.0,0.0,0.0,-0.005464177031251571,-0.0008454041536450907,0.0,-0.0002233832074999935,-0.00022338320749999696
0,non_target,baseline_cov,307,0.021924015269461083,-0.028083388994225356,0.0069272355070253274,-0.008303483391596523,-0.011068834459601547,0.00033972445364494064,0.0001777183965797624,-8.673617379884035e-19,1.6624569411483048e-05,1.6624569411488252e-05,0.0,0.0,0.0,0.0,0.0
0,non_target,halluc,307,0.022981325464992874,-0.03457256332318981,0.007258702708241838,-0.007548635310628659,-0.013028398645830616,0.0013970346491767316,-0.006311455932384691,0.0003314672012165098,0.0007714726503793472,-0.0019429396168175808,0.001057310195531791,-0.006489174328964453,0.0003314672012165107,0.0007548480809678642,-0.001959564186229069
0,non_target,real,307,0.021584290815816143,-0.028261107390805118,0.006927235507025328,-0.008320107961008006,-0.011085459029013036,0.0,0.0,0.0,0.0,0.0,-0.00033972445364494064,-0.0001777183965797624,8.673617379884035e-19,-1.6624569411483048e-05,-1.6624569411488252e-05
1,all,halluc,301,0.03680409352473646,-0.053074453028901125,0.015055689968734253,-0.021593796079053148,-0.032879941238106315,0.0004447713850064261,-0.008055557902369559,0.000635258549669903,-0.002087341456628918,-0.0013020270421594607,nan,nan,nan,nan,nan
1,all,real,301,0.03635932213973003,-0.045018895126531566,0.01442043141906435,-0.01950645462242423,-0.031577914195946855,0.0,0.0,0.0,0.0,0.0,nan,nan,nan,nan,nan
1,non_target,halluc,301,0.03680409352473646,-0.053074453028901125,0.015055689968734253,-0.021593796079053148,-0.032879941238106315,0.0004447713850064261,-0.008055557902369559,0.000635258549669903,-0.002087341456628918,-0.0013020270421594607,nan,nan,nan,nan,nan
1,non_target,real,301,0.03635932213973003,-0.045018895126531566,0.01442043141906435,-0.01950645462242423,-0.031577914195946855,0.0,0.0,0.0,0.0,0.0,nan,nan,nan,nan,nan
10,all,halluc,302,-0.03518859295647392,-0.05993022079483046,0.009876852502473422,-0.016081181323809802,-0.02521518979446119,0.0015548513570641243,-0.006169145076518223,5.0577961634075755e-05,0.0009152181745442529,-0.003194914197748349,nan,nan,nan,nan,nan
10,all,real,302,-0.03674344431353804,-0.053761075718312235,0.009826274540839347,-0.016996399498354055,-0.02202027559671284,0.0,0.0,0.0,0.0,0.0,nan,nan,nan,nan,nan
10,non_target,halluc,302,-0.03518859295647392,-0.05993022079483046,0.009876852502473422,-0.016081181323809802,-0.02521518979446119,0.0015548513570641243,-0.006169145076518223,5.0577961634075755e-05,0.0009152181745442529,-0.003194914197748349,nan,nan,nan,nan,nan
10,non_target,real,302,-0.03674344431353804,-0.053761075718312235,0.009826274540839347,-0.016996399498354055,-0.02202027559671284,0.0,0.0,0.0,0.0,0.0,nan,nan,nan,nan,nan
100,all,halluc,304,-0.0814171675965134,-0.0991610278572802,0.011556662430564798,-0.021908707224679604,-0.03087938261907894,-0.004499236306880761,-0.007412580062939433,0.0002916732129336526,-0.0013305885958654687,-4.97319759210392e-05,nan,nan,nan,nan,nan
100,all,real,304,-0.07691793128963265,-0.09174844779434077,0.011264989217631145,-0.020578118628814136,-0.030829650643157902,0.0,0.0,0.0,0.0,0.0,nan,nan,nan,nan,nan
100,non_target,halluc,304,-0.0814171675965134,-0.0991610278572802,0.011556662430564798,-0.021908707224679604,-0.03087938261907894,-0.004499236306880761,-0.007412580062939433,0.0002916732129336526,-0.0013305885958654687,-4.97319759210392e-05,nan,nan,nan,nan,nan
100,non_target,real,304,-0.07691793128963265,-0.09174844779434077,0.011264989217631145,-0.020578118628814136,-0.030829650643157902,0.0,0.0,0.0,0.0,0.0,nan,nan,nan,nan,nan
101,all,halluc,307,0.11279877028825669,-0.025970214434467898,0.012063938134717882,-0.01351792830440553,-0.020718353844201964,0.0011482629353125606,-0.004717409678857698,0.0008236426040079854,0.0013037253207035665,-0.0026592242193854213,nan,nan,nan,nan,nan
101,all,real,307,0.11165050735294413,-0.0212528047556102,0.011240295530709897,-0.014821653625109097,-0.018059129624816542,0.0,0.0,0.0,0.0,0.0,nan,nan,nan,nan,nan
101,non_target,halluc,307,0.11279877028825669,-0.025970214434467898,0.012063938134717882,-0.01351792830440553,-0.020718353844201964,0.0011482629353125606,-0.004717409678857698,0.0008236426040079854,0.0013037253207035665,-0.0026592242193854213,nan,nan,nan,nan,nan
101,non_target,real,307,0.11165050735294413,-0.0212528047556102,0.011240295530709897,-0.014821653625109097,-0.018059129624816542,0.0,0.0,0.0,0.0,0.0,nan,nan,nan,nan,nan
102,all,halluc,304,-0.433041892235679,-0.4309647792866447,0.06433894149233353,-0.13270291088730257,-0.15682350264605266,0.002851359181779478,0.0024385734177679863,0.0006696968755402211,-0.001892072962450586,-0.0009662333177631877,nan,nan,nan,nan,nan
102,all,real,304,-0.4358932514174585,-0.43340335270441266,0.06366924461679331,-0.13081083792485199,-0.15585726932828947,0.0,0.0,0.0,0.0,0.0,nan,nan,nan,nan,nan
102,non_target,halluc,304,-0.433041892235679,-0.4309647792866447,0.06433894149233353,-0.13270291088730257,-0.15682350264605266,0.002851359181779478,0.0024385734177679863,0.0006696968755402211,-0.001892072962450586,-0.0009662333177631877,nan,nan,nan,nan,nan
102,non_target,real,304,-0.4358932514174585,-0.43340335270441266,0.06366924461679331,-0.13081083792485199,-0.15585726932828947,0.0,0.0,0.0,0.0,0.0,nan,nan,nan,nan,nan
103,all,halluc,295,-0.041711600884621225,-0.06564756289028251,0.009175040034789148,-0.017614177186640007,-0.01879643447727457,0.00044339306282026314,-0.0006221037014060293,0.0003916035066066168,-0.00044594031538340226,-0.0010229277730372938,nan,nan,nan,nan,nan
103,all,real,295,-0.04215499394744149,-0.06502545918887648,0.008783436528182531,-0.017168236871256605,-0.017773506704237278,0.0,0.0,0.0,0.0,0.0,nan,nan,nan,nan,nan
103,non_target,halluc,295,-0.041711600884621225,-0.06564756289028251,0.009175040034789148,-0.017614177186640007,-0.01879643447727457,0.00044339306282026314,-0.0006221037014060293,0.0003916035066066168,-0.00044594031538340226,-0.0010229277730372938,nan,nan,nan,nan,nan
103,non_target,real,295,-0.04215499394744149,-0.06502545918887648,0.008783436528182531,-0.017168236871256605,-0.017773506704237278,0.0,0.0,0.0,0.0,0.0,nan,nan,nan,nan,nan
104,all,halluc,312,0.010447050668105806,-0.052094769980956634,0.01237047182755788,-0.015286077033741345,-0.019565030710448707,0.0011611960762085705,-0.009412822876143423,0.00078056368606369,-0.0013322922888663515,7.01012028525641e-05,nan,nan,nan,nan,nan
104,all,real,312,0.009285854591897236,-0.04268194710481321,0.01158990814149419,-0.013953784744874994,-0.01963513191330127,0.0,0.0,0.0,0.0,0.0,nan,nan,nan,nan,nan
104,non_target,halluc,312,0.010447050668105806,-0.052094769980956634,0.01237047182755788,-0.015286077033741345,-0.019565030710448707,0.0011611960762085705,-0.009412822876143423,0.00078056368606369,-0.0013322922888663515,7.01012028525641e-05,nan,nan,nan,nan,nan
104,non_target,real,312,0.009285854591897236,-0.04268194710481321,0.01158990814149419,-0.013953784744874994,-0.01963513191330127,0.0,0.0,0.0,0.0,0.0,nan,nan,nan,nan,nan
105,all,halluc,316,-0.017548758141660792,-0.09172713822665046,0.02349771875817221,-0.0351357722041155,-0.04137613430617084,0.0009476718890812919,-0.008441203227405158,0.00044888859607042364,0.0009948091984556887,-0.002842628690632912,nan,nan,nan,nan,nan
105,all,real,316,-0.018496430030742084,-0.0832859349992453,0.023048830162101786,-0.03613058140257119,-0.03853350561553793,0.0,0.0,0.0,0.0,0.0,nan,nan,nan,nan,nan
105,non_target,halluc,316,-0.017548758141660792,-0.09172713822665046,0.02349771875817221,-0.0351357722041155,-0.04137613430617084,0.0009476718890812919,-0.008441203227405158,0.00044888859607042364,0.0009948091984556887,-0.002842628690632912,nan,nan,nan,nan,nan
105,non_target,real,316,-0.018496430030742084,-0.0832859349992453,0.023048830162101786,-0.03613058140257119,-0.03853350561553793,0.0,0.0,0.0,0.0,0.0,nan,nan,nan,nan,nan
106,all,halluc,307,-0.02625033478670269,-0.04036311562026362,0.010693687161415865,-0.01536157556709281,-0.03431139098700325,0.0033298064977760333,0.004296596171213585,0.0004963231496036818,0.0013948496168045606,-0.0034613872481433113,nan,nan,nan,nan,nan
106,all,real,307,-0.029580141284478723,-0.04465971179147721,0.010197364011812184,-0.01675642518389737,-0.030850003738859936,0.0,0.0,0.0,0.0,0.0,nan,nan,nan,nan,nan
106,non_target,halluc,307,-0.02625033478670269,-0.04036311562026362,0.010693687161415865,-0.01536157556709281,-0.03431139098700325,0.0033298064977760333,0.004296596171213585,0.0004963231496036818,0.0013948496168045606,-0.0034613872481433113,nan,nan,nan,nan,nan
106,non_target,real,307,-0.029580141284478723,-0.04465971179147721,0.010197364011812184,-0.01675642518389737,-0.030850003738859936,0.0,0.0,0.0,0.0,0.0,nan,nan,nan,nan,nan
107,all,baseline_cov,309,-0.05049033352445831,-0.10342884047064393,0.013669535914393707,-0.03268197943470872,-0.03728576971391585,0.0,0.0,0.0,0.0,0.0,0.0,0.0,0.0,0.0,0.0
107,all,halluc,309,-0.05865945861374244,-0.11777620248319298,0.014679991675878084,-0.03478727125447246,-0.0394665722527508,-0.008169125089284135,-0.014347362012549048,0.0010104557614843777,-0.0021052918197637382,-0.0021808025388349445,-0.008169125089284135,-0.014347362012549048,0.0010104557614843777,-0.0021052918197637382,-0.0021808025388349445
107,all,real,309,-0.05049033352445831,-0.10342884047064393,0.013669535914393707,-0.03268197943470872,-0.03728576971391585,0.0,0.0,0.0,0.0,0.0,0.0,0.0,0.0,0.0,0.0
107,target,baseline_cov,1,0.17280651894452825,-0.0938253100942773,0.03103353652072453,-0.036445392,-0.040644202,0.0,-2.220446049250313e-16,0.0,0.0,0.0,0.0,0.0,0.0,0.0,0.0
107,target,halluc,1,0.17280651894452825,-0.09382531009427708,0.03103353652072453,-0.036445392,-0.040644202,0.0,0.0,0.0,0.0,0.0,0.0,2.220446049250313e-16,0.0,0.0,0.0
107,target,real,1,0.17280651894452825,-0.09382531009427708,0.03103353652072453,-0.036445392,-0.040644202,0.0,0.0,0.0,0.0,0.0,0.0,2.220446049250313e-16,0.0,0.0,0.0
107,non_target,baseline_cov,308,-0.05114123096365897,-0.10373684739063282,0.013650259178887644,-0.03265684556274348,-0.037289215712987,-1.1102230246251565e-16,0.0,-1.734723475976807e-18,0.0,0.0,0.0,0.0,0.0,0.0,0.0
107,non_target,halluc,308,-0.059331146279066105,-0.1181254710683437,0.01466380120597026,-0.034768972745558416,-0.03947709877954545,-0.008189915315407248,-0.014388623677710877,0.0010135420270826149,-0.002112127182814935,-0.002187883066558448,-0.008189915315407137,-0.014388623677710877,0.0010135420270826166,-0.002112127182814935,-0.002187883066558448
107,non_target,real,308,-0.05114123096365886,-0.10373684739063282,0.013650259178887646,-0.03265684556274348,-0.037289215712987,0.0,0.0,0.0,0.0,0.0,1.1102230246251565e-16,0.0,1.734723475976807e-18,0.0,0.0
108,all,halluc,296,-0.025633255542827582,-0.061883764345754155,0.010686385844958622,-0.014657896740342884,-0.027978635572297284,-0.005656411559679331,-0.010614935350756083,0.0005488225139100699,-0.001690663511485795,-0.001919584142094588,nan,nan,nan,nan,nan
108,all,real,296,-0.01997684398314825,-0.05126882899499807,0.010137563331048552,-0.01296723322885709,-0.026059051430202696,0.0,0.0,0.0,0.0,0.0,nan,nan,nan,nan,nan
108,non_target,halluc,296,-0.025633255542827582,-0.061883764345754155,0.010686385844958622,-0.014657896740342884,-0.027978635572297284,-0.005656411559679331,-0.010614935350756083,0.0005488225139100699,-0.001690663511485795,-0.001919584142094588,nan,nan,nan,nan,nan
108,non_target,real,296,-0.01997684398314825,-0.05126882899499807,0.010137563331048552,-0.01296723322885709,-0.026059051430202696,0.0,0.0,0.0,0.0,0.0,nan,nan,nan,nan,nan
109,all,baseline_cov,310,0.0411886942866766,-0.07162124482574894,0.016047792393407555,-0.03216048975516024,-0.0427102488340761,2.220446049250313e-16,0.0,0.0,0.0,0.0,0.0,0.0,0.0,0.0,0.0
109,all,halluc,310,0.04030605529438458,-0.07490311684125794,0.016738995901500943,-0.03445979266885321,-0.04389352812816128,-0.0008826389922917954,-0.003281872015509002,0.0006912035080933882,-0.0022993029136929716,-0.0011832792940851822,-0.0008826389922920175,-0.003281872015509002,0.0006912035080933882,-0.0022993029136929716,-0.0011832792940851822
109,all,real,310,0.041188694286676375,-0.07162124482574894,0.016047792393407555,-0.03216048975516024,-0.0427102488340761,0.0,0.0,0.0,0.0,0.0,-2.220446049250313e-16,0.0,0.0,0.0,0.0
109,target,baseline_cov,1,0.1571190060556782,-0.037443007898301905,0.017369152118827943,-0.023991526899999983,-0.0379285,0.0,-2.220446049250313e-16,0.0,3.469446951953614e-18,0.0,0.0,0.0,0.0,0.0,0.0
109,target,halluc,1,0.1571190060556782,-0.03744300789830168,0.017369152118827943,-0.023991526899999987,-0.0379285,0.0,0.0,0.0,0.0,0.0,0.0,2.220446049250313e-16,0.0,-3.469446951953614e-18,0.0
109,target,real,1,0.1571190060556782,-0.03744300789830168,0.017369152118827943,-0.023991526899999987,-0.0379285,0.0,0.0,0.0,0.0,0.0,0.0,2.220446049250313e-16,0.0,-3.469446951953614e-18,0.0
109,non_target,baseline_cov,309,0.04083303153194828,-0.07175619180255632,0.01606135741677018,-0.03228466215922225,-0.04272572374939674,2.220446049250313e-16,0.0,0.0,0.0,0.0,0.0,0.0,0.0,0.0,0.0
109,non_target,halluc,309,0.039947839796393714,-0.07504818732098273,0.01675440851042552,-0.03459140618266827,-0.043912832426310666,-0.000885191735554347,-0.003291995518426405,0.0006930510936553405,-0.0023067440234460154,-0.001187108676913927,-0.0008851917355545691,-0.003291995518426405,0.0006930510936553405,-0.0023067440234460154,-0.001187108676913927
109,non_target,real,309,0.04083303153194806,-0.07175619180255632,0.01606135741677018,-0.03228466215922225,-0.04272572374939674,0.0,0.0,0.0,0.0,0.0,-2.220446049250313e-16,0.0,0.0,0.0,0.0
11,all,halluc,299,0.027705805439889764,-0.03231160053488069,0.008383473295620694,-0.013210742025914273,-0.014753932289623257,-6.772731120419095e-05,-0.002543308604149641,0.00030410209011978197,-0.0005581039737364672,-0.0005837544976923115,nan,nan,nan,nan,nan
11,all,real,299,0.027773532751093954,-0.02976829193073105,0.008079371205500912,-0.012652638052177806,-0.014170177791930945,0.0,0.0,0.0,0.0,0.0,nan,nan,nan,nan,nan
11,non_target,halluc,299,0.027705805439889764,-0.03231160053488069,0.008383473295620694,-0.013210742025914273,-0.014753932289623257,-6.772731120419095e-05,-0.002543308604149641,0.00030410209011978197,-0.0005581039737364672,-0.0005837544976923115,nan,nan,nan,nan,nan
11,non_target,real,299,0.027773532751093954,-0.02976829193073105,0.008079371205500912,-0.012652638052177806,-0.014170177791930945,0.0,0.0,0.0,0.0,0.0,nan,nan,nan,nan,nan
110,all,halluc,301,0.035501331476365694,-0.03298072917847017,0.012238299306959233,-0.020502181552918615,-0.02661013676790698,-0.009132567596138452,-0.0038868144398388482,0.00037251073182751476,-0.0019683817928166855,-0.0016076522052585682,nan,nan,nan,nan,nan
110,all,real,301,0.044633899072504146,-0.02909391473863132,0.011865788575131719,-0.01853379976010193,-0.025002484562648412,0.0,0.0,0.0,0.0,0.0,nan,nan,nan,nan,nan
110,non_target,halluc,301,0.035501331476365694,-0.03298072917847017,0.012238299306959233,-0.020502181552918615,-0.02661013676790698,-0.009132567596138452,-0.0038868144398388482,0.00037251073182751476,-0.0019683817928166855,-0.0016076522052585682,nan,nan,nan,nan,nan
110,non_target,real,301,0.044633899072504146,-0.02909391473863132,0.011865788575131719,-0.01853379976010193,-0.025002484562648412,0.0,0.0,0.0,0.0,0.0,nan,nan,nan,nan,nan
111,all,halluc,296,-0.0539737918868235,-0.07750163858465864,0.010857568634022081,-0.024326848739275337,-0.02787186560270269,0.0008144175725951497,-0.011947471288423106,0.0005981959621052593,0.0005605789870979545,-0.0018059428572297087,nan,nan,nan,nan,nan
111,all,real,296,-0.054788209459418646,-0.06555416729623553,0.010259372671916822,-0.02488742772637329,-0.02606592274547298,0.0,0.0,0.0,0.0,0.0,nan,nan,nan,nan,nan
111,non_target,halluc,296,-0.0539737918868235,-0.07750163858465864,0.010857568634022081,-0.024326848739275337,-0.02787186560270269,0.0008144175725951497,-0.011947471288423106,0.0005981959621052593,0.0005605789870979545,-0.0018059428572297087,nan,nan,nan,nan,nan
111,non_target,real,296,-0.054788209459418646,-0.06555416729623553,0.010259372671916822,-0.02488742772637329,-0.02606592274547298,0.0,0.0,0.0,0.0,0.0,nan,nan,nan,nan,nan
112,all,halluc,301,0.045581466385533176,-0.04303097649658005,0.010847989202471375,-0.011122946720880399,-0.013955165883654488,0.00418243006567276,-0.00974779899841749,0.0007124259275475432,0.000724122530815623,-0.002104113557774085,nan,nan,nan,nan,nan
112,all,real,301,0.041399036319860416,-0.033283177498162564,0.010135563274923832,-0.011847069251696022,-0.011851052325880403,0.0,0.0,0.0,0.0,0.0,nan,nan,nan,nan,nan
112,non_target,halluc,301,0.045581466385533176,-0.04303097649658005,0.010847989202471375,-0.011122946720880399,-0.013955165883654488,0.00418243006567276,-0.00974779899841749,0.0007124259275475432,0.000724122530815623,-0.002104113557774085,nan,nan,nan,nan,nan
112,non_target,real,301,0.041399036319860416,-0.033283177498162564,0.010135563274923832,-0.011847069251696022,-0.011851052325880403,0.0,0.0,0.0,0.0,0.0,nan,nan,nan,nan,nan
113,all,halluc,300,0.03657214026767752,-0.0113875684546344,0.009903376753533899,-0.0072973886183966535,-0.021453218248266667,-0.004999221645898944,-0.000655511370454831,0.00023484684606524947,-0.0006142326383036505,-0.0011976540125000178,nan,nan,nan,nan,nan
113,all,real,300,0.041571361913576466,-0.01073205708417957,0.00966852990746865,-0.006683155980093003,-0.02025556423576665,0.0,0.0,0.0,0.0,0.0,nan,nan,nan,nan,nan
113,non_target,halluc,300,0.03657214026767752,-0.0113875684546344,0.009903376753533899,-0.0072973886183966535,-0.021453218248266667,-0.004999221645898944,-0.000655511370454831,0.00023484684606524947,-0.0006142326383036505,-0.0011976540125000178,nan,nan,nan,nan,nan
113,non_target,real,300,0.041571361913576466,-0.01073205708417957,0.00966852990746865,-0.006683155980093003,-0.02025556423576665,0.0,0.0,0.0,0.0,0.0,nan,nan,nan,nan,nan
114,all,baseline_cov,308,0.010823360413070526,-0.028849280020020185,0.00769755628372165,-0.007186710200923649,-0.021669187138896095,0.0,0.0,0.0,-1.734723475976807e-18,-3.469446951953614e-18,0.0,0.0,0.0,0.0,0.0
114,all,halluc,308,0.015950685618313143,-0.022780718503963127,0.007737117417443582,-0.007429202616334771,-0.02060531366158115,0.005127325205242617,0.006068561516057058,3.956113372193242e-05,-0.00024249241541112344,0.001063873477314941,0.005127325205242617,0.006068561516057058,3.956113372193242e-05,-0.0002424924154111217,0.0010638734773149444
114,all,real,308,0.010823360413070526,-0.028849280020020185,0.00769755628372165,-0.007186710200923647,-0.021669187138896092,0.0,0.0,0.0,0.0,0.0,0.0,0.0,0.0,1.734723475976807e-18,3.469446951953614e-18
114,target,baseline_cov,1,0.08210382149108808,-0.02951453373710744,0.013583273084433422,-0.017453505899999996,-0.024965363000000004,0.0,0.0,0.0,-3.469446951953614e-18,-3.469446951953614e-18,0.0,0.0,0.0,0.0,0.0
114,target,halluc,1,0.08210382149108808,-0.02951453373710744,0.013583273084433422,-0.017453505899999992,-0.024965363,0.0,0.0,0.0,0.0,0.0,0.0,0.0,0.0,3.469446951953614e-18,3.469446951953614e-18
114,target,real,1,0.08210382149108808,-0.02951453373710744,0.013583273084433422,-0.017453505899999992,-0.024965363,0.0,0.0,0.0,0.0,0.0,0.0,0.0,0.0,3.469446951953614e-18,3.469446951953614e-18
114,non_target,baseline_cov,307,0.010599022292736793,-0.02891149391146064,0.007691784127678827,-0.007219504275291479,-0.02165845040970683,0.0,-1.1102230246251565e-16,8.673617379884035e-19,-1.734723475976807e-18,-3.469446951953614e-18,0.0,0.0,0.0,0.0,0.0
114,non_target,halluc,307,0.015741949653568454,-0.022823493294499286,0.007732930872251256,-0.007474464494645307,-0.020591111546472297,0.005142927360831662,0.006088000616961242,4.114674457243034e-05,-0.00025496021935382963,0.00106733886323453,0.005142927360831662,0.006088000616961353,4.114674457242947e-05,-0.0002549602193538279,0.0010673388632345335
114,non_target,real,307,0.010599022292736793,-0.02891149391146053,0.007691784127678826,-0.007219504275291477,-0.021658450409706827,0.0,0.0,0.0,0.0,0.0,0.0,1.1102230246251565e-16,-8.673617379884035e-19,1.734723475976807e-18,3.469446951953614e-18
115,all,halluc,301,-0.026636108725458074,-0.07597868608686043,0.016282725893677567,-0.0333843996641495,-0.034660850680797335,-0.00983490276157828,-0.016401439720747146,0.0006632924154292841,-0.0023878154272557912,-0.002003813008704322,nan,nan,nan,nan,nan
115,all,real,301,-0.016801205963879795,-0.05957724636611328,0.015619433478248283,-0.03099658423689371,-0.03265703767209301,0.0,0.0,0.0,0.0,0.0,nan,nan,nan,nan,nan
115,non_target,halluc,301,-0.026636108725458074,-0.07597868608686043,0.016282725893677567,-0.0333843996641495,-0.034660850680797335,-0.00983490276157828,-0.016401439720747146,0.0006632924154292841,-0.0023878154272557912,-0.002003813008704322,nan,nan,nan,nan,nan
115,non_target,real,301,-0.016801205963879795,-0.05957724636611328,0.015619433478248283,-0.03099658423689371,-0.03265703767209301,0.0,0.0,0.0,0.0,0.0,nan,nan,nan,nan,nan
116,all,halluc,299,-0.05040816228800782,-0.09090994230946103,0.013913780802387242,-0.027942101103901315,-0.03567484625648831,0.00028688774199014944,-0.0038836475870708265,0.0004917462777685715,-0.0018294011914632077,-0.001194603337759205,nan,nan,nan,nan,nan
116,all,real,299,-0.05069505002999797,-0.08702629472239021,0.01342203452461867,-0.026112699912438107,-0.03448024291872911,0.0,0.0,0.0,0.0,0.0,nan,nan,nan,nan,nan
116,non_target,halluc,299,-0.05040816228800782,-0.09090994230946103,0.013913780802387242,-0.027942101103901315,-0.03567484625648831,0.00028688774199014944,-0.0038836475870708265,0.0004917462777685715,-0.0018294011914632077,-0.001194603337759205,nan,nan,nan,nan,nan
116,non_target,real,299,-0.05069505002999797,-0.08702629472239021,0.01342203452461867,-0.026112699912438107,-0.03448024291872911,0.0,0.0,0.0,0.0,0.0,nan,nan,nan,nan,nan
117,all,baseline_cov,311,0.03653925402461233,-0.03199334772980322,0.008020693660830688,-0.010265860211232287,-0.011929224192304045,0.0,1.1102230246251565e-16,0.0,0.0,1.734723475976807e-18,0.0,0.0,0.0,0.0,0.0
117,all,halluc,311,0.035636337491207426,-0.035481752299155844,0.008481090847727087,-0.011565396670624575,-0.012115446816451946,-0.0009029165334049072,-0.00348840456935251,0.00046039718689639894,-0.0012995364593922885,-0.0001862226241478998,-0.0009029165334049072,-0.003488404569352621,0.00046039718689639894,-0.0012995364593922885,-0.00018622262414790154
117,all,real,311,0.03653925402461233,-0.031993347729803334,0.008020693660830688,-0.010265860211232287,-0.011929224192304046,0.0,0.0,0.0,0.0,0.0,0.0,-1.1102230246251565e-16,0.0,0.0,-1.734723475976807e-18
117,target,baseline_cov,1,0.07428511976925134,-0.027596897513790686,0.013230068722872357,-0.019466835599999992,-0.024036840999999996,0.0,0.0,0.0,3.469446951953614e-18,3.469446951953614e-18,0.0,0.0,0.0,0.0,0.0
117,target,halluc,1,0.07428511976925134,-0.027596897513790686,0.013230068722872357,-0.019466835599999996,-0.024036841,0.0,0.0,0.0,0.0,0.0,0.0,0.0,0.0,-3.469446951953614e-18,-3.469446951953614e-18
117,target,real,1,0.07428511976925134,-0.027596897513790686,0.013230068722872357,-0.019466835599999996,-0.024036841,0.0,0.0,0.0,0.0,0.0,0.0,0.0,0.0,-3.469446951953614e-18,-3.469446951953614e-18
117,non_target,baseline_cov,310,0.03641966465154001,-0.03204969405634639,0.008018667911111391,-0.01025898214937847,-0.011945960348730834,0.0,0.0,0.0,1.734723475976807e-18,0.0,0.0,0.0,0.0,0.0,0.0
117,non_target,halluc,310,0.03551394126591623,-0.03554912746876393,0.008480426883712195,-0.011527955854287881,-0.012132783691021144,-0.0009057233856237801,-0.003499433412417541,0.00046175897260080333,-0.00126897370490941,-0.00018682334229030984,-0.0009057233856237801,-0.003499433412417541,0.00046175897260080333,-0.0012689737049094117,-0.00018682334229030984
117,non_target,real,310,0.03641966465154001,-0.03204969405634639,0.008018667911111391,-0.010258982149378471,-0.011945960348730834,0.0,0.0,0.0,0.0,0.0,0.0,0.0,0.0,-1.734723475976807e-18,0.0
118,all,halluc,297,-0.09631009300181748,-0.16149891157526008,0.021224819948266686,-0.0508113380867071,-0.053058853847609395,-0.008445185959236934,-0.017915962210408365,0.0010596286310614322,-0.0034629805261313304,-0.0035702490334680037,nan,nan,nan,nan,nan
118,all,real,297,-0.08786490704258054,-0.14358294936485172,0.020165191317205254,-0.04734835756057577,-0.04948860481414139,0.0,0.0,0.0,0.0,0.0,nan,nan,nan,nan,nan
118,non_target,halluc,297,-0.09631009300181748,-0.16149891157526008,0.021224819948266686,-0.0508113380867071,-0.053058853847609395,-0.008445185959236934,-0.017915962210408365,0.0010596286310614322,-0.0034629805261313304,-0.0035702490334680037,nan,nan,nan,nan,nan
118,non_target,real,297,-0.08786490704258054,-0.14358294936485172,0.020165191317205254,-0.04734835756057577,-0.04948860481414139,0.0,0.0,0.0,0.0,0.0,nan,nan,nan,nan,nan
119,all,halluc,315,-0.013468344689293366,-0.16889401271529625,0.029709733828269434,-0.04326435890056252,-0.04548683297098412,-0.016057936330248213,-0.02097952437637518,0.001999547226533758,-0.004135367928341266,0.00263213286730158,nan,nan,nan,nan,nan
119,all,real,315,0.002589591640954847,-0.14791448833892107,0.027710186601735676,-0.03912899097222126,-0.0481189658382857,0.0,0.0,0.0,0.0,0.0,nan,nan,nan,nan,nan
119,non_target,halluc,315,-0.013468344689293366,-0.16889401271529625,0.029709733828269434,-0.04326435890056252,-0.04548683297098412,-0.016057936330248213,-0.02097952437637518,0.001999547226533758,-0.004135367928341266,0.00263213286730158,nan,nan,nan,nan,nan
119,non_target,real,315,0.002589591640954847,-0.14791448833892107,0.027710186601735676,-0.03912899097222126,-0.0481189658382857,0.0,0.0,0.0,0.0,0.0,nan,nan,nan,nan,nan
12,all,halluc,303,0.06539430985367822,-0.01647930686429555,0.007170462638933152,-0.006308067450946992,-0.009634994192743256,-0.0053868921520341395,-0.0010747080956861055,0.0002072220464911234,-0.0003539128944699864,-0.001151902431980198,nan,nan,nan,nan,nan
12,all,real,303,0.07078120200571236,-0.015404598768609445,0.0069632405924420285,-0.005954154556477006,-0.008483091760763058,0.0,0.0,0.0,0.0,0.0,nan,nan,nan,nan,nan
12,non_target,halluc,303,0.06539430985367822,-0.01647930686429555,0.007170462638933152,-0.006308067450946992,-0.009634994192743256,-0.0053868921520341395,-0.0010747080956861055,0.0002072220464911234,-0.0003539128944699864,-0.001151902431980198,nan,nan,nan,nan,nan
12,non_target,real,303,0.07078120200571236,-0.015404598768609445,0.0069632405924420285,-0.005954154556477006,-0.008483091760763058,0.0,0.0,0.0,0.0,0.0,nan,nan,nan,nan,nan
120,all,baseline_cov,309,0.01988030681252928,-0.018622288193805958,0.005709735887839915,-0.0055092441791398375,-0.009054649174280317,0.0,0.0,0.0,0.0,0.0,0.0,0.0,0.0,0.0,0.0
120,all,halluc,309,0.02008184268483304,-0.019428665181487226,0.005927152787153108,-0.005642015253393161,-0.00935731136174643,0.0002015358723037597,-0.0008063769876812676,0.00021741689931319315,-0.00013277107425332339,-0.0003026621874661125,0.0002015358723037597,-0.0008063769876812676,0.00021741689931319315,-0.00013277107425332339,-0.0003026621874661125
120,all,real,309,0.01988030681252928,-0.018622288193805958,0.005709735887839915,-0.0055092441791398375,-0.009054649174280317,0.0,0.0,0.0,0.0,0.0,0.0,0.0,0.0,0.0,0.0
120,target,baseline_cov,1,0.041852188372725196,-0.09336352323477726,0.025756875244012614,-0.027815614499999957,-0.07907789,0.0,0.0,0.0,-3.469446951953614e-18,0.0,0.0,0.0,0.0,0.0,0.0
120,target,halluc,1,0.041852188372725196,-0.09336352323477726,0.025756875244012614,-0.027815614499999954,-0.07907789,0.0,0.0,0.0,0.0,0.0,0.0,0.0,0.0,3.469446951953614e-18,0.0
120,target,real,1,0.041852188372725196,-0.09336352323477726,0.025756875244012614,-0.027815614499999954,-0.07907789,0.0,0.0,0.0,0.0,0.0,0.0,0.0,0.0,3.469446951953614e-18,0.0
120,non_target,baseline_cov,308,0.019809729546157007,-0.01843200155393865,0.005713071129626037,-0.0056817044107279535,-0.009002496736534473,0.0,0.0,0.0,0.0,0.0,0.0,0.0,0.0,0.0,0.0
120,non_target,halluc,308,0.020011905828690946,-0.019241152431194397,0.00593080049444979,-0.005785603335585584,-0.009306141593440412,0.00020217628253393904,-0.0008091508772557487,0.0002177293648237535,-0.00010389892485763042,-0.00030364485690593905,0.00020217628253393904,-0.0008091508772557487,0.0002177293648237535,-0.00010389892485763042,-0.00030364485690593905
120,non_target,real,308,0.019809729546157007,-0.01843200155393865,0.005713071129626037,-0.0056817044107279535,-0.009002496736534473,0.0,0.0,0.0,0.0,0.0,0.0,0.0,0.0,0.0,0.0
121,all,halluc,296,-0.040403229937198915,-0.049366706394780135,0.006731884623437392,-0.013166352050836825,-0.015422979914793938,-0.0001518474805040082,-0.0017037949410659836,0.00016511433004225314,-0.00020945154785630832,-0.0004266989950315464,nan,nan,nan,nan,nan
121,all,real,296,-0.040251382456694906,-0.04766291145371415,0.0065667702933951385,-0.012956900502980517,-0.014996280919762392,0.0,0.0,0.0,0.0,0.0,nan,nan,nan,nan,nan
121,non_target,halluc,296,-0.040403229937198915,-0.049366706394780135,0.006731884623437392,-0.013166352050836825,-0.015422979914793938,-0.0001518474805040082,-0.0017037949410659836,0.00016511433004225314,-0.00020945154785630832,-0.0004266989950315464,nan,nan,nan,nan,nan
121,non_target,real,296,-0.040251382456694906,-0.04766291145371415,0.0065667702933951385,-0.012956900502980517,-0.014996280919762392,0.0,0.0,0.0,0.0,0.0,nan,nan,nan,nan,nan
122,all,halluc,297,0.03783744486503737,-0.04537082396526215,0.012027963749580685,-0.014609107423090064,-0.014966709536936037,0.0022489711952986546,-0.007588264947756773,0.00047768314766274446,-0.002277074688851006,-0.0009365767676094375,nan,nan,nan,nan,nan
122,all,real,297,0.03558847366973872,-0.03778255901750538,0.01155028060191794,-0.012332032734239058,-0.0140301327693266,0.0,0.0,0.0,0.0,0.0,nan,nan,nan,nan,nan
122,non_target,halluc,297,0.03783744486503737,-0.04537082396526215,0.012027963749580685,-0.014609107423090064,-0.014966709536936037,0.0022489711952986546,-0.007588264947756773,0.00047768314766274446,-0.002277074688851006,-0.0009365767676094375,nan,nan,nan,nan,nan
122,non_target,real,297,0.03558847366973872,-0.03778255901750538,0.01155028060191794,-0.012332032734239058,-0.0140301327693266,0.0,0.0,0.0,0.0,0.0,nan,nan,nan,nan,nan
123,all,baseline_cov,310,0.010114310055586273,-0.01853763215597659,0.006947250085221938,-0.008833073529226609,-0.009018825310636963,-0.00014669388010357665,-2.137861567930166e-05,1.734723475976807e-18,-7.260724249872133e-06,-7.260724249873868e-06,0.0,0.0,0.0,0.0,0.0
123,all,halluc,310,0.002675577387311723,-0.022587833545124836,0.007305146245942293,-0.01027063296575358,-0.010484855777971612,-0.007585426548378127,-0.004071580004827546,0.0003578961607203562,-0.0014448201607768427,-0.0014732911915845224,-0.00743873266827455,-0.004050201389148245,0.00035789616072035447,-0.0014375594365269705,-0.0014660304673346485
123,all,real,310,0.01026100393568985,-0.01851625354029729,0.006947250085221937,-0.008825812804976737,-0.00901156458638709,0.0,0.0,0.0,0.0,0.0,0.00014669388010357665,2.137861567930166e-05,-1.734723475976807e-18,7.260724249872133e-06,7.260724249873868e-06
123,target,baseline_cov,1,-0.06518072252629492,-0.1024930163146831,0.026502773514167393,-0.04451557064499997,-0.079289047645,-0.003956232750589872,-0.002467085580291073,0.0,-0.0002111576449999944,-0.00021115764500000134,0.0,0.0,0.0,0.0,0.0
123,target,halluc,1,-0.06518072252629503,-0.09987541125522137,0.026495214897256543,-0.042840071999999965,-0.08593667,-0.003956232750589983,0.00015051947917066322,-7.558616910850052e-06,0.0014643410000000079,-0.006858780000000009,-1.1102230246251565e-16,0.002617605059461736,-7.558616910850052e-06,0.0016754986450000023,-0.006647622355000007
123,target,real,1,-0.06122448977570505,-0.10002593073439203,0.026502773514167393,-0.04430441299999997,-0.07907789,0.0,0.0,0.0,0.0,0.0,0.003956232750589872,0.002467085580291073,0.0,0.0002111576449999944,0.00021115764500000134
123,non_target,baseline_cov,309,0.010367575030125087,-0.018345658540108056,0.006959001602644746,-0.008828005288398864,-0.008966042358098574,-0.00013339477729812366,-1.9439491897643713e-05,2.6020852139652106e-18,-6.600863664921533e-06,-6.600863664921533e-06,0.0,0.0,0.0,0.0,0.0
123,non_target,halluc,309,0.0029029868207071097,-0.02239399129018138,0.00731215259321493,-0.010272532226645988,-0.010448398929356634,-0.007597982986716101,-0.004067772241970968,0.00035315099057018663,-0.0014511278019120454,-0.0014889574349229821,-0.007464588209417977,-0.004048332750073325,0.00035315099057018403,-0.0014445269382471239,-0.0014823565712580606
123,non_target,real,309,0.01050096980742321,-0.018326219048210413,0.006959001602644743,-0.008821404424733942,-0.008959441494433652,0.0,0.0,0.0,0.0,0.0,0.00013339477729812366,1.9439491897643713e-05,-2.6020852139652106e-18,6.600863664921533e-06,6.600863664921533e-06
124,all,halluc,296,0.035435334804054364,-0.014850613976999938,0.008286114379537964,-0.010610366617840442,-0.014961988372349381,0.0017189760978237878,-0.002111158480522679,0.00034998702889891577,0.0005747349788726673,-0.002140690182154008,nan,nan,nan,nan,nan
124,all,real,296,0.033716358706230576,-0.012739455496477259,0.007936127350639048,-0.011185101596713109,-0.012821298190195373,0.0,0.0,0.0,0.0,0.0,nan,nan,nan,nan,nan
124,non_target,halluc,296,0.035435334804054364,-0.014850613976999938,0.008286114379537964,-0.010610366617840442,-0.014961988372349381,0.0017189760978237878,-0.002111158480522679,0.00034998702889891577,0.0005747349788726673,-0.002140690182154008,nan,nan,nan,nan,nan
124,non_target,real,296,0.033716358706230576,-0.012739455496477259,0.007936127350639048,-0.011185101596713109,-0.012821298190195373,0.0,0.0,0.0,0.0,0.0,nan,nan,nan,nan,nan
125,all,halluc,296,-0.04650175631005127,-0.11496324209893982,0.014751185846707433,-0.02499829839240101,-0.03309546955342568,-0.00405537566281966,-0.00801282648748991,0.0007583570724059106,-0.0015334192114601283,-0.0015886201741351288,nan,nan,nan,nan,nan
125,all,real,296,-0.04244638064723161,-0.10695041561144991,0.013992828774301523,-0.02346487918094088,-0.031506849379290554,0.0,0.0,0.0,0.0,0.0,nan,nan,nan,nan,nan
125,non_target,halluc,296,-0.04650175631005127,-0.11496324209893982,0.014751185846707433,-0.02499829839240101,-0.03309546955342568,-0.00405537566281966,-0.00801282648748991,0.0007583570724059106,-0.0015334192114601283,-0.0015886201741351288,nan,nan,nan,nan,nan
125,non_target,real,296,-0.04244638064723161,-0.10695041561144991,0.013992828774301523,-0.02346487918094088,-0.031506849379290554,0.0,0.0,0.0,0.0,0.0,nan,nan,nan,nan,nan
126,all,halluc,298,-0.0036976155141558165,-0.04505000607070331,0.011651572577583333,-0.014212228973199646,-0.03149721767560405,-0.004144500608695423,0.0007240560375937344,0.0003370828893949993,-0.0009683203323791866,-0.0005403558696644405,nan,nan,nan,nan,nan
126,all,real,298,0.00044688509453960634,-0.04577406210829704,0.011314489688188333,-0.01324390864082046,-0.030956861805939612,0.0,0.0,0.0,0.0,0.0,nan,nan,nan,nan,nan
126,non_target,halluc,298,-0.0036976155141558165,-0.04505000607070331,0.011651572577583333,-0.014212228973199646,-0.03149721767560405,-0.004144500608695423,0.0007240560375937344,0.0003370828893949993,-0.0009683203323791866,-0.0005403558696644405,nan,nan,nan,nan,nan
126,non_target,real,298,0.00044688509453960634,-0.04577406210829704,0.011314489688188333,-0.01324390864082046,-0.030956861805939612,0.0,0.0,0.0,0.0,0.0,nan,nan,nan,nan,nan
127,all,halluc,301,-0.025443035088355992,-0.038881278359990334,0.011187337628917745,-0.01663742460398827,-0.017006995109079184,0.002153918312301162,0.008837175334897251,0.00011114029686449915,-0.0023882234484832263,0.0007976053172757402,nan,nan,nan,nan,nan
127,all,real,301,-0.027596953400657154,-0.047718453694887586,0.011076197332053245,-0.014249201155505044,-0.017804600426354924,0.0,0.0,0.0,0.0,0.0,nan,nan,nan,nan,nan
127,non_target,halluc,301,-0.025443035088355992,-0.038881278359990334,0.011187337628917745,-0.01663742460398827,-0.017006995109079184,0.002153918312301162,0.008837175334897251,0.00011114029686449915,-0.0023882234484832263,0.0007976053172757402,nan,nan,nan,nan,nan
127,non_target,real,301,-0.027596953400657154,-0.047718453694887586,0.011076197332053245,-0.014249201155505044,-0.017804600426354924,0.0,0.0,0.0,0.0,0.0,nan,nan,nan,nan,nan
128,all,halluc,296,0.06873276927804373,-0.017234268241177242,0.01310511966755001,-0.011882808528921885,-0.016197632491385124,0.0025976624235759527,-0.0027640343717102445,0.00040487568526219493,0.0004164954035030567,-0.0016216837357241123,nan,nan,nan,nan,nan
128,all,real,296,0.06613510685446777,-0.014470233869466997,0.012700243982287815,-0.012299303932424942,-0.014575948755661011,0.0,0.0,0.0,0.0,0.0,nan,nan,nan,nan,nan
128,non_target,halluc,296,0.06873276927804373,-0.017234268241177242,0.01310511966755001,-0.011882808528921885,-0.016197632491385124,0.0025976624235759527,-0.0027640343717102445,0.00040487568526219493,0.0004164954035030567,-0.0016216837357241123,nan,nan,nan,nan,nan
128,non_target,real,296,0.06613510685446777,-0.014470233869466997,0.012700243982287815,-0.012299303932424942,-0.014575948755661011,0.0,0.0,0.0,0.0,0.0,nan,nan,nan,nan,nan
129,all,baseline_cov,307,-0.010341969062018452,-0.04412939802039495,0.01079664042779835,-0.02008976351356026,-0.03031976262205214,0.0,0.0,0.0,-6.938893903907228e-18,0.0,0.0,0.0,0.0,0.0,0.0
129,all,halluc,307,-0.020162669383285703,-0.06258489684718405,0.01162253995264353,-0.0219010670561254,-0.03377238551960914,-0.00982070032126725,-0.018455498826789096,0.0008258995248451792,-0.0018113035425651458,-0.0034526228975570034,-0.00982070032126725,-0.018455498826789096,0.0008258995248451792,-0.0018113035425651389,-0.0034526228975570034
129,all,real,307,-0.010341969062018452,-0.04412939802039495,0.01079664042779835,-0.020089763513560253,-0.03031976262205214,0.0,0.0,0.0,0.0,0.0,0.0,0.0,0.0,6.938893903907228e-18,0.0
129,target,baseline_cov,1,0.06702593902932596,-0.03595394093509041,0.01648884027279925,-0.0230752201,-0.029633053000000003,0.0,-1.1102230246251565e-16,0.0,-3.469446951953614e-18,-3.469446951953614e-18,0.0,0.0,0.0,0.0,0.0
129,target,halluc,1,0.06702593902932596,-0.0359539409350903,0.01648884027279925,-0.023075220099999995,-0.029633053,0.0,0.0,0.0,0.0,0.0,0.0,1.1102230246251565e-16,0.0,3.469446951953614e-18,3.469446951953614e-18
129,target,real,1,0.06702593902932596,-0.0359539409350903,0.01648884027279925,-0.023075220099999995,-0.029633053,0.0,0.0,0.0,0.0,0.0,0.0,1.1102230246251565e-16,0.0,3.469446951953614e-18,3.469446951953614e-18
129,non_target,baseline_cov,306,-0.010585379154962382,-0.044256698018617646,0.010799026946152823,-0.020099162487950982,-0.03032200677114381,0.0,0.0,0.0,-6.938893903907228e-18,0.0,0.0,0.0,0.0,0.0,0.0
129,non_target,halluc,306,-0.020435589687672895,-0.06272678450232727,0.011628628086982586,-0.02191638532313888,-0.03378591275006537,-0.009850210532710513,-0.018470086483709625,0.0008296011408297638,-0.0018172228351879052,-0.0034639059789215616,-0.009850210532710513,-0.018470086483709625,0.0008296011408297638,-0.0018172228351878983,-0.0034639059789215616
129,non_target,real,306,-0.010585379154962382,-0.044256698018617646,0.010799026946152823,-0.020099162487950975,-0.03032200677114381,0.0,0.0,0.0,0.0,0.0,0.0,0.0,0.0,6.938893903907228e-18,0.0
13,all,halluc,304,-0.006201146098420485,-0.029644893761073154,0.007303004711201954,-0.010234555944365618,-0.011453801211250001,-0.0021972209615503946,-0.006836043712139417,0.0004250328660933191,7.797259652088905e-05,-0.0010887103216447314,nan,nan,nan,nan,nan
13,all,real,304,-0.00400392513687009,-0.022808850048933738,0.006877971845108635,-0.010312528540886507,-0.01036509088960527,0.0,0.0,0.0,0.0,0.0,nan,nan,nan,nan,nan
13,non_target,halluc,304,-0.006201146098420485,-0.029644893761073154,0.007303004711201954,-0.010234555944365618,-0.011453801211250001,-0.0021972209615503946,-0.006836043712139417,0.0004250328660933191,7.797259652088905e-05,-0.0010887103216447314,nan,nan,nan,nan,nan
13,non_target,real,304,-0.00400392513687009,-0.022808850048933738,0.006877971845108635,-0.010312528540886507,-0.01036509088960527,0.0,0.0,0.0,0.0,0.0,nan,nan,nan,nan,nan
130,all,halluc,297,0.025781623530279685,-0.03952567764196879,0.01901111915569432,-0.02457001099243347,-0.03231988830181821,-0.00598365978641513,-0.0028225654546356616,0.0004904318028643856,-0.0017760573053047062,-0.0017138372910774462,nan,nan,nan,nan,nan
130,all,real,297,0.031765283316694815,-0.03670311218733313,0.018520687352829933,-0.022793953687128762,-0.03060605101074076,0.0,0.0,0.0,0.0,0.0,nan,nan,nan,nan,nan
130,non_target,halluc,297,0.025781623530279685,-0.03952567764196879,0.01901111915569432,-0.02457001099243347,-0.03231988830181821,-0.00598365978641513,-0.0028225654546356616,0.0004904318028643856,-0.0017760573053047062,-0.0017138372910774462,nan,nan,nan,nan,nan
130,non_target,real,297,0.031765283316694815,-0.03670311218733313,0.018520687352829933,-0.022793953687128762,-0.03060605101074076,0.0,0.0,0.0,0.0,0.0,nan,nan,nan,nan,nan
131,all,halluc,305,0.05472777942117979,-0.00635669439372466,0.0048468750827135015,-0.003983817921011449,-0.004897816057101085,0.0005280140379095855,0.0007935342228675424,0.00015806048647185045,0.00022001755639950663,0.00017859403310492052,nan,nan,nan,nan,nan
131,all,real,305,0.054199765383270204,-0.0071502286165922024,0.004688814596241651,-0.004203835477410956,-0.005076410090206006,0.0,0.0,0.0,0.0,0.0,nan,nan,nan,nan,nan
131,non_target,halluc,305,0.05472777942117979,-0.00635669439372466,0.0048468750827135015,-0.003983817921011449,-0.004897816057101085,0.0005280140379095855,0.0007935342228675424,0.00015806048647185045,0.00022001755639950663,0.00017859403310492052,nan,nan,nan,nan,nan
131,non_target,real,305,0.054199765383270204,-0.0071502286165922024,0.004688814596241651,-0.004203835477410956,-0.005076410090206006,0.0,0.0,0.0,0.0,0.0,nan,nan,nan,nan,nan
132,all,baseline_cov,308,0.04383623292923744,-0.008501891519753113,0.005760311754665586,-0.005835227708180502,-0.007546298360844154,0.0,0.0,0.0,0.0,0.0,0.0,0.0,0.0,0.0,0.0
132,all,halluc,308,0.04880433547879659,-0.016326698504399828,0.006063060052985091,-0.008824599171444942,-0.011090867223863645,0.00496810254955915,-0.007824806984646715,0.00030274829831950477,-0.00298937146326444,-0.0035445688630194915,0.00496810254955915,-0.007824806984646715,0.00030274829831950477,-0.00298937146326444,-0.0035445688630194915
132,all,real,308,0.04383623292923744,-0.008501891519753113,0.005760311754665586,-0.005835227708180502,-0.007546298360844154,0.0,0.0,0.0,0.0,0.0,0.0,0.0,0.0,0.0,0.0
132,target,baseline_cov,1,0.17806805872559694,-0.022072635565684395,0.01324902768408008,-0.015959131600000002,-0.016615897,0.0,0.0,0.0,0.0,0.0,0.0,0.0,0.0,0.0,0.0
132,target,halluc,1,0.17806805872559694,-0.022072635565684395,0.01324902768408008,-0.015959131600000002,-0.016615897,0.0,0.0,0.0,0.0,0.0,0.0,0.0,0.0,0.0,0.0
132,target,real,1,0.17806805872559694,-0.022072635565684395,0.01324902768408008,-0.015959131600000002,-0.016615897,0.0,0.0,0.0,0.0,0.0,0.0,0.0,0.0,0.0,0.0
132,non_target,baseline_cov,307,0.043424990644763684,-0.00853474635401541,0.005762943131008706,-0.005805058458695748,-0.007615694436938109,0.0,0.0,0.0,0.0,0.0,0.0,0.0,0.0,0.0,0.0
132,non_target,halluc,307,0.04840735082966563,-0.016536099553062455,0.006076254052847695,-0.008879789182101114,-0.011171809126872973,0.004982360184901946,-0.008001353199047045,0.00031331092183898863,-0.0030747307234053663,-0.0035561146899348644,0.004982360184901946,-0.008001353199047045,0.00031331092183898863,-0.0030747307234053663,-0.0035561146899348644
132,non_target,real,307,0.043424990644763684,-0.00853474635401541,0.005762943131008706,-0.005805058458695748,-0.007615694436938109,0.0,0.0,0.0,0.0,0.0,0.0,0.0,0.0,0.0,0.0
133,all,halluc,301,-0.06401320504134267,-0.10642242831577753,0.01624260000106316,-0.02855523198649004,-0.030066943794086413,-0.010268961595442105,-0.012286472537711202,0.0005394077922110975,-0.0018405462834292022,0.0014680191496345488,nan,nan,nan,nan,nan
133,all,real,301,-0.053744243445900564,-0.09413595577806633,0.015703192208852062,-0.026714685703060837,-0.03153496294372096,0.0,0.0,0.0,0.0,0.0,nan,nan,nan,nan,nan
133,non_target,halluc,301,-0.06401320504134267,-0.10642242831577753,0.01624260000106316,-0.02855523198649004,-0.030066943794086413,-0.010268961595442105,-0.012286472537711202,0.0005394077922110975,-0.0018405462834292022,0.0014680191496345488,nan,nan,nan,nan,nan
133,non_target,real,301,-0.053744243445900564,-0.09413595577806633,0.015703192208852062,-0.026714685703060837,-0.03153496294372096,0.0,0.0,0.0,0.0,0.0,nan,nan,nan,nan,nan
134,all,baseline_cov,310,-0.01272714224663285,-0.02386138289348716,0.00791255509227117,-0.012537603700520436,-0.019779105039432386,0.001897474819853362,0.00018777000678482647,-3.469446951953614e-18,9.61892427611584e-05,9.618924276116533e-05,0.0,0.0,0.0,0.0,0.0
134,all,halluc,310,-0.016661056412638486,-0.02421329659560001,0.00812338410981167,-0.012756029144559007,-0.020645972029193545,-0.0020364393461522745,-0.00016414369532802286,0.00021082901754049602,-0.00012223620127741266,-0.000770677746999994,-0.0039339141660056365,-0.00035191370211284934,0.00021082901754049949,-0.00021842544403857106,-0.0008668669897611593
134,all,real,310,-0.014624617066486212,-0.024049152900271986,0.007912555092271173,-0.012633792943281595,-0.01987529428219355,0.0,0.0,0.0,0.0,0.0,-0.001897474819853362,-0.00018777000678482647,3.469446951953614e-18,-9.61892427611584e-05,-9.618924276116533e-05
134,target,baseline_cov,1,-0.009677784395602407,-0.03842169104283766,0.009425418514912017,-0.010944733815499982,-0.0307943083655,0.016457568677063272,0.0024140886858803334,0.0,0.0008379016344999997,0.0008379016344999997,0.0,0.0,0.0,0.0,0.0
134,target,halluc,1,-0.009677784395602407,-0.06413488537895995,0.011809798769011002,-0.01216220734999998,-0.036018234,0.016457568677063272,-0.023299105650241958,0.002384380254098985,-0.00037957189999999856,-0.004386024000000002,0.0,-0.02571319433612229,0.002384380254098985,-0.0012174735344999982,-0.005223925634500002
134,target,real,1,-0.02613535307266568,-0.04083577972871799,0.009425418514912017,-0.011782635449999981,-0.03163221,0.0,0.0,0.0,0.0,0.0,-0.016457568677063272,-0.0024140886858803334,0.0,-0.0008379016344999997,-0.0008379016344999997
134,non_target,baseline_cov,309,-0.012736995460566725,-0.023911185897696363,0.007934047963470157,-0.012569611877009175,-0.01981107619048071,0.0018501500326849607,0.00018307538045270189,-3.469446951953614e-18,9.378887903384661e-05,9.378887903385355e-05,0.0,0.0,0.0,0.0,0.0
134,non_target,halluc,309,-0.016683575871978218,-0.024229993240232006,0.00814384901514157,-0.012770659739120687,-0.020691186150647245,-0.0020964303787265326,-0.00013573196208294114,0.00020980105167140925,-0.00010725898307766511,-0.00078632108113268,-0.003946580411411493,-0.000318807342535643,0.00020980105167141272,-0.00020104786211151172,-0.0008801099601665335
134,non_target,real,309,-0.014587145493251685,-0.024094261278149065,0.007934047963470161,-0.012663400756043022,-0.019904865069514565,0.0,0.0,0.0,0.0,0.0,-0.0018501500326849607,-0.00018307538045270189,3.469446951953614e-18,-9.378887903384661e-05,-9.378887903385355e-05
135,all,halluc,296,-0.025290219902209143,-0.05747081061056214,0.007838569038300096,-0.011070561524420005,-0.015851727611736498,-0.0021669651226877695,-0.004895841686041846,0.0003573834970466618,-0.00036687384109121597,-0.0008666479579729682,nan,nan,nan,nan,nan
135,all,real,296,-0.023123254779521374,-0.05257496892452029,0.007481185541253434,-0.01070368768332879,-0.01498507965376353,0.0,0.0,0.0,0.0,0.0,nan,nan,nan,nan,nan
135,non_target,halluc,296,-0.025290219902209143,-0.05747081061056214,0.007838569038300096,-0.011070561524420005,-0.015851727611736498,-0.0021669651226877695,-0.004895841686041846,0.0003573834970466618,-0.00036687384109121597,-0.0008666479579729682,nan,nan,nan,nan,nan
135,non_target,real,296,-0.023123254779521374,-0.05257496892452029,0.007481185541253434,-0.01070368768332879,-0.01498507965376353,0.0,0.0,0.0,0.0,0.0,nan,nan,nan,nan,nan
136,all,halluc,300,-0.023920304636145584,-0.06261587967902926,0.008486756483432919,-0.018021911134253343,-0.021951174141166683,0.0007640860635301783,-0.015317706368032535,0.0007714162672344095,-0.0030407571647083353,0.0004755443059999906,nan,nan,nan,nan,nan
136,all,real,300,-0.024684390699675762,-0.04729817331099673,0.007715340216198509,-0.014981153969545007,-0.022426718447166673,0.0,0.0,0.0,0.0,0.0,nan,nan,nan,nan,nan
136,non_target,halluc,300,-0.023920304636145584,-0.06261587967902926,0.008486756483432919,-0.018021911134253343,-0.021951174141166683,0.0007640860635301783,-0.015317706368032535,0.0007714162672344095,-0.0030407571647083353,0.0004755443059999906,nan,nan,nan,nan,nan
136,non_target,real,300,-0.024684390699675762,-0.04729817331099673,0.007715340216198509,-0.014981153969545007,-0.022426718447166673,0.0,0.0,0.0,0.0,0.0,nan,nan,nan,nan,nan
137,all,halluc,307,0.06471859479727593,-0.020235666456366208,0.007700786881849031,-0.00959701960762628,-0.01793348481338762,0.0004654928831366867,0.0009349815017248853,0.0002704358095945176,-0.0011634337572729633,0.0002230885538620879,nan,nan,nan,nan,nan
137,all,real,307,0.06425310191413924,-0.021170647958091093,0.007430351072254513,-0.008433585850353316,-0.01815657336724971,0.0,0.0,0.0,0.0,0.0,nan,nan,nan,nan,nan
137,non_target,halluc,307,0.06471859479727593,-0.020235666456366208,0.007700786881849031,-0.00959701960762628,-0.01793348481338762,0.0004654928831366867,0.0009349815017248853,0.0002704358095945176,-0.0011634337572729633,0.0002230885538620879,nan,nan,nan,nan,nan
137,non_target,real,307,0.06425310191413924,-0.021170647958091093,0.007430351072254513,-0.008433585850353316,-0.01815657336724971,0.0,0.0,0.0,0.0,0.0,nan,nan,nan,nan,nan
138,all,halluc,304,0.0036873677142434946,-0.029967782053409886,0.008043411291206976,-0.009840061786855292,-0.019800843648480948,-0.011001316453983279,-0.0061963675664874485,0.0008210063963915853,-0.002148237174560302,-0.002273973451546042,nan,nan,nan,nan,nan
138,all,real,304,0.014688684168226773,-0.023771414486922438,0.00722240489481539,-0.00769182461229499,-0.017526870196934906,0.0,0.0,0.0,0.0,0.0,nan,nan,nan,nan,nan
138,non_target,halluc,304,0.0036873677142434946,-0.029967782053409886,0.008043411291206976,-0.009840061786855292,-0.019800843648480948,-0.011001316453983279,-0.0061963675664874485,0.0008210063963915853,-0.002148237174560302,-0.002273973451546042,nan,nan,nan,nan,nan
138,non_target,real,304,0.014688684168226773,-0.023771414486922438,0.00722240489481539,-0.00769182461229499,-0.017526870196934906,0.0,0.0,0.0,0.0,0.0,nan,nan,nan,nan,nan
139,all,halluc,295,-0.007449484972295806,-0.07729084819445309,0.012569774364008603,-0.02016578745877184,-0.02201079140711865,0.0006723841199992586,-0.003682445301767423,0.0004287535055168285,-0.00027047420108595663,-0.00045156074457628967,nan,nan,nan,nan,nan
139,all,real,295,-0.008121869092295064,-0.07360840289268566,0.012141020858491775,-0.019895313257685884,-0.02155923066254236,0.0,0.0,0.0,0.0,0.0,nan,nan,nan,nan,nan
139,non_target,halluc,295,-0.007449484972295806,-0.07729084819445309,0.012569774364008603,-0.02016578745877184,-0.02201079140711865,0.0006723841199992586,-0.003682445301767423,0.0004287535055168285,-0.00027047420108595663,-0.00045156074457628967,nan,nan,nan,nan,nan
139,non_target,real,295,-0.008121869092295064,-0.07360840289268566,0.012141020858491775,-0.019895313257685884,-0.02155923066254236,0.0,0.0,0.0,0.0,0.0,nan,nan,nan,nan,nan
14,all,halluc,297,-0.040772307021861964,-0.1488299058090451,0.03296110702179268,-0.0493667713273148,-0.073429313612963,0.0002024060878202949,-0.0007358029950040867,0.00019173339563511443,-0.0006405825194865378,0.00027410125370369576,nan,nan,nan,nan,nan
14,all,real,297,-0.04097471310968226,-0.148094102814041,0.03276937362615757,-0.04872618880782826,-0.07370341486666669,0.0,0.0,0.0,0.0,0.0,nan,nan,nan,nan,nan
14,non_target,halluc,297,-0.040772307021861964,-0.1488299058090451,0.03296110702179268,-0.0493667713273148,-0.073429313612963,0.0002024060878202949,-0.0007358029950040867,0.00019173339563511443,-0.0006405825194865378,0.00027410125370369576,nan,nan,nan,nan,nan
14,non_target,real,297,-0.04097471310968226,-0.148094102814041,0.03276937362615757,-0.04872618880782826,-0.07370341486666669,0.0,0.0,0.0,0.0,0.0,nan,nan,nan,nan,nan
140,all,halluc,297,0.11549744141528184,-0.026450133926787966,0.013737015609914452,-0.010461137400156556,-0.02258318210303029,-0.0009181406040883466,0.00016896087439921548,0.0003143907909065897,8.951755852188402e-05,-0.0005811557358585615,nan,nan,nan,nan,nan
140,all,real,297,0.11641558201937019,-0.026619094801187182,0.013422624819007863,-0.01055065495867844,-0.022002026367171728,0.0,0.0,0.0,0.0,0.0,nan,nan,nan,nan,nan
140,non_target,halluc,297,0.11549744141528184,-0.026450133926787966,0.013737015609914452,-0.010461137400156556,-0.02258318210303029,-0.0009181406040883466,0.00016896087439921548,0.0003143907909065897,8.951755852188402e-05,-0.0005811557358585615,nan,nan,nan,nan,nan
140,non_target,real,297,0.11641558201937019,-0.026619094801187182,0.013422624819007863,-0.01055065495867844,-0.022002026367171728,0.0,0.0,0.0,0.0,0.0,nan,nan,nan,nan,nan
141,all,halluc,304,0.21665761050985943,-0.09218838070094793,0.028329229017321888,-0.04058948170088929,-0.04321997573216121,-0.0025184262880295627,-0.0025587620035094627,0.0006148309005399033,-0.0015239437219572716,-0.001205964220394741,nan,nan,nan,nan,nan
141,all,real,304,0.219176036797889,-0.08962961869743846,0.027714398116781985,-0.039065537978932016,-0.042014011511766466,0.0,0.0,0.0,0.0,0.0,nan,nan,nan,nan,nan
141,non_target,halluc,304,0.21665761050985943,-0.09218838070094793,0.028329229017321888,-0.04058948170088929,-0.04321997573216121,-0.0025184262880295627,-0.0025587620035094627,0.0006148309005399033,-0.0015239437219572716,-0.001205964220394741,nan,nan,nan,nan,nan
141,non_target,real,304,0.219176036797889,-0.08962961869743846,0.027714398116781985,-0.039065537978932016,-0.042014011511766466,0.0,0.0,0.0,0.0,0.0,nan,nan,nan,nan,nan
142,all,baseline_cov,307,-0.009534916907763868,-0.025259601943281806,0.0069115041048680385,-0.007470834964388207,-0.019596209770196046,1.953846160795969e-05,1.9228438472573828e-06,1.734723475976807e-18,9.863373609678497e-07,9.863373609635129e-07,0.0,0.0,0.0,0.0,0.0
142,all,halluc,307,-0.01672457962865037,-0.029310017541981814,0.007432778581697392,-0.008696736203770511,-0.021128602568175895,-0.007170124259278543,-0.0040484927548527505,0.000521274476829355,-0.0012249149020213358,-0.0015314064606188858,-0.007189662720886503,-0.004050415598700008,0.0005212744768293533,-0.0012259012393823036,-0.0015323927979798493
142,all,real,307,-0.009554455369371828,-0.025261524787129064,0.006911504104868037,-0.007471821301749175,-0.01959719610755701,0.0,0.0,0.0,0.0,0.0,-1.953846160795969e-05,-1.9228438472573828e-06,-1.734723475976807e-18,-9.863373609678497e-07,-9.863373609635129e-07
142,target,baseline_cov,1,0.043940702483598715,-0.013710111947302539,0.006698525872052535,-0.009634669140000001,-0.010736460140000003,3.0521456923393586e-05,2.883631256000996e-06,0.0,1.461859999997775e-06,1.461859999997775e-06,0.0,0.0,0.0,0.0,0.0
142,target,halluc,1,0.043940702483598715,-0.015382900836941271,0.006580184098795367,-0.008869951949999996,-0.013036765,3.0521456923393586e-05,-0.0016699052583827312,-0.0001183417732571676,0.0007661790500000029,-0.002298843,0.0,-0.0016727888896387322,-0.0001183417732571676,0.0007647171900000051,-0.002300304859999998
142,target,real,1,0.04391018102667532,-0.01371299557855854,0.006698525872052535,-0.009636131,-0.010737922,0.0,0.0,0.0,0.0,0.0,-3.0521456923393586e-05,-2.883631256000996e-06,0.0,-1.461859999997775e-06,-1.461859999997775e-06
142,non_target,baseline_cov,306,-0.009705104823295896,-0.025297122796325677,0.006919792593489176,-0.007499713485726075,-0.019625163200360084,1.950432671660174e-05,1.9197404689252906e-06,0.0,9.847833654184207e-07,9.847833654132165e-07,0.0,0.0,0.0,0.0,0.0
142,non_target,halluc,306,-0.016916938016979688,-0.029405334184178233,0.00744230425100581,-0.008728165467410284,-0.02115504648179738,-0.00719232886696719,-0.004106291647383631,0.0005225116575166338,-0.0012274671983187905,-0.001528898498071883,-0.007211833193683792,-0.004108211387852556,0.0005225116575166338,-0.001228451981684209,-0.0015298832814372963
142,non_target,real,306,-0.009724609150012498,-0.025299042536794603,0.006919792593489176,-0.007500698269091493,-0.019626147983725497,0.0,0.0,0.0,0.0,0.0,-1.950432671660174e-05,-1.9197404689252906e-06,0.0,-9.847833654184207e-07,-9.847833654132165e-07
143,all,halluc,317,-0.08610368359797271,-0.15504153932605025,0.03928324935484197,-0.06403598298957411,-0.08891223532649842,-0.0019107967022373717,-0.00258985727377381,0.0006498517985699254,-0.001189277447429013,-0.001473951656466882,nan,nan,nan,nan,nan
143,all,real,317,-0.08419288689573534,-0.15245168205227644,0.03863339755627204,-0.0628467055421451,-0.08743828367003154,0.0,0.0,0.0,0.0,0.0,nan,nan,nan,nan,nan
143,non_target,halluc,317,-0.08610368359797271,-0.15504153932605025,0.03928324935484197,-0.06403598298957411,-0.08891223532649842,-0.0019107967022373717,-0.00258985727377381,0.0006498517985699254,-0.001189277447429013,-0.001473951656466882,nan,nan,nan,nan,nan
143,non_target,real,317,-0.08419288689573534,-0.15245168205227644,0.03863339755627204,-0.0628467055421451,-0.08743828367003154,0.0,0.0,0.0,0.0,0.0,nan,nan,nan,nan,nan
144,all,halluc,297,0.002780656978280449,-0.04144478798043838,0.017954322777413784,-0.029755436809634713,-0.030192417802053874,-0.005887148389303709,-0.00510361958479566,0.00039229320631858564,-0.0014901526866330124,0.00041363300962963395,nan,nan,nan,nan,nan
144,all,real,297,0.008667805367584158,-0.03634116839564272,0.0175620295710952,-0.0282652841230017,-0.030606050811683508,0.0,0.0,0.0,0.0,0.0,nan,nan,nan,nan,nan
144,non_target,halluc,297,0.002780656978280449,-0.04144478798043838,0.017954322777413784,-0.029755436809634713,-0.030192417802053874,-0.005887148389303709,-0.00510361958479566,0.00039229320631858564,-0.0014901526866330124,0.00041363300962963395,nan,nan,nan,nan,nan
144,non_target,real,297,0.008667805367584158,-0.03634116839564272,0.0175620295710952,-0.0282652841230017,-0.030606050811683508,0.0,0.0,0.0,0.0,0.0,nan,nan,nan,nan,nan
145,all,halluc,312,-0.06989987477390835,-0.08293043290959135,0.015635684982777495,-0.02861735036627204,-0.03484045262954327,-0.008234607507551006,-0.016438328924504697,0.000961983135211909,-0.002073362017001517,-0.0023219673354086187,nan,nan,nan,nan,nan
145,all,real,312,-0.06166526726635735,-0.06649210398508665,0.014673701847565586,-0.026543988349270523,-0.032518485294134654,0.0,0.0,0.0,0.0,0.0,nan,nan,nan,nan,nan
145,non_target,halluc,312,-0.06989987477390835,-0.08293043290959135,0.015635684982777495,-0.02861735036627204,-0.03484045262954327,-0.008234607507551006,-0.016438328924504697,0.000961983135211909,-0.002073362017001517,-0.0023219673354086187,nan,nan,nan,nan,nan
145,non_target,real,312,-0.06166526726635735,-0.06649210398508665,0.014673701847565586,-0.026543988349270523,-0.032518485294134654,0.0,0.0,0.0,0.0,0.0,nan,nan,nan,nan,nan
146,all,halluc,296,-0.047799678474076845,-0.04827880494489123,0.009625996550552051,-0.013633192983270287,-0.027271896411662146,-0.004951630553260311,-0.00501660863151987,0.00040033780145496897,-0.0004322311332669252,-0.0012059736280810723,nan,nan,nan,nan,nan
146,all,real,296,-0.042848047920816534,-0.04326219631337136,0.009225658749097082,-0.013200961850003362,-0.026065922783581073,0.0,0.0,0.0,0.0,0.0,nan,nan,nan,nan,nan
146,non_target,halluc,296,-0.047799678474076845,-0.04827880494489123,0.009625996550552051,-0.013633192983270287,-0.027271896411662146,-0.004951630553260311,-0.00501660863151987,0.00040033780145496897,-0.0004322311332669252,-0.0012059736280810723,nan,nan,nan,nan,nan
146,non_target,real,296,-0.042848047920816534,-0.04326219631337136,0.009225658749097082,-0.013200961850003362,-0.026065922783581073,0.0,0.0,0.0,0.0,0.0,nan,nan,nan,nan,nan
147,all,halluc,307,0.0036105347838246704,-0.0669181197738693,0.010862283404408478,-0.019993018854672622,-0.02349585269820845,0.007799386167538391,-0.015511261772333973,0.0013054861530791013,-0.0035745910031791325,-0.003533253698110736,nan,nan,nan,nan,nan
147,all,real,307,-0.004188851383713721,-0.05140685800153533,0.009556797251329376,-0.01641842785149349,-0.019962599000097715,0.0,0.0,0.0,0.0,0.0,nan,nan,nan,nan,nan
147,non_target,halluc,307,0.0036105347838246704,-0.0669181197738693,0.010862283404408478,-0.019993018854672622,-0.02349585269820845,0.007799386167538391,-0.015511261772333973,0.0013054861530791013,-0.0035745910031791325,-0.003533253698110736,nan,nan,nan,nan,nan
147,non_target,real,307,-0.004188851383713721,-0.05140685800153533,0.009556797251329376,-0.01641842785149349,-0.019962599000097715,0.0,0.0,0.0,0.0,0.0,nan,nan,nan,nan,nan
148,all,halluc,303,0.13416545132960156,-0.030583360077477084,0.016766661859052488,-0.019803798178161715,-0.021492025396732655,-0.0031609501545102336,-0.0029018576266032214,0.0001806206624590731,9.008470045644007e-05,-0.0012351207161188024,nan,nan,nan,nan,nan
148,all,real,303,0.1373264014841118,-0.027681502450873863,0.016586041196593414,-0.019893882878618156,-0.020256904680613853,0.0,0.0,0.0,0.0,0.0,nan,nan,nan,nan,nan
148,non_target,halluc,303,0.13416545132960156,-0.030583360077477084,0.016766661859052488,-0.019803798178161715,-0.021492025396732655,-0.0031609501545102336,-0.0029018576266032214,0.0001806206624590731,9.008470045644007e-05,-0.0012351207161188024,nan,nan,nan,nan,nan
148,non_target,real,303,0.1373264014841118,-0.027681502450873863,0.016586041196593414,-0.019893882878618156,-0.020256904680613853,0.0,0.0,0.0,0.0,0.0,nan,nan,nan,nan,nan
149,all,halluc,304,-0.04044544627923896,-0.0645734778342264,0.01116676395606025,-0.01861920213665546,-0.021008710115526293,0.0010812562549821214,-0.014777076806239742,0.0008173281608403193,-0.0025680536045740235,0.002045093336644724,nan,nan,nan,nan,nan
149,all,real,304,-0.04152670253422108,-0.04979640102798666,0.01034943579521993,-0.016051148532081436,-0.023053803452171017,0.0,0.0,0.0,0.0,0.0,nan,nan,nan,nan,nan
149,non_target,halluc,304,-0.04044544627923896,-0.0645734778342264,0.01116676395606025,-0.01861920213665546,-0.021008710115526293,0.0010812562549821214,-0.014777076806239742,0.0008173281608403193,-0.0025680536045740235,0.002045093336644724,nan,nan,nan,nan,nan
149,non_target,real,304,-0.04152670253422108,-0.04979640102798666,0.01034943579521993,-0.016051148532081436,-0.023053803452171017,0.0,0.0,0.0,0.0,0.0,nan,nan,nan,nan,nan
15,all,halluc,298,-0.04920241599707309,-0.061053010237404726,0.008796824391311244,-0.01469519945406344,-0.022166111962812794,0.0010679919902051305,-0.0003679012209572008,-6.424827375337352e-05,-0.0008978216404865649,-0.0012409120176510129,nan,nan,nan,nan,nan
15,all,real,298,-0.05027040798727822,-0.060685109016447525,0.008861072665064617,-0.013797377813576876,-0.02092519994516178,0.0,0.0,0.0,0.0,0.0,nan,nan,nan,nan,nan
15,non_target,halluc,298,-0.04920241599707309,-0.061053010237404726,0.008796824391311244,-0.01469519945406344,-0.022166111962812794,0.0010679919902051305,-0.0003679012209572008,-6.424827375337352e-05,-0.0008978216404865649,-0.0012409120176510129,nan,nan,nan,nan,nan
15,non_target,real,298,-0.05027040798727822,-0.060685109016447525,0.008861072665064617,-0.013797377813576876,-0.02092519994516178,0.0,0.0,0.0,0.0,0.0,nan,nan,nan,nan,nan
16,all,halluc,296,0.12084718328008615,-0.02195465939665231,0.013381550150740404,-0.009316314174368456,-0.022199249486815776,0.0005635624923490123,-0.00026354671348571834,0.0004487465516301685,-0.0009186088125453205,-0.0002694263761834313,nan,nan,nan,nan,nan
16,all,real,296,0.12028362078773713,-0.02169111268316659,0.012932803599110235,-0.008397705361823136,-0.021929823110632345,0.0,0.0,0.0,0.0,0.0,nan,nan,nan,nan,nan
16,non_target,halluc,296,0.12084718328008615,-0.02195465939665231,0.013381550150740404,-0.009316314174368456,-0.022199249486815776,0.0005635624923490123,-0.00026354671348571834,0.0004487465516301685,-0.0009186088125453205,-0.0002694263761834313,nan,nan,nan,nan,nan
16,non_target,real,296,0.12028362078773713,-0.02169111268316659,0.012932803599110235,-0.008397705361823136,-0.021929823110632345,0.0,0.0,0.0,0.0,0.0,nan,nan,nan,nan,nan
17,all,halluc,304,0.011088987539110029,-0.018130791866155294,0.008417250451384634,-0.013280812091398855,-0.013825834299226975,-0.004801321149899174,0.0005271044616356191,0.00039901074436532284,-0.0011672062053875443,-0.0013060540979276374,nan,nan,nan,nan,nan
17,all,real,304,0.015890308689009203,-0.018657896327790913,0.008018239707019311,-0.01211360588601131,-0.012519780201299338,0.0,0.0,0.0,0.0,0.0,nan,nan,nan,nan,nan
17,non_target,halluc,304,0.011088987539110029,-0.018130791866155294,0.008417250451384634,-0.013280812091398855,-0.013825834299226975,-0.004801321149899174,0.0005271044616356191,0.00039901074436532284,-0.0011672062053875443,-0.0013060540979276374,nan,nan,nan,nan,nan
17,non_target,real,304,0.015890308689009203,-0.018657896327790913,0.008018239707019311,-0.01211360588601131,-0.012519780201299338,0.0,0.0,0.0,0.0,0.0,nan,nan,nan,nan,nan
18,all,halluc,294,0.01725541356473337,-0.05074423860660904,0.019522633014140048,-0.03419403977610034,-0.04041393687843536,-0.005414893921296349,-0.004658396453681379,0.0005081369516195915,-0.0007899074868809447,-0.001910782442516995,nan,nan,nan,nan,nan
18,all,real,294,0.022670307486029717,-0.04608584215292766,0.019014496062520456,-0.033404132289219395,-0.03850315443591836,0.0,0.0,0.0,0.0,0.0,nan,nan,nan,nan,nan
18,non_target,halluc,294,0.01725541356473337,-0.05074423860660904,0.019522633014140048,-0.03419403977610034,-0.04041393687843536,-0.005414893921296349,-0.004658396453681379,0.0005081369516195915,-0.0007899074868809447,-0.001910782442516995,nan,nan,nan,nan,nan
18,non_target,real,294,0.022670307486029717,-0.04608584215292766,0.019014496062520456,-0.033404132289219395,-0.03850315443591836,0.0,0.0,0.0,0.0,0.0,nan,nan,nan,nan,nan
19,all,halluc,304,0.02132972520421328,-0.02958103017401792,0.009219186887056514,-0.016089287273701968,-0.018665455175789467,-0.00888765415988213,-0.00584365719903146,0.0006920037484961904,-0.0019310542827051056,-0.0019773185439772613,nan,nan,nan,nan,nan
19,all,real,304,0.03021737936409541,-0.02373737297498646,0.008527183138560324,-0.014158232990996862,-0.016688136631812206,0.0,0.0,0.0,0.0,0.0,nan,nan,nan,nan,nan
19,non_target,halluc,304,0.02132972520421328,-0.02958103017401792,0.009219186887056514,-0.016089287273701968,-0.018665455175789467,-0.00888765415988213,-0.00584365719903146,0.0006920037484961904,-0.0019310542827051056,-0.0019773185439772613,nan,nan,nan,nan,nan
19,non_target,real,304,0.03021737936409541,-0.02373737297498646,0.008527183138560324,-0.014158232990996862,-0.016688136631812206,0.0,0.0,0.0,0.0,0.0,nan,nan,nan,nan,nan
2,all,baseline_cov,308,0.03431041625587339,-0.05029279535050657,0.012014988964878579,-0.019273933930564407,-0.02505085227189152,0.025026344015406377,0.010410351824391317,1.734723475976807e-18,0.0012246850017773175,0.0012246850017773071,0.0,0.0,0.0,0.0,0.0
2,all,halluc,308,0.014873636194134843,-0.06158975890372331,0.012839769095132307,-0.02304542381551299,-0.028825368789707817,0.005589563953667831,-0.000886611728825426,0.0008247801302537303,-0.002546804883171265,-0.0025498315160389882,-0.019436780061738546,-0.011296963553216743,0.0008247801302537286,-0.0037714898849485826,-0.0037745165178162954
2,all,real,308,0.009284072240467012,-0.06070314717489789,0.012014988964878577,-0.020498618932341724,-0.02627553727366883,0.0,0.0,0.0,0.0,0.0,-0.025026344015406377,-0.010410351824391317,-1.734723475976807e-18,-0.0012246850017773175,-0.0012246850017773071
2,target,baseline_cov,1,0.14937782806773625,-0.03736895256598216,0.01823630449340283,-0.01856228580499999,-0.028419321455,0.05423651715932776,0.006099021171815933,0.0,0.002416868544999999,0.002416868544999999,0.0,0.0,0.0,0.0,0.0
2,target,halluc,1,0.14937782806773625,-0.11898797687047158,0.02616175195047032,-0.03680621635,-0.04417543,0.05423651715932776,-0.07552000313267349,0.00792544745706749,-0.015827062000000006,-0.013339240000000002,0.0,-0.08161902430448942,0.00792544745706749,-0.018243930545000005,-0.015756108545
2,target,real,1,0.0951413109084085,-0.043467973737798093,0.01823630449340283,-0.02097915434999999,-0.03083619,0.0,0.0,0.0,0.0,0.0,-0.05423651715932776,-0.006099021171815933,0.0,-0.002416868544999999,-0.002416868544999999
2,non_target,baseline_cov,307,0.03395508610125764,-0.050404769990983866,0.012008498364156905,-0.01931521427885615,-0.025073677541653384,0.024939382531925736,0.010376299264513333,3.469446951953614e-18,0.0012208016677603024,0.0012208016677602955,0.0,0.0,0.0,0.0,0.0
2,non_target,halluc,307,0.014462293546482874,-0.06167873763801879,0.01281630766071312,-0.023041575235270357,-0.028800635909543994,0.005446589977150973,-0.0008976683825215881,0.0008078092965562184,-0.002505559288653904,-0.002506156700130314,-0.019492792554774763,-0.011273967647034921,0.000807809296556215,-0.0037263609564142063,-0.0037269583678906093
2,non_target,real,307,0.009015703569331901,-0.0607810692554972,0.012008498364156902,-0.020536015946616453,-0.02629447920941368,0.0,0.0,0.0,0.0,0.0,-0.024939382531925736,-0.010376299264513333,-3.469446951953614e-18,-0.0012208016677603024,-0.0012208016677602955
20,all,halluc,300,0.01946953565546683,-0.030847219951260385,0.011815911946433605,-0.019029059935274574,-0.03133301177066665,-0.0016422086000384972,-0.0011825340220879,0.0004006874141320605,-0.0006474728678083248,-0.0012194291598999936,nan,nan,nan,nan,nan
20,all,real,300,0.021111744255505327,-0.029664685929172485,0.011415224532301545,-0.01838158706746625,-0.030113582610766656,0.0,0.0,0.0,0.0,0.0,nan,nan,nan,nan,nan
20,non_target,halluc,300,0.01946953565546683,-0.030847219951260385,0.011815911946433605,-0.019029059935274574,-0.03133301177066665,-0.0016422086000384972,-0.0011825340220879,0.0004006874141320605,-0.0006474728678083248,-0.0012194291598999936,nan,nan,nan,nan,nan
20,non_target,real,300,0.021111744255505327,-0.029664685929172485,0.011415224532301545,-0.01838158706746625,-0.030113582610766656,0.0,0.0,0.0,0.0,0.0,nan,nan,nan,nan,nan
21,all,halluc,305,0.05611541680156029,-0.007754218890590692,0.004681383805680829,-0.003761476709035575,-0.00403748944757377,-0.0009650938266934084,-0.0017567399529583305,0.00027770095967890717,-0.0005367346931200371,-6.596807159710196e-05,nan,nan,nan,nan,nan
21,all,real,305,0.0570805106282537,-0.005997478937632361,0.004403682846001922,-0.003224742015915538,-0.003971521375976668,0.0,0.0,0.0,0.0,0.0,nan,nan,nan,nan,nan
21,non_target,halluc,305,0.05611541680156029,-0.007754218890590692,0.004681383805680829,-0.003761476709035575,-0.00403748944757377,-0.0009650938266934084,-0.0017567399529583305,0.00027770095967890717,-0.0005367346931200371,-6.596807159710196e-05,nan,nan,nan,nan,nan
21,non_target,real,305,0.0570805106282537,-0.005997478937632361,0.004403682846001922,-0.003224742015915538,-0.003971521375976668,0.0,0.0,0.0,0.0,0.0,nan,nan,nan,nan,nan
22,all,halluc,301,0.017045722738897373,-0.07347470083168417,0.015389572623431212,-0.028666114836795677,-0.03368798869661129,-0.010978693195499378,-0.010382302157335155,0.0007740053048261152,-0.0023736772677956895,-0.00216574707740861,nan,nan,nan,nan,nan
22,all,real,301,0.02802441593439675,-0.06309239867434902,0.014615567318605097,-0.026292437568999988,-0.03152224161920268,0.0,0.0,0.0,0.0,0.0,nan,nan,nan,nan,nan
22,non_target,halluc,301,0.017045722738897373,-0.07347470083168417,0.015389572623431212,-0.028666114836795677,-0.03368798869661129,-0.010978693195499378,-0.010382302157335155,0.0007740053048261152,-0.0023736772677956895,-0.00216574707740861,nan,nan,nan,nan,nan
22,non_target,real,301,0.02802441593439675,-0.06309239867434902,0.014615567318605097,-0.026292437568999988,-0.03152224161920268,0.0,0.0,0.0,0.0,0.0,nan,nan,nan,nan,nan
23,all,halluc,298,-0.0012588616575132106,-0.04761992182609043,0.017160469708121854,-0.017144270576577147,-0.048791082087248305,0.006329909576023307,0.000816138736057237,0.0005468421541545872,0.0002584495316438999,0.0008573138479865683,nan,nan,nan,nan,nan
23,all,real,298,-0.007588771233536518,-0.048436060562147665,0.016613627553967267,-0.017402720108221047,-0.049648395935234874,0.0,0.0,0.0,0.0,0.0,nan,nan,nan,nan,nan
23,non_target,halluc,298,-0.0012588616575132106,-0.04761992182609043,0.017160469708121854,-0.017144270576577147,-0.048791082087248305,0.006329909576023307,0.000816138736057237,0.0005468421541545872,0.0002584495316438999,0.0008573138479865683,nan,nan,nan,nan,nan
23,non_target,real,298,-0.007588771233536518,-0.048436060562147665,0.016613627553967267,-0.017402720108221047,-0.049648395935234874,0.0,0.0,0.0,0.0,0.0,nan,nan,nan,nan,nan
24,all,halluc,297,0.025825894626589463,-0.022207213473586562,0.006772941336618977,-0.009340008889772218,-0.015853518885478122,-0.0031787694388476506,-0.0036198261669261322,0.00034757558729168504,-0.0005733565198681803,-0.0018971414120101098,nan,nan,nan,nan,nan
24,all,real,297,0.029004664065437114,-0.01858738730666043,0.006425365749327292,-0.008766652369904038,-0.013956377473468012,0.0,0.0,0.0,0.0,0.0,nan,nan,nan,nan,nan
24,non_target,halluc,297,0.025825894626589463,-0.022207213473586562,0.006772941336618977,-0.009340008889772218,-0.015853518885478122,-0.0031787694388476506,-0.0036198261669261322,0.00034757558729168504,-0.0005733565198681803,-0.0018971414120101098,nan,nan,nan,nan,nan
24,non_target,real,297,0.029004664065437114,-0.01858738730666043,0.006425365749327292,-0.008766652369904038,-0.013956377473468012,0.0,0.0,0.0,0.0,0.0,nan,nan,nan,nan,nan
25,all,halluc,306,-0.0019112609832460103,-0.018292681976488145,0.0064542978497631855,-0.010012688839428565,-0.012697508735336035,-0.004269732317686237,-0.0019486021556470723,0.00012066239752725558,0.00021540580760829632,-0.0007376329247101906,nan,nan,nan,nan,nan
25,all,real,306,0.0023584713344402264,-0.016344079820841073,0.00633363545223593,-0.010228094647036862,-0.011959875810625844,0.0,0.0,0.0,0.0,0.0,nan,nan,nan,nan,nan
25,non_target,halluc,306,-0.0019112609832460103,-0.018292681976488145,0.0064542978497631855,-0.010012688839428565,-0.012697508735336035,-0.004269732317686237,-0.0019486021556470723,0.00012066239752725558,0.00021540580760829632,-0.0007376329247101906,nan,nan,nan,nan,nan
25,non_target,real,306,0.0023584713344402264,-0.016344079820841073,0.00633363545223593,-0.010228094647036862,-0.011959875810625844,0.0,0.0,0.0,0.0,0.0,nan,nan,nan,nan,nan
26,all,halluc,312,-0.07075265560374577,-0.08182385201762732,0.012954283562321218,-0.02647392723841828,-0.03467522902022438,0.0009722648100238818,-0.00028545107084043675,0.0002162389749962388,7.006107294201327e-05,-0.002156743854615374,nan,nan,nan,nan,nan
26,all,real,312,-0.07172492041376965,-0.08153840094678688,0.012738044587324979,-0.026543988311360293,-0.032518485165609005,0.0,0.0,0.0,0.0,0.0,nan,nan,nan,nan,nan
26,non_target,halluc,312,-0.07075265560374577,-0.08182385201762732,0.012954283562321218,-0.02647392723841828,-0.03467522902022438,0.0009722648100238818,-0.00028545107084043675,0.0002162389749962388,7.006107294201327e-05,-0.002156743854615374,nan,nan,nan,nan,nan
26,non_target,real,312,-0.07172492041376965,-0.08153840094678688,0.012738044587324979,-0.026543988311360293,-0.032518485165609005,0.0,0.0,0.0,0.0,0.0,nan,nan,nan,nan,nan
27,all,baseline_cov,307,0.07246987448707709,-0.03037214180945702,0.009013140007617963,-0.010016431159208788,-0.010117058925743215,0.0,0.0,0.0,0.0,0.0,0.0,0.0,0.0,0.0,0.0
27,all,halluc,307,0.067667025976621,-0.035130577543112995,0.009339268605872563,-0.010874176513583949,-0.011054576682195444,-0.0048028485104560925,-0.004758435733655975,0.00032612859825460055,-0.0008577453543751612,-0.0009375177564522295,-0.0048028485104560925,-0.004758435733655975,0.00032612859825460055,-0.0008577453543751612,-0.0009375177564522295
27,all,real,307,0.07246987448707709,-0.03037214180945702,0.009013140007617963,-0.010016431159208788,-0.010117058925743215,0.0,0.0,0.0,0.0,0.0,0.0,0.0,0.0,0.0,0.0
27,target,baseline_cov,1,-0.08977617095676649,-0.08087510159478628,0.030982037929683647,-0.07711359224999999,-0.089481495,-1.1102230246251565e-16,0.0,0.0,0.0,0.0,0.0,0.0,0.0,0.0,0.0
27,target,halluc,1,-0.08977617095676638,-0.08087510159478628,0.030982037929683647,-0.07711359224999999,-0.089481495,0.0,0.0,0.0,0.0,0.0,1.1102230246251565e-16,0.0,0.0,0.0,0.0
27,target,real,1,-0.08977617095676638,-0.08087510159478628,0.030982037929683647,-0.07711359224999999,-0.089481495,0.0,0.0,0.0,0.0,0.0,1.1102230246251565e-16,0.0,0.0,0.0,0.0
27,non_target,baseline_cov,306,0.0730449181038948,-0.030202631207412955,0.00900445796845066,-0.009904963915012744,-0.009994656196136703,0.0,0.0,0.0,0.0,0.0,0.0,0.0,0.0,0.0,0.0
27,non_target,halluc,306,0.06822382570408947,-0.03497741362341966,0.009330114740618383,-0.01091340182281518,-0.011041507857627458,-0.004821092399805327,-0.0047747824160067065,0.0003256567721677227,-0.0010084379078024366,-0.0010468516614907542,-0.004821092399805327,-0.0047747824160067065,0.0003256567721677227,-0.0010084379078024366,-0.0010468516614907542
27,non_target,real,306,0.0730449181038948,-0.030202631207412955,0.00900445796845066,-0.009904963915012744,-0.009994656196136703,0.0,0.0,0.0,0.0,0.0,0.0,0.0,0.0,0.0,0.0
28,all,halluc,302,-0.009296822136613314,-0.05892504886730632,0.010621548687156422,-0.018394739274408416,-0.02325649814953643,-0.003878609285885015,-0.005163973516464138,0.0004619190650197308,-0.001398339833844641,-0.001236222533753599,nan,nan,nan,nan,nan
28,all,real,302,-0.005418212850728299,-0.05376107535084218,0.010159629622136691,-0.016996399440563775,-0.02202027561578283,0.0,0.0,0.0,0.0,0.0,nan,nan,nan,nan,nan
28,non_target,halluc,302,-0.009296822136613314,-0.05892504886730632,0.010621548687156422,-0.018394739274408416,-0.02325649814953643,-0.003878609285885015,-0.005163973516464138,0.0004619190650197308,-0.001398339833844641,-0.001236222533753599,nan,nan,nan,nan,nan
28,non_target,real,302,-0.005418212850728299,-0.05376107535084218,0.010159629622136691,-0.016996399440563775,-0.02202027561578283,0.0,0.0,0.0,0.0,0.0,nan,nan,nan,nan,nan
29,all,halluc,305,-0.06095281560314014,-0.058561776131,0.011690062337801798,-0.018394789301678673,-0.02644584816491804,0.0018741976317063758,0.0032127513608403158,0.00012677611015764548,8.403684918853113e-05,-0.002814281803967207,nan,nan,nan,nan,nan
29,all,real,305,-0.06282701323484652,-0.061774527491840314,0.011563286227644153,-0.018478826150867204,-0.02363156636095083,0.0,0.0,0.0,0.0,0.0,nan,nan,nan,nan,nan
29,non_target,halluc,305,-0.06095281560314014,-0.058561776131,0.011690062337801798,-0.018394789301678673,-0.02644584816491804,0.0018741976317063758,0.0032127513608403158,0.00012677611015764548,8.403684918853113e-05,-0.002814281803967207,nan,nan,nan,nan,nan
29,non_target,real,305,-0.06282701323484652,-0.061774527491840314,0.011563286227644153,-0.018478826150867204,-0.02363156636095083,0.0,0.0,0.0,0.0,0.0,nan,nan,nan,nan,nan
3,all,halluc,298,0.06163228651478048,-0.05891779165394673,0.013696089250561174,-0.01658402208117617,-0.020053578834395985,-0.008108292679349205,-0.013072853401676854,0.0007366926159257971,-0.001980744166992874,-0.0023416812456375884,nan,nan,nan,nan,nan
3,all,real,298,0.06974057919412968,-0.04584493825226987,0.012959396634635377,-0.014603277914183296,-0.017711897588758397,0.0,0.0,0.0,0.0,0.0,nan,nan,nan,nan,nan
3,non_target,halluc,298,0.06163228651478048,-0.05891779165394673,0.013696089250561174,-0.01658402208117617,-0.020053578834395985,-0.008108292679349205,-0.013072853401676854,0.0007366926159257971,-0.001980744166992874,-0.0023416812456375884,nan,nan,nan,nan,nan
3,non_target,real,298,0.06974057919412968,-0.04584493825226987,0.012959396634635377,-0.014603277914183296,-0.017711897588758397,0.0,0.0,0.0,0.0,0.0,nan,nan,nan,nan,nan
30,all,halluc,296,0.04587018439154211,-0.0342886836137698,0.011414412267326625,-0.015759399663707423,-0.027538754078716216,-0.013182321781020745,-0.004517718334566712,0.0006252546747741328,-0.002689801861233408,-0.0025801253035473044,nan,nan,nan,nan,nan
30,all,real,296,0.05905250617256286,-0.029770965279203088,0.010789157592552492,-0.013069597802474015,-0.024958628775168912,0.0,0.0,0.0,0.0,0.0,nan,nan,nan,nan,nan
30,non_target,halluc,296,0.04587018439154211,-0.0342886836137698,0.011414412267326625,-0.015759399663707423,-0.027538754078716216,-0.013182321781020745,-0.004517718334566712,0.0006252546747741328,-0.002689801861233408,-0.0025801253035473044,nan,nan,nan,nan,nan
30,non_target,real,296,0.05905250617256286,-0.029770965279203088,0.010789157592552492,-0.013069597802474015,-0.024958628775168912,0.0,0.0,0.0,0.0,0.0,nan,nan,nan,nan,nan
31,all,halluc,295,-0.0796350021147566,-0.13791643464710823,0.020794146962290372,-0.03264576280617121,-0.039036991298237275,-0.003518867832238426,-0.005218338349224472,0.0006000040715957028,0.0005284330674932072,-0.0017373979033898299,nan,nan,nan,nan,nan
31,all,real,295,-0.07611613428251818,-0.13269809629788376,0.02019414289069467,-0.033174195873664415,-0.037299593394847445,0.0,0.0,0.0,0.0,0.0,nan,nan,nan,nan,nan
31,non_target,halluc,295,-0.0796350021147566,-0.13791643464710823,0.020794146962290372,-0.03264576280617121,-0.039036991298237275,-0.003518867832238426,-0.005218338349224472,0.0006000040715957028,0.0005284330674932072,-0.0017373979033898299,nan,nan,nan,nan,nan
31,non_target,real,295,-0.07611613428251818,-0.13269809629788376,0.02019414289069467,-0.033174195873664415,-0.037299593394847445,0.0,0.0,0.0,0.0,0.0,nan,nan,nan,nan,nan
32,all,halluc,301,-0.004989999750366403,-0.06917464352530334,0.014535153203206547,-0.024535821575581405,-0.029814761858504978,-0.005235655762188651,-0.004097197518686313,0.0005840533527051647,-0.001260091531196033,-0.0009446744747508354,nan,nan,nan,nan,nan
32,all,real,301,0.0002456560118222484,-0.06507744600661702,0.013951099850501383,-0.023275730044385372,-0.028870087383754142,0.0,0.0,0.0,0.0,0.0,nan,nan,nan,nan,nan
32,non_target,halluc,301,-0.004989999750366403,-0.06917464352530334,0.014535153203206547,-0.024535821575581405,-0.029814761858504978,-0.005235655762188651,-0.004097197518686313,0.0005840533527051647,-0.001260091531196033,-0.0009446744747508354,nan,nan,nan,nan,nan
32,non_target,real,301,0.0002456560118222484,-0.06507744600661702,0.013951099850501383,-0.023275730044385372,-0.028870087383754142,0.0,0.0,0.0,0.0,0.0,nan,nan,nan,nan,nan
33,all,halluc,315,0.05868344519605295,-0.08323892824278012,0.028042505530875228,-0.038102744606161865,-0.05087478252349208,-0.002847212695816337,-0.004649219705854968,0.0008374714789633718,-2.864286039159364e-05,-0.002755816517777794,nan,nan,nan,nan,nan
33,all,real,315,0.06153065789186929,-0.07858970853692515,0.027205034051911856,-0.03807410174577027,-0.04811896600571429,0.0,0.0,0.0,0.0,0.0,nan,nan,nan,nan,nan
33,non_target,halluc,315,0.05868344519605295,-0.08323892824278012,0.028042505530875228,-0.038102744606161865,-0.05087478252349208,-0.002847212695816337,-0.004649219705854968,0.0008374714789633718,-2.864286039159364e-05,-0.002755816517777794,nan,nan,nan,nan,nan
33,non_target,real,315,0.06153065789186929,-0.07858970853692515,0.027205034051911856,-0.03807410174577027,-0.04811896600571429,0.0,0.0,0.0,0.0,0.0,nan,nan,nan,nan,nan
34,all,halluc,302,0.0027470496121226873,-0.03843498065661877,0.008893717264564515,-0.013970688632515075,-0.01623082608026489,-0.0030257822628099174,-0.0066486564619036015,0.00019886834275084815,-0.0030158618405001798,-0.003019091914139063,nan,nan,nan,nan,nan
34,all,real,302,0.005772831874932605,-0.031786324194715165,0.008694848921813667,-0.010954826792014895,-0.013211734166125826,0.0,0.0,0.0,0.0,0.0,nan,nan,nan,nan,nan
34,non_target,halluc,302,0.0027470496121226873,-0.03843498065661877,0.008893717264564515,-0.013970688632515075,-0.01623082608026489,-0.0030257822628099174,-0.0066486564619036015,0.00019886834275084815,-0.0030158618405001798,-0.003019091914139063,nan,nan,nan,nan,nan
34,non_target,real,302,0.005772831874932605,-0.031786324194715165,0.008694848921813667,-0.010954826792014895,-0.013211734166125826,0.0,0.0,0.0,0.0,0.0,nan,nan,nan,nan,nan
35,all,halluc,302,0.01890573741827195,-0.059189515945354265,0.012022150709496538,-0.019780515098917557,-0.02176132831387417,-0.014106071972020517,-0.011552291451014107,0.0010479170371625202,-0.0005050842413516325,-0.000590575488780748,nan,nan,nan,nan,nan
35,all,real,302,0.03301180939029247,-0.04763722449434016,0.010974233672334018,-0.019275430857565924,-0.02117075282509342,0.0,0.0,0.0,0.0,0.0,nan,nan,nan,nan,nan
35,non_target,halluc,302,0.01890573741827195,-0.059189515945354265,0.012022150709496538,-0.019780515098917557,-0.02176132831387417,-0.014106071972020517,-0.011552291451014107,0.0010479170371625202,-0.0005050842413516325,-0.000590575488780748,nan,nan,nan,nan,nan
35,non_target,real,302,0.03301180939029247,-0.04763722449434016,0.010974233672334018,-0.019275430857565924,-0.02117075282509342,0.0,0.0,0.0,0.0,0.0,nan,nan,nan,nan,nan
36,all,halluc,295,-0.04699976860657862,-0.15254279538817628,0.02266721582430595,-0.04894844116798813,-0.04911495885457624,-0.012032894524746984,-0.008660734936821957,0.0005275793502732898,-0.001454611255450891,0.0005125492477965898,nan,nan,nan,nan,nan
36,all,real,295,-0.034966874081831634,-0.14388206045135432,0.02213963647403266,-0.04749382991253724,-0.04962750810237283,0.0,0.0,0.0,0.0,0.0,nan,nan,nan,nan,nan
36,non_target,halluc,295,-0.04699976860657862,-0.15254279538817628,0.02266721582430595,-0.04894844116798813,-0.04911495885457624,-0.012032894524746984,-0.008660734936821957,0.0005275793502732898,-0.001454611255450891,0.0005125492477965898,nan,nan,nan,nan,nan
36,non_target,real,295,-0.034966874081831634,-0.14388206045135432,0.02213963647403266,-0.04749382991253724,-0.04962750810237283,0.0,0.0,0.0,0.0,0.0,nan,nan,nan,nan,nan
37,all,halluc,299,-0.03238663573660128,-0.07415784409293436,0.012258583206393111,-0.014864430684008022,-0.04120399089197324,-0.013473832403949615,-0.020296963721755934,0.0008652197521367266,0.0006318681312578577,-0.0025917905494983323,nan,nan,nan,nan,nan
37,all,real,299,-0.018912803332651662,-0.05386088037117842,0.011393363454256384,-0.01549629881526588,-0.03861220034247491,0.0,0.0,0.0,0.0,0.0,nan,nan,nan,nan,nan
37,non_target,halluc,299,-0.03238663573660128,-0.07415784409293436,0.012258583206393111,-0.014864430684008022,-0.04120399089197324,-0.013473832403949615,-0.020296963721755934,0.0008652197521367266,0.0006318681312578577,-0.0025917905494983323,nan,nan,nan,nan,nan
37,non_target,real,299,-0.018912803332651662,-0.05386088037117842,0.011393363454256384,-0.01549629881526588,-0.03861220034247491,0.0,0.0,0.0,0.0,0.0,nan,nan,nan,nan,nan
38,all,halluc,307,-0.11997195791460236,-0.18891726879911186,0.019148709660566192,-0.0279956868180407,-0.03903150648654722,0.00039164058745144725,-0.005837607965077485,0.0006705034118313913,-0.0013847358582217972,-0.00014422909859935357,nan,nan,nan,nan,nan
38,all,real,307,-0.1203635985020538,-0.18307966083403437,0.0184782062487348,-0.026610950959818903,-0.038887277387947866,0.0,0.0,0.0,0.0,0.0,nan,nan,nan,nan,nan
38,non_target,halluc,307,-0.11997195791460236,-0.18891726879911186,0.019148709660566192,-0.0279956868180407,-0.03903150648654722,0.00039164058745144725,-0.005837607965077485,0.0006705034118313913,-0.0013847358582217972,-0.00014422909859935357,nan,nan,nan,nan,nan
38,non_target,real,307,-0.1203635985020538,-0.18307966083403437,0.0184782062487348,-0.026610950959818903,-0.038887277387947866,0.0,0.0,0.0,0.0,0.0,nan,nan,nan,nan,nan
39,all,baseline_cov,312,-0.038755660996763086,-0.05132699069056912,0.006918494274524957,-0.0165817101921527,-0.017160486176234425,0.0004991323731790009,0.0003448501037479623,-4.336808689942018e-18,2.59695681245585e-05,2.596956812456544e-05,0.0,0.0,0.0,0.0,0.0
39,all,halluc,312,-0.045996180135794984,-0.0613080569469131,0.007528097409287108,-0.0179965521495968,-0.01889916030759616,-0.006741386765852897,-0.009636216152596022,0.0006096031347621461,-0.0013888723893195412,-0.0017127045632371676,-0.007240519139031898,-0.009981066256343984,0.0006096031347621505,-0.0014148419574440997,-0.001738674131361733
39,all,real,312,-0.03925479336994209,-0.05167184079431708,0.006918494274524962,-0.016607679760277258,-0.01718645574435899,0.0,0.0,0.0,0.0,0.0,-0.0004991323731790009,-0.0003448501037479623,4.336808689942018e-18,-2.59695681245585e-05,-2.596956812456544e-05
39,target,baseline_cov,1,0.011991357875403397,-0.0512167669451824,0.015013617863559448,-0.026789058490999995,-0.038079176741000004,0.0022819585627658068,0.0013911783987198278,0.0,0.00011287325899999451,0.00011287325899999451,0.0,0.0,0.0,0.0,0.0
39,target,halluc,1,0.011991357875403397,-0.050027717662467275,0.014937175870364706,-0.025004761799999987,-0.039132208,0.0022819585627658068,0.0025802276814349545,-7.644199319474174e-05,0.001897169950000003,-0.0009401580000000034,0.0,0.0011890492827151267,-7.644199319474174e-05,0.0017842966910000084,-0.001053031258999998
39,target,real,1,0.00970939931263759,-0.05260794534390223,0.015013617863559448,-0.02690193174999999,-0.03819205,0.0,0.0,0.0,0.0,0.0,-0.0022819585627658068,-0.0013911783987198278,0.0,-0.00011287325899999451,-0.00011287325899999451
39,non_target,baseline_cov,311,-0.03891466015569278,-0.051625466722044155,0.006916762579085501,-0.01651720673974483,-0.01718562819049563,0.0004936814049332217,0.0003410328455949463,-3.469446951953614e-18,2.5690135034926037e-05,2.5690135034932976e-05,0.0,0.0,0.0,0.0,0.0
39,non_target,halluc,311,-0.046177171032214304,-0.061615994138129904,0.007528352673867784,-0.01793287844171769,-0.01891983428286174,-0.0067688294715883,-0.009649494570490802,0.0006115900947822796,-0.0013899815669379326,-0.0017085159573311769,-0.007262510876521522,-0.009990527416085748,0.0006115900947822831,-0.0014156717019728586,-0.0017342060923661098
39,non_target,real,311,-0.039408341560626,-0.0519664995676391,0.006916762579085504,-0.016542896874779757,-0.017211318325530564,0.0,0.0,0.0,0.0,0.0,-0.0004936814049332217,-0.0003410328455949463,3.469446951953614e-18,-2.5690135034926037e-05,-2.5690135034932976e-05
4,all,halluc,303,-0.01579414042590388,-0.045855997646027546,0.01052777857794572,-0.013754949716291242,-0.024556782074026413,0.0001471698617006023,-0.008222954400616933,0.0006776554217243838,0.00031497705729910917,-0.0016618255622112416,nan,nan,nan,nan,nan
4,all,real,303,-0.015941310287604482,-0.03763304324541061,0.009850123156221337,-0.014069926773590351,-0.02289495651181517,0.0,0.0,0.0,0.0,0.0,nan,nan,nan,nan,nan
4,non_target,halluc,303,-0.01579414042590388,-0.045855997646027546,0.01052777857794572,-0.013754949716291242,-0.024556782074026413,0.0001471698617006023,-0.008222954400616933,0.0006776554217243838,0.00031497705729910917,-0.0016618255622112416,nan,nan,nan,nan,nan
4,non_target,real,303,-0.015941310287604482,-0.03763304324541061,0.009850123156221337,-0.014069926773590351,-0.02289495651181517,0.0,0.0,0.0,0.0,0.0,nan,nan,nan,nan,nan
40,all,halluc,301,0.040249943512995046,-0.033881842060558776,0.009984101311931438,-0.016993034949156147,-0.01699548582265781,-0.00865784946763637,-0.0046874357316673,0.0005774776011548653,-0.001889598344328898,-0.0018501647560132863,nan,nan,nan,nan,nan
40,all,real,301,0.048907792980631415,-0.029194406328891476,0.009406623710776572,-0.015103436604827249,-0.015145321066644525,0.0,0.0,0.0,0.0,0.0,nan,nan,nan,nan,nan
40,non_target,halluc,301,0.040249943512995046,-0.033881842060558776,0.009984101311931438,-0.016993034949156147,-0.01699548582265781,-0.00865784946763637,-0.0046874357316673,0.0005774776011548653,-0.001889598344328898,-0.0018501647560132863,nan,nan,nan,nan,nan
40,non_target,real,301,0.048907792980631415,-0.029194406328891476,0.009406623710776572,-0.015103436604827249,-0.015145321066644525,0.0,0.0,0.0,0.0,0.0,nan,nan,nan,nan,nan
41,all,halluc,296,-0.06222164418862364,-0.06930963142495905,0.006901797547294709,-0.012809924575441054,-0.01558915227405407,-4.901066011497868e-05,-0.0018832064900010659,0.0002291558368451626,0.00014697605008851151,-0.0005928713476351308,nan,nan,nan,nan,nan
41,all,real,296,-0.06217263352850866,-0.06742642493495798,0.006672641710449546,-0.012956900625529566,-0.014996280926418939,0.0,0.0,0.0,0.0,0.0,nan,nan,nan,nan,nan
41,non_target,halluc,296,-0.06222164418862364,-0.06930963142495905,0.006901797547294709,-0.012809924575441054,-0.01558915227405407,-4.901066011497868e-05,-0.0018832064900010659,0.0002291558368451626,0.00014697605008851151,-0.0005928713476351308,nan,nan,nan,nan,nan
41,non_target,real,296,-0.06217263352850866,-0.06742642493495798,0.006672641710449546,-0.012956900625529566,-0.014996280926418939,0.0,0.0,0.0,0.0,0.0,nan,nan,nan,nan,nan
42,all,halluc,298,0.012014673064851378,-0.04544728379226981,0.011081664474269455,-0.013547888320188913,-0.03153131048473152,0.0003429449054994649,0.0003267786654546079,3.0623275931231445e-05,-0.0003039794633835531,-0.000574448563322106,nan,nan,nan,nan,nan
42,all,real,298,0.011671728159351913,-0.04577406245772442,0.011051041198338224,-0.01324390885680536,-0.030956861921409413,0.0,0.0,0.0,0.0,0.0,nan,nan,nan,nan,nan
42,non_target,halluc,298,0.012014673064851378,-0.04544728379226981,0.011081664474269455,-0.013547888320188913,-0.03153131048473152,0.0003429449054994649,0.0003267786654546079,3.0623275931231445e-05,-0.0003039794633835531,-0.000574448563322106,nan,nan,nan,nan,nan
42,non_target,real,298,0.011671728159351913,-0.04577406245772442,0.011051041198338224,-0.01324390885680536,-0.030956861921409413,0.0,0.0,0.0,0.0,0.0,nan,nan,nan,nan,nan
43,all,halluc,312,0.006076811810082905,-0.04682420556080147,0.009257594467637697,-0.01141050724317868,-0.019457812093333325,-0.0034426211632785364,-0.006524133516417563,0.0004419310083905569,-0.0011082452241578528,-0.00016506482243588277,nan,nan,nan,nan,nan
43,all,real,312,0.009519432973361441,-0.040300072044383906,0.00881566345924714,-0.010302262019020828,-0.019292747270897442,0.0,0.0,0.0,0.0,0.0,nan,nan,nan,nan,nan
43,non_target,halluc,312,0.006076811810082905,-0.04682420556080147,0.009257594467637697,-0.01141050724317868,-0.019457812093333325,-0.0034426211632785364,-0.006524133516417563,0.0004419310083905569,-0.0011082452241578528,-0.00016506482243588277,nan,nan,nan,nan,nan
43,non_target,real,312,0.009519432973361441,-0.040300072044383906,0.00881566345924714,-0.010302262019020828,-0.019292747270897442,0.0,0.0,0.0,0.0,0.0,nan,nan,nan,nan,nan
44,all,halluc,301,0.04928672670047618,-0.010702198724424794,0.0065250592637370215,-0.005655671427898476,-0.010759879160660667,0.0019406372552468465,-0.0013167563458511555,0.00027503779954043007,-0.0002274233876105704,-0.00133011598626466,nan,nan,nan,nan,nan
44,all,real,301,0.047346089445229333,-0.009385442378573638,0.0062500214641965915,-0.005428248040287906,-0.009429763174396007,0.0,0.0,0.0,0.0,0.0,nan,nan,nan,nan,nan
44,non_target,halluc,301,0.04928672670047618,-0.010702198724424794,0.0065250592637370215,-0.005655671427898476,-0.010759879160660667,0.0019406372552468465,-0.0013167563458511555,0.00027503779954043007,-0.0002274233876105704,-0.00133011598626466,nan,nan,nan,nan,nan
44,non_target,real,301,0.047346089445229333,-0.009385442378573638,0.0062500214641965915,-0.005428248040287906,-0.009429763174396007,0.0,0.0,0.0,0.0,0.0,nan,nan,nan,nan,nan
45,all,halluc,298,-0.003449618033270818,-0.0416853047793635,0.00861223424349347,-0.012017018981391434,-0.012471594057454417,-0.005211379018522422,-0.004880446724246257,0.00028305661136632763,-0.0008851849194010091,-0.0008254795928871669,nan,nan,nan,nan,nan
45,all,real,298,0.0017617609852516036,-0.03680485805511724,0.008329177632127142,-0.011131834061990425,-0.01164611446456725,0.0,0.0,0.0,0.0,0.0,nan,nan,nan,nan,nan
45,non_target,halluc,298,-0.003449618033270818,-0.0416853047793635,0.00861223424349347,-0.012017018981391434,-0.012471594057454417,-0.005211379018522422,-0.004880446724246257,0.00028305661136632763,-0.0008851849194010091,-0.0008254795928871669,nan,nan,nan,nan,nan
45,non_target,real,298,0.0017617609852516036,-0.03680485805511724,0.008329177632127142,-0.011131834061990425,-0.01164611446456725,0.0,0.0,0.0,0.0,0.0,nan,nan,nan,nan,nan
46,all,halluc,297,-0.019594398467714158,-0.09009666721511178,0.014662874736771175,-0.02482060247571718,-0.03413449776666665,0.003986042931964584,-0.011584758532537265,0.0007099712487451462,-0.0012666981541969782,-0.0025709606170706834,nan,nan,nan,nan,nan
46,all,real,297,-0.023580441399678742,-0.07851190868257452,0.013952903488026028,-0.023553904321520203,-0.03156353714959596,0.0,0.0,0.0,0.0,0.0,nan,nan,nan,nan,nan
46,non_target,halluc,297,-0.019594398467714158,-0.09009666721511178,0.014662874736771175,-0.02482060247571718,-0.03413449776666665,0.003986042931964584,-0.011584758532537265,0.0007099712487451462,-0.0012666981541969782,-0.0025709606170706834,nan,nan,nan,nan,nan
46,non_target,real,297,-0.023580441399678742,-0.07851190868257452,0.013952903488026028,-0.023553904321520203,-0.03156353714959596,0.0,0.0,0.0,0.0,0.0,nan,nan,nan,nan,nan
47,all,halluc,307,0.13168857578196302,-0.02460996643663249,0.016395492076265186,-0.02021312109996163,-0.024709760632768762,0.002766321421243667,-0.0033571617852515834,0.0001702056060955623,-0.0017629337373525136,0.0011705239978501633,nan,nan,nan,nan,nan
47,all,real,307,0.12892225436071936,-0.021252804651380908,0.016225286470169624,-0.018450187362609116,-0.025880284630618925,0.0,0.0,0.0,0.0,0.0,nan,nan,nan,nan,nan
47,non_target,halluc,307,0.13168857578196302,-0.02460996643663249,0.016395492076265186,-0.02021312109996163,-0.024709760632768762,0.002766321421243667,-0.0033571617852515834,0.0001702056060955623,-0.0017629337373525136,0.0011705239978501633,nan,nan,nan,nan,nan
47,non_target,real,307,0.12892225436071936,-0.021252804651380908,0.016225286470169624,-0.018450187362609116,-0.025880284630618925,0.0,0.0,0.0,0.0,0.0,nan,nan,nan,nan,nan
48,all,halluc,299,-0.015262699909202593,-0.08893340503584612,0.016182698568589175,-0.02961608565399814,-0.029651128844478142,0.001631934815679137,-0.008044671350858512,0.000773920716778894,-0.0021204890758810407,-0.0021190840187256393,nan,nan,nan,nan,nan
48,all,real,299,-0.01689463472488173,-0.08088873368498761,0.01540877785181028,-0.0274955965781171,-0.027532044825752503,0.0,0.0,0.0,0.0,0.0,nan,nan,nan,nan,nan
48,non_target,halluc,299,-0.015262699909202593,-0.08893340503584612,0.016182698568589175,-0.02961608565399814,-0.029651128844478142,0.001631934815679137,-0.008044671350858512,0.000773920716778894,-0.0021204890758810407,-0.0021190840187256393,nan,nan,nan,nan,nan
48,non_target,real,299,-0.01689463472488173,-0.08088873368498761,0.01540877785181028,-0.0274955965781171,-0.027532044825752503,0.0,0.0,0.0,0.0,0.0,nan,nan,nan,nan,nan
49,all,halluc,304,0.005284221072003659,-0.028338628746175987,0.006954904789191258,-0.008638580220930909,-0.017844125443618422,-0.006479138610992585,-0.0069037502385980165,0.00046162817888805666,5.489395667762978e-05,-0.0012198433020723688,nan,nan,nan,nan,nan
49,all,real,304,0.011763359682996244,-0.02143487850757797,0.006493276610303201,-0.008693474177608539,-0.016624282141546053,0.0,0.0,0.0,0.0,0.0,nan,nan,nan,nan,nan
49,non_target,halluc,304,0.005284221072003659,-0.028338628746175987,0.006954904789191258,-0.008638580220930909,-0.017844125443618422,-0.006479138610992585,-0.0069037502385980165,0.00046162817888805666,5.489395667762978e-05,-0.0012198433020723688,nan,nan,nan,nan,nan
49,non_target,real,304,0.011763359682996244,-0.02143487850757797,0.006493276610303201,-0.008693474177608539,-0.016624282141546053,0.0,0.0,0.0,0.0,0.0,nan,nan,nan,nan,nan
5,all,halluc,297,-0.01732928555323443,-0.06803023885379922,0.012727242343286172,-0.022794956745942754,-0.02752399995417506,0.0064925858167295125,-0.016767935603900552,0.00042839690706629116,0.00108092384424242,-0.002900953690303007,nan,nan,nan,nan,nan
5,all,real,297,-0.023821871369963943,-0.051262303249898666,0.01229884543621988,-0.023875880590185174,-0.024623046263872052,0.0,0.0,0.0,0.0,0.0,nan,nan,nan,nan,nan
5,non_target,halluc,297,-0.01732928555323443,-0.06803023885379922,0.012727242343286172,-0.022794956745942754,-0.02752399995417506,0.0064925858167295125,-0.016767935603900552,0.00042839690706629116,0.00108092384424242,-0.002900953690303007,nan,nan,nan,nan,nan
5,non_target,real,297,-0.023821871369963943,-0.051262303249898666,0.01229884543621988,-0.023875880590185174,-0.024623046263872052,0.0,0.0,0.0,0.0,0.0,nan,nan,nan,nan,nan
50,all,baseline_cov,311,-0.011839497744545513,-0.04766203792289625,0.012242584988828744,-0.01701362268928298,-0.04268593985489881,0.003714227076570542,0.002149365322314245,3.469446951953614e-18,0.00018829051529415178,0.00018829051529413443,0.0,0.0,0.0,0.0,0.0
50,all,halluc,311,-0.00267300764780809,-0.08039867045002436,0.014013451284171606,-0.01318115617432361,-0.047950000123762035,0.012880717173307965,-0.03058726720481386,0.001770866295342866,0.004020757030253522,-0.00507576975356909,0.009166490096737423,-0.03273663252712811,0.0017708662953428624,0.00383246651495937,-0.005264060268863224
50,all,real,311,-0.015553724821116055,-0.049811403245210495,0.01224258498882874,-0.017201913204577132,-0.042874230370192945,0.0,0.0,0.0,0.0,0.0,-0.003714227076570542,-0.002149365322314245,-3.469446951953614e-18,-0.00018829051529415178,-0.00018829051529413443
50,target,baseline_cov,1,0.022244787220525586,-0.04717074656666287,0.01590914247672981,-0.023679765809499986,-0.0376167417595,0.00635409586486646,0.0020771193073569894,0.0,0.00031176124050000253,0.00031176124050000253,0.0,0.0,0.0,0.0,0.0
50,target,halluc,1,0.022244787220525586,-0.1500963169694446,0.02443098760300884,-0.041041755649999984,-0.05759833,0.00635409586486646,-0.10084845109542473,0.008521845126279029,-0.017050228599999995,-0.019669827,0.0,-0.10292557040278172,0.008521845126279029,-0.017361989840499997,-0.019981588240500003
50,target,real,1,0.015890691355659126,-0.04924786587401986,0.01590914247672981,-0.02399152704999999,-0.037928503,0.0,0.0,0.0,0.0,0.0,-0.00635409586486646,-0.0020771193073569894,0.0,-0.00031176124050000253,-0.00031176124050000253
50,non_target,baseline_cov,310,-0.01194758742278934,-0.04770350219623354,0.012241839185336357,-0.01701064770066938,-0.04270229210681945,0.0037059796688222457,0.0021447304892575625,5.204170427930421e-18,0.00018789222263219246,0.0001878922226321647,0.0,0.0,0.0,0.0,0.0
50,non_target,halluc,310,-0.002752396759218234,-0.08016579411859526,0.013991598490503554,-0.013167105831176267,-0.047918876478999985,0.012901170332393352,-0.030317561433104157,0.0017497593051672023,0.004031434092125306,-0.005028692149548368,0.009195190663571107,-0.03246229192236172,0.001749759305167197,0.0038435418694931136,-0.005216584372180533
50,non_target,real,310,-0.015653567091611587,-0.0498482326854911,0.012241839185336351,-0.017198539923301573,-0.04289018432945162,0.0,0.0,0.0,0.0,0.0,-0.0037059796688222457,-0.0021447304892575625,-5.204170427930421e-18,-0.00018789222263219246,-0.0001878922226321647
51,all,baseline_cov,308,0.012630313504201851,-0.01735636702559451,0.006332400087795564,-0.009611970243535235,-0.013181583693506489,0.0,0.0,0.0,0.0,0.0,0.0,0.0,0.0,0.0,0.0
51,all,halluc,308,0.012198145969051,-0.01742188580641235,0.006753854254287444,-0.010752366865741235,-0.013156596609740258,-0.0004321675351508514,-6.551878081784146e-05,0.00042145416649187924,-0.0011403966222060004,2.4987083766230683e-05,-0.0004321675351508514,-6.551878081784146e-05,0.00042145416649187924,-0.0011403966222060004,2.4987083766230683e-05
51,all,real,308,0.012630313504201851,-0.01735636702559451,0.006332400087795564,-0.009611970243535235,-0.013181583693506489,0.0,0.0,0.0,0.0,0.0,0.0,0.0,0.0,0.0,0.0
51,target,baseline_cov,1,0.0166043620766263,-0.05761947111651944,0.012760681271164288,-0.010659420774999985,-0.030781984000000002,0.0,0.0,0.0,-3.469446951953614e-18,-3.469446951953614e-18,0.0,0.0,0.0,0.0,0.0
51,target,halluc,1,0.0166043620766263,-0.05761947111651944,0.012760681271164288,-0.010659420774999982,-0.030781984,0.0,0.0,0.0,0.0,0.0,0.0,0.0,0.0,3.469446951953614e-18,3.469446951953614e-18
51,target,real,1,0.0166043620766263,-0.05761947111651944,0.012760681271164288,-0.010659420774999982,-0.030781984,0.0,0.0,0.0,0.0,0.0,0.0,0.0,0.0,3.469446951953614e-18,3.469446951953614e-18
51,non_target,baseline_cov,307,0.012617394137511173,-0.017437808818380862,0.0063469984323439605,-0.00961906194758584,-0.013208398405863185,0.0,0.0,0.0,-1.734723475976807e-18,0.0,0.0,0.0,0.0,0.0,0.0
51,non_target,halluc,307,0.012183824723577708,-0.017503535560381533,0.006770276056650728,-0.010763173216769709,-0.013183329930944626,-0.0004335694139334656,-6.57267420006713e-05,0.0004232776243067674,-0.0011441112691838711,2.506847491855896e-05,-0.0004335694139334656,-6.57267420006713e-05,0.0004232776243067674,-0.0011441112691838694,2.506847491855896e-05
51,non_target,real,307,0.012617394137511173,-0.017437808818380862,0.0063469984323439605,-0.009619061947585838,-0.013208398405863185,0.0,0.0,0.0,0.0,0.0,0.0,0.0,0.0,1.734723475976807e-18,0.0
52,all,halluc,305,-0.002299352832771717,-0.04141390395734024,0.0075722080466771825,-0.008990660746447943,-0.02210676291409834,-0.003951914472149376,-0.0050490280264836596,0.0004012012789204695,-0.0006321407384606657,-0.0012278515713114724,nan,nan,nan,nan,nan
52,all,real,305,0.0016525616393776588,-0.03636487593085658,0.007171006767756713,-0.008358520007987277,-0.02087891134278687,0.0,0.0,0.0,0.0,0.0,nan,nan,nan,nan,nan
52,non_target,halluc,305,-0.002299352832771717,-0.04141390395734024,0.0075722080466771825,-0.008990660746447943,-0.02210676291409834,-0.003951914472149376,-0.0050490280264836596,0.0004012012789204695,-0.0006321407384606657,-0.0012278515713114724,nan,nan,nan,nan,nan
52,non_target,real,305,0.0016525616393776588,-0.03636487593085658,0.007171006767756713,-0.008358520007987277,-0.02087891134278687,0.0,0.0,0.0,0.0,0.0,nan,nan,nan,nan,nan
53,all,halluc,294,0.031462691842029544,-0.07469587937045252,0.013958573627174184,-0.018592903751848626,-0.02262335137925172,0.009570049145235515,-0.013665002654765335,0.0012939256080959551,0.0008750388331037577,-0.0025490153621768805,nan,nan,nan,nan,nan
53,all,real,294,0.02189264269679403,-0.06103087671568719,0.01266464801907823,-0.019467942584952384,-0.02007433601707484,0.0,0.0,0.0,0.0,0.0,nan,nan,nan,nan,nan
53,non_target,halluc,294,0.031462691842029544,-0.07469587937045252,0.013958573627174184,-0.018592903751848626,-0.02262335137925172,0.009570049145235515,-0.013665002654765335,0.0012939256080959551,0.0008750388331037577,-0.0025490153621768805,nan,nan,nan,nan,nan
53,non_target,real,294,0.02189264269679403,-0.06103087671568719,0.01266464801907823,-0.019467942584952384,-0.02007433601707484,0.0,0.0,0.0,0.0,0.0,nan,nan,nan,nan,nan
54,all,halluc,304,-0.030730505532845953,-0.041309634183625876,0.006529672533621923,-0.01062541004361513,-0.012102255674802626,-0.0007693970823138274,-0.002124701765695014,0.0002872856100859019,-0.00010575812497935419,-0.0005564771477121096,nan,nan,nan,nan,nan
54,all,real,304,-0.029961108450532126,-0.03918493241793086,0.006242386923536021,-0.010519651918635776,-0.011545778527090517,0.0,0.0,0.0,0.0,0.0,nan,nan,nan,nan,nan
54,non_target,halluc,304,-0.030730505532845953,-0.041309634183625876,0.006529672533621923,-0.01062541004361513,-0.012102255674802626,-0.0007693970823138274,-0.002124701765695014,0.0002872856100859019,-0.00010575812497935419,-0.0005564771477121096,nan,nan,nan,nan,nan
54,non_target,real,304,-0.029961108450532126,-0.03918493241793086,0.006242386923536021,-0.010519651918635776,-0.011545778527090517,0.0,0.0,0.0,0.0,0.0,nan,nan,nan,nan,nan
55,all,baseline_cov,309,0.030220742221839014,-0.005760135387484322,0.003443692968402812,-0.003335899948026723,-0.0037294287348220083,0.0,0.0,0.0,4.336808689942018e-19,-8.673617379884035e-19,0.0,0.0,0.0,0.0,0.0
55,all,halluc,309,0.025886973988777928,-0.00591794137810886,0.003501039234778995,-0.0031413592265541876,-0.004055404217854706,-0.004333768233061086,-0.0001578059906245377,5.734626637618305e-05,0.00019454072147253578,-0.0003259754830326985,-0.004333768233061086,-0.0001578059906245377,5.734626637618305e-05,0.00019454072147253535,-0.00032597548303269766
55,all,real,309,0.030220742221839014,-0.005760135387484322,0.003443692968402812,-0.0033358999480267233,-0.0037294287348220074,0.0,0.0,0.0,0.0,0.0,0.0,0.0,0.0,-4.336808689942018e-19,8.673617379884035e-19
55,target,baseline_cov,1,0.08011399716892598,-0.02475983379078517,0.014343681857201163,-0.019331785199999993,-0.022513053999999998,0.0,0.0,0.0,3.469446951953614e-18,3.469446951953614e-18,0.0,0.0,0.0,0.0,0.0
55,target,halluc,1,0.08011399716892598,-0.02475983379078517,0.014343681857201163,-0.019331785199999996,-0.022513054,0.0,0.0,0.0,0.0,0.0,0.0,0.0,0.0,-3.469446951953614e-18,-3.469446951953614e-18
55,target,real,1,0.08011399716892598,-0.02475983379078517,0.014343681857201163,-0.019331785199999996,-0.022513054,0.0,0.0,0.0,0.0,0.0,0.0,0.0,0.0,-3.469446951953614e-18,-3.469446951953614e-18
55,non_target,baseline_cov,308,0.03006256364897597,-0.00578509706817365,0.0034480948242819956,-0.003391993120325512,-0.0037249716930519497,0.0,0.0,0.0,4.336808689942018e-19,0.0,0.0,0.0,0.0,0.0,0.0
55,non_target,halluc,308,0.025715422028851354,-0.005943411400329057,0.003508328822237259,-0.003138246968458584,-0.004117087543237349,-0.004347141620124617,-0.00015831433215540702,6.023399795526338e-05,0.00025374615186692833,-0.0003921158501853997,-0.004347141620124617,-0.00015831433215540702,6.023399795526338e-05,0.0002537461518669279,-0.0003921158501853997
55,non_target,real,308,0.03006256364897597,-0.00578509706817365,0.0034480948242819956,-0.0033919931203255124,-0.0037249716930519497,0.0,0.0,0.0,0.0,0.0,0.0,0.0,0.0,-4.336808689942018e-19,0.0
56,all,halluc,304,0.036982127041848445,-0.014468171964937881,0.004746014117535055,-0.004577205640144224,-0.008923034107483548,0.0018229653712933391,-0.0041183240348806605,0.000497666884507403,-0.0011568784440689822,-0.0012480920805921008,nan,nan,nan,nan,nan
56,all,real,304,0.035159161670555106,-0.010349847930057221,0.004248347233027652,-0.003420327196075242,-0.007674942026891447,0.0,0.0,0.0,0.0,0.0,nan,nan,nan,nan,nan
56,non_target,halluc,304,0.036982127041848445,-0.014468171964937881,0.004746014117535055,-0.004577205640144224,-0.008923034107483548,0.0018229653712933391,-0.0041183240348806605,0.000497666884507403,-0.0011568784440689822,-0.0012480920805921008,nan,nan,nan,nan,nan
56,non_target,real,304,0.035159161670555106,-0.010349847930057221,0.004248347233027652,-0.003420327196075242,-0.007674942026891447,0.0,0.0,0.0,0.0,0.0,nan,nan,nan,nan,nan
57,all,halluc,296,-0.009440884286943119,-0.043279708929158334,0.01263295478908009,-0.021644788378841595,-0.021681699839020272,0.004772627176635735,0.008942350842358948,-5.921510555708005e-05,-0.0027986792004588354,0.00209361057530405,nan,nan,nan,nan,nan
57,all,real,296,-0.014213511463578854,-0.05222205977151728,0.01269216989463717,-0.01884610917838276,-0.023775310414324322,0.0,0.0,0.0,0.0,0.0,nan,nan,nan,nan,nan
57,non_target,halluc,296,-0.009440884286943119,-0.043279708929158334,0.01263295478908009,-0.021644788378841595,-0.021681699839020272,0.004772627176635735,0.008942350842358948,-5.921510555708005e-05,-0.0027986792004588354,0.00209361057530405,nan,nan,nan,nan,nan
57,non_target,real,296,-0.014213511463578854,-0.05222205977151728,0.01269216989463717,-0.01884610917838276,-0.023775310414324322,0.0,0.0,0.0,0.0,0.0,nan,nan,nan,nan,nan
58,all,halluc,298,-0.06611989538035845,-0.08781787126791141,0.014827473018237992,-0.029305314220229865,-0.02960797407617447,-0.010139963636227267,-0.012836883462420512,0.0007238331193669505,-0.0017192086830058947,-0.0020187035180536626,nan,nan,nan,nan,nan
58,all,real,298,-0.055979931744131184,-0.0749809878054909,0.014103639898871041,-0.02758610553722397,-0.02758927055812081,0.0,0.0,0.0,0.0,0.0,nan,nan,nan,nan,nan
58,non_target,halluc,298,-0.06611989538035845,-0.08781787126791141,0.014827473018237992,-0.029305314220229865,-0.02960797407617447,-0.010139963636227267,-0.012836883462420512,0.0007238331193669505,-0.0017192086830058947,-0.0020187035180536626,nan,nan,nan,nan,nan
58,non_target,real,298,-0.055979931744131184,-0.0749809878054909,0.014103639898871041,-0.02758610553722397,-0.02758927055812081,0.0,0.0,0.0,0.0,0.0,nan,nan,nan,nan,nan
59,all,halluc,305,-0.027275252809621953,-0.04304299141250245,0.007405582109332672,-0.011669982410532314,-0.02085534080969563,-0.00040305679037266895,-0.002466917569502125,0.0002062714800169672,0.00036412677409211093,2.357032691801403e-05,nan,nan,nan,nan,nan
59,all,real,305,-0.026872196019249284,-0.040576073843000326,0.007199310629315705,-0.012034109184624425,-0.020878911136613644,0.0,0.0,0.0,0.0,0.0,nan,nan,nan,nan,nan
59,non_target,halluc,305,-0.027275252809621953,-0.04304299141250245,0.007405582109332672,-0.011669982410532314,-0.02085534080969563,-0.00040305679037266895,-0.002466917569502125,0.0002062714800169672,0.00036412677409211093,2.357032691801403e-05,nan,nan,nan,nan,nan
59,non_target,real,305,-0.026872196019249284,-0.040576073843000326,0.007199310629315705,-0.012034109184624425,-0.020878911136613644,0.0,0.0,0.0,0.0,0.0,nan,nan,nan,nan,nan
6,all,halluc,301,0.04943288565624315,-0.02340150678847286,0.008233391969379134,-0.00787995655206478,-0.009091184493222595,0.0018332296356371458,-0.005934727259236272,0.0005857828974867836,-0.0008173212760920262,-0.0002956918197142902,nan,nan,nan,nan,nan
6,all,real,301,0.04759965602060601,-0.017466779529236587,0.00764760907189235,-0.007062635275972754,-0.008795492673508305,0.0,0.0,0.0,0.0,0.0,nan,nan,nan,nan,nan
6,non_target,halluc,301,0.04943288565624315,-0.02340150678847286,0.008233391969379134,-0.00787995655206478,-0.009091184493222595,0.0018332296356371458,-0.005934727259236272,0.0005857828974867836,-0.0008173212760920262,-0.0002956918197142902,nan,nan,nan,nan,nan
6,non_target,real,301,0.04759965602060601,-0.017466779529236587,0.00764760907189235,-0.007062635275972754,-0.008795492673508305,0.0,0.0,0.0,0.0,0.0,nan,nan,nan,nan,nan
60,all,baseline_cov,311,-0.05396513583015017,-0.0796407215412348,0.013803874207876423,-0.03244526638272344,-0.04287423034892739,0.0,0.0,0.0,0.0,0.0,0.0,0.0,0.0,0.0,0.0
60,all,halluc,311,-0.050878578064654234,-0.08664327693299478,0.01439715899871459,-0.03467040960786276,-0.04509730515594852,0.003086557765495934,-0.007002555391759979,0.000593284790838167,-0.0022251432251393227,-0.002223074807021129,0.003086557765495934,-0.007002555391759979,0.000593284790838167,-0.0022251432251393227,-0.002223074807021129
60,all,real,311,-0.05396513583015017,-0.0796407215412348,0.013803874207876423,-0.03244526638272344,-0.04287423034892739,0.0,0.0,0.0,0.0,0.0,0.0,0.0,0.0,0.0,0.0
60,target,baseline_cov,1,0.014938849570223844,-0.04924786534159864,0.015884860708613235,-0.023991526899999983,-0.03792849999999999,0.0,1.1102230246251565e-16,-3.469446951953614e-18,3.469446951953614e-18,6.938893903907228e-18,0.0,0.0,0.0,0.0,0.0
60,target,halluc,1,0.014938849570223844,-0.04924786534159875,0.015884860708613238,-0.023991526899999987,-0.0379285,0.0,0.0,0.0,0.0,0.0,0.0,-1.1102230246251565e-16,3.469446951953614e-18,-3.469446951953614e-18,-6.938893903907228e-18
60,target,real,1,0.014938849570223844,-0.04924786534159875,0.015884860708613238,-0.023991526899999987,-0.0379285,0.0,0.0,0.0,0.0,0.0,0.0,-1.1102230246251565e-16,3.469446951953614e-18,-3.469446951953614e-18,-6.938893903907228e-18
60,non_target,baseline_cov,310,-0.05417966067587776,-0.07979640955503176,0.013816455248063625,-0.032569956864925774,-0.04289018431779489,0.0,0.0,0.0,0.0,0.0,0.0,0.0,0.0,0.0,0.0
60,non_target,halluc,310,-0.051083832171054944,-0.08682027904629563,0.01441269631902601,-0.034802277971436514,-0.045120430333870934,0.0030958285048228174,-0.007023869491263879,0.0005962410709623844,-0.00223232110651074,-0.0022302460160760415,0.0030958285048228174,-0.007023869491263879,0.0005962410709623844,-0.00223232110651074,-0.0022302460160760415
60,non_target,real,310,-0.05417966067587776,-0.07979640955503176,0.013816455248063625,-0.032569956864925774,-0.04289018431779489,0.0,0.0,0.0,0.0,0.0,0.0,0.0,0.0,0.0,0.0
61,all,halluc,311,-0.06870897578033852,-0.10813917117697947,0.010512014062348595,-0.018064865841194527,-0.02681504270437299,-0.0039353137355293555,-0.005676678105867472,0.00033791943880279,-0.0007874547575739757,-0.000692127900482311,nan,nan,nan,nan,nan
61,all,real,311,-0.06477366204480917,-0.10246249307111199,0.010174094623545805,-0.01727741108362055,-0.02612291480389068,0.0,0.0,0.0,0.0,0.0,nan,nan,nan,nan,nan
61,non_target,halluc,311,-0.06870897578033852,-0.10813917117697947,0.010512014062348595,-0.018064865841194527,-0.02681504270437299,-0.0039353137355293555,-0.005676678105867472,0.00033791943880279,-0.0007874547575739757,-0.000692127900482311,nan,nan,nan,nan,nan
61,non_target,real,311,-0.06477366204480917,-0.10246249307111199,0.010174094623545805,-0.01727741108362055,-0.02612291480389068,0.0,0.0,0.0,0.0,0.0,nan,nan,nan,nan,nan
62,all,halluc,302,0.016689919348202187,-0.029845256304073975,0.007851449922967378,-0.009355733353826414,-0.012858107376556295,-0.009227832505975808,-0.005628806243295759,0.0006951797415811365,-0.0016608222332955896,-0.0020579976916556327,nan,nan,nan,nan,nan
62,all,real,302,0.025917751854177995,-0.024216450060778216,0.007156270181386241,-0.0076949111205308245,-0.010800109684900663,0.0,0.0,0.0,0.0,0.0,nan,nan,nan,nan,nan
62,non_target,halluc,302,0.016689919348202187,-0.029845256304073975,0.007851449922967378,-0.009355733353826414,-0.012858107376556295,-0.009227832505975808,-0.005628806243295759,0.0006951797415811365,-0.0016608222332955896,-0.0020579976916556327,nan,nan,nan,nan,nan
62,non_target,real,302,0.025917751854177995,-0.024216450060778216,0.007156270181386241,-0.0076949111205308245,-0.010800109684900663,0.0,0.0,0.0,0.0,0.0,nan,nan,nan,nan,nan
63,all,halluc,315,0.11785972341667761,-0.07807373905998205,0.025985980109173138,-0.033852227541819054,-0.048192562861047596,0.0006578458158548184,0.0005159695739609393,0.0003530878624064017,0.0005980676064565454,-7.359701650794942e-05,nan,nan,nan,nan,nan
63,all,real,315,0.11720187760082279,-0.07858970863394299,0.025632892246766736,-0.0344502951482756,-0.048118965844539646,0.0,0.0,0.0,0.0,0.0,nan,nan,nan,nan,nan
63,non_target,halluc,315,0.11785972341667761,-0.07807373905998205,0.025985980109173138,-0.033852227541819054,-0.048192562861047596,0.0006578458158548184,0.0005159695739609393,0.0003530878624064017,0.0005980676064565454,-7.359701650794942e-05,nan,nan,nan,nan,nan
63,non_target,real,315,0.11720187760082279,-0.07858970863394299,0.025632892246766736,-0.0344502951482756,-0.048118965844539646,0.0,0.0,0.0,0.0,0.0,nan,nan,nan,nan,nan
64,all,halluc,300,0.05626493044376568,-0.031646208791136554,0.011549319603694382,-0.010358785691022323,-0.02209159231243332,-0.006098637966363674,-0.0038618325770284345,0.00039237086673475467,-0.0013604653797856664,-0.00183602816863334,nan,nan,nan,nan,nan
64,all,real,300,0.062363568410129355,-0.02778437621410812,0.011156948736959627,-0.008998320311236657,-0.02025556414379998,0.0,0.0,0.0,0.0,0.0,nan,nan,nan,nan,nan
64,non_target,halluc,300,0.05626493044376568,-0.031646208791136554,0.011549319603694382,-0.010358785691022323,-0.02209159231243332,-0.006098637966363674,-0.0038618325770284345,0.00039237086673475467,-0.0013604653797856664,-0.00183602816863334,nan,nan,nan,nan,nan
64,non_target,real,300,0.062363568410129355,-0.02778437621410812,0.011156948736959627,-0.008998320311236657,-0.02025556414379998,0.0,0.0,0.0,0.0,0.0,nan,nan,nan,nan,nan
65,all,halluc,304,0.03637123849744639,-0.015282590288191455,0.010406896807154968,-0.013352834129192099,-0.01774652115415459,0.0029443705435108214,0.0014739517019294324,0.0003552037222200686,-2.2724370191283885e-05,-1.6323406950648905e-05,nan,nan,nan,nan,nan
65,all,real,304,0.03342686795393557,-0.016756541990120888,0.0100516930849349,-0.013330109759000815,-0.01773019774720394,0.0,0.0,0.0,0.0,0.0,nan,nan,nan,nan,nan
65,non_target,halluc,304,0.03637123849744639,-0.015282590288191455,0.010406896807154968,-0.013352834129192099,-0.01774652115415459,0.0029443705435108214,0.0014739517019294324,0.0003552037222200686,-2.2724370191283885e-05,-1.6323406950648905e-05,nan,nan,nan,nan,nan
65,non_target,real,304,0.03342686795393557,-0.016756541990120888,0.0100516930849349,-0.013330109759000815,-0.01773019774720394,0.0,0.0,0.0,0.0,0.0,nan,nan,nan,nan,nan
66,all,baseline_cov,308,0.004544892255502919,-0.01729454976181588,0.006154981443548237,-0.009519332999622229,-0.013130644870075148,2.108445044912699e-05,2.062625596210843e-06,8.673617379884035e-19,1.0494638858892652e-06,1.049463885884061e-06,0.0,0.0,0.0,0.0,0.0
66,all,halluc,308,0.00417126773510379,-0.017464075354783892,0.00631990024386963,-0.010175388595369874,-0.013339621838800128,-0.00035254006995000253,-0.00016746296737180089,0.00016491880032139423,-0.0006550061318617555,-0.00020792750483909599,-0.0003736245203991295,-0.00016952559296801173,0.00016491880032139337,-0.0006560555957476448,-0.00020897696872498005
66,all,real,308,0.004523807805053792,-0.01729661238741209,0.006154981443548236,-0.009520382463508118,-0.013131694333961032,0.0,0.0,0.0,0.0,0.0,-2.108445044912699e-05,-2.062625596210843e-06,-8.673617379884035e-19,-1.0494638858892652e-06,-1.049463885884061e-06
66,target,baseline_cov,1,0.030548493535722754,-0.01862837437194076,0.012388166398020869,-0.014328914370499993,-0.0190022759705,0.0007785331049396937,0.000148321264749951,-1.734723475976807e-18,3.778702950000233e-05,3.7787029500000596e-05,0.0,0.0,0.0,0.0,0.0
66,target,halluc,1,0.030548493535722754,-0.03031931111980557,0.01228269406151809,-0.011902039449999995,-0.016545933,0.0007785331049396937,-0.01154261548311486,-0.00010547233650278105,0.0024646619500000005,0.0024941300000000007,0.0,-0.01169093674786481,-0.00010547233650277932,0.002426874920499998,0.0024563429705
66,target,real,1,0.02976996043078306,-0.01877669563669071,0.01238816639802087,-0.014366701399999996,-0.019040063,0.0,0.0,0.0,0.0,0.0,-0.0007785331049396937,-0.000148321264749951,1.734723475976807e-18,-3.778702950000233e-05,-3.7787029500000596e-05
66,non_target,baseline_cov,307,0.004461271192155003,-0.017376037220395935,0.006172905933996607,-0.009526246035335983,-0.013157416741735001,1.8678738872957013e-05,1.8272810042851972e-06,1.734723475976807e-18,9.297975483834459e-07,9.297975483799764e-07,0.0,0.0,0.0,0.0,0.0
66,non_target,halluc,307,0.004086461083680382,-0.017544647048631457,0.006336144093497774,-0.010171620810012771,-0.013366307519056805,-0.00035613136960166436,-0.00016678254723123676,0.0001632381595011688,-0.0006444449771284052,-0.00020796097977342394,-0.0003748101084746214,-0.00016860982823552195,0.00016323815950116706,-0.0006453747746767886,-0.00020889077732180392
66,non_target,real,307,0.004442592453282046,-0.01737786450140022,0.006172905933996605,-0.009527175832884366,-0.013158346539283381,0.0,0.0,0.0,0.0,0.0,-1.8678738872957013e-05,-1.8272810042851972e-06,-1.734723475976807e-18,-9.297975483834459e-07,-9.297975483799764e-07
67,all,halluc,304,0.013542887114581958,-0.04356068698816129,0.009601990369170489,-0.012146404642205798,-0.013766239922105256,-0.003540056561894378,-0.0040406032859554575,0.0004942475045552914,-0.0008874734905657908,-0.0006516479341282834,nan,nan,nan,nan,nan
67,all,real,304,0.017082943676476336,-0.03952008370220583,0.009107742864615197,-0.011258931151640008,-0.013114591987976973,0.0,0.0,0.0,0.0,0.0,nan,nan,nan,nan,nan
67,non_target,halluc,304,0.013542887114581958,-0.04356068698816129,0.009601990369170489,-0.012146404642205798,-0.013766239922105256,-0.003540056561894378,-0.0040406032859554575,0.0004942475045552914,-0.0008874734905657908,-0.0006516479341282834,nan,nan,nan,nan,nan
67,non_target,real,304,0.017082943676476336,-0.03952008370220583,0.009107742864615197,-0.011258931151640008,-0.013114591987976973,0.0,0.0,0.0,0.0,0.0,nan,nan,nan,nan,nan
68,all,halluc,295,-0.06682445996574982,-0.0918886303853218,0.01614147060804311,-0.030386428094650864,-0.042840114572101705,0.00042044924863238187,-0.006578756056421997,0.0005981148257838825,0.00150109419209659,-0.003358749737050845,nan,nan,nan,nan,nan
68,all,real,295,-0.0672449092143822,-0.0853098743288998,0.015543355782259228,-0.031887522286747454,-0.03948136483505086,0.0,0.0,0.0,0.0,0.0,nan,nan,nan,nan,nan
68,non_target,halluc,295,-0.06682445996574982,-0.0918886303853218,0.01614147060804311,-0.030386428094650864,-0.042840114572101705,0.00042044924863238187,-0.006578756056421997,0.0005981148257838825,0.00150109419209659,-0.003358749737050845,nan,nan,nan,nan,nan
68,non_target,real,295,-0.0672449092143822,-0.0853098743288998,0.015543355782259228,-0.031887522286747454,-0.03948136483505086,0.0,0.0,0.0,0.0,0.0,nan,nan,nan,nan,nan
69,all,halluc,303,0.009835983739584941,-0.03680144534188723,0.009657779227126474,-0.016328918692282174,-0.02359473442013201,-0.005357393466606908,-0.0050499308133261644,0.0005166547701900594,-0.000754514722018167,-0.0017181275906600624,nan,nan,nan,nan,nan
69,all,real,303,0.01519337720619185,-0.031751514528561064,0.009141124456936415,-0.015574403970264007,-0.02187660682947195,0.0,0.0,0.0,0.0,0.0,nan,nan,nan,nan,nan
69,non_target,halluc,303,0.009835983739584941,-0.03680144534188723,0.009657779227126474,-0.016328918692282174,-0.02359473442013201,-0.005357393466606908,-0.0050499308133261644,0.0005166547701900594,-0.000754514722018167,-0.0017181275906600624,nan,nan,nan,nan,nan
69,non_target,real,303,0.01519337720619185,-0.031751514528561064,0.009141124456936415,-0.015574403970264007,-0.02187660682947195,0.0,0.0,0.0,0.0,0.0,nan,nan,nan,nan,nan
7,all,baseline_cov,310,-0.013851146243371693,-0.028699974869109135,0.006780366758397232,-0.007176870616148681,-0.021518078920354844,0.0,0.0,1.734723475976807e-18,8.673617379884035e-19,0.0,0.0,0.0,0.0,0.0,0.0
7,all,halluc,310,-0.018490648668233467,-0.032806509739774614,0.007087402445475332,-0.007936101106345064,-0.02305106772748388,-0.0046395024248617744,-0.004106534870665479,0.0003070356870781025,-0.0007592304901963822,-0.0015329888071290362,-0.0046395024248617744,-0.004106534870665479,0.0003070356870781008,-0.0007592304901963831,-0.0015329888071290362
7,all,real,310,-0.013851146243371693,-0.028699974869109135,0.00678036675839723,-0.007176870616148682,-0.021518078920354844,0.0,0.0,0.0,0.0,0.0,0.0,0.0,-1.734723475976807e-18,-8.673617379884035e-19,0.0
7,target,baseline_cov,1,0.04604327592066104,-0.03269288084541844,0.01438217927472523,-0.02537905749999999,-0.03323923399999999,0.0,0.0,0.0,3.469446951953614e-18,6.938893903907228e-18,0.0,0.0,0.0,0.0,0.0
7,target,halluc,1,0.04604327592066104,-0.03269288084541844,0.01438217927472523,-0.025379057499999993,-0.033239234,0.0,0.0,0.0,0.0,0.0,0.0,0.0,0.0,-3.469446951953614e-18,-6.938893903907228e-18
7,target,real,1,0.04604327592066104,-0.03269288084541844,0.01438217927472523,-0.025379057499999993,-0.033239234,0.0,0.0,0.0,0.0,0.0,0.0,0.0,0.0,-3.469446951953614e-18,-6.938893903907228e-18
7,non_target,baseline_cov,309,-0.01403930306433232,-0.02876131239321611,0.00677374115617625,-0.0072001506083050806,-0.021506922657961173,0.0,0.0,0.0,3.469446951953614e-18,0.0,0.0,0.0,0.0,0.0,0.0
7,non_target,halluc,309,-0.018692896497770062,-0.03294492150175521,0.007081334558721343,-0.007971108134456213,-0.023044872593915862,-0.004653593433437742,-0.004183609108539099,0.0003075934025450937,-0.0007709575261511288,-0.001537949935954689,-0.004653593433437742,-0.004183609108539099,0.0003075934025450937,-0.0007709575261511323,-0.001537949935954689
7,non_target,real,309,-0.01403930306433232,-0.02876131239321611,0.00677374115617625,-0.007200150608305084,-0.021506922657961173,0.0,0.0,0.0,0.0,0.0,0.0,0.0,0.0,-3.469446951953614e-18,0.0
70,all,baseline_cov,310,0.013088010807441819,-0.017293208404358218,0.005484829360399558,-0.004926671326519345,-0.013142445896425018,1.2722314195467987e-05,1.2340857933335059e-06,0.0,6.279017194747022e-07,6.279017194712327e-07,0.0,0.0,0.0,0.0,0.0
70,all,halluc,310,0.006172442319100302,-0.021395166099858143,0.005892749290873181,-0.005966372267509959,-0.01448079628586061,-0.006902846174146049,-0.004100723609706591,0.0004079199304736223,-0.001039073039271139,-0.0013377224877161205,-0.006915568488341517,-0.004101957695499925,0.0004079199304736223,-0.0010397009409906137,-0.0013383503894355917
70,all,real,310,0.013075288493246351,-0.01729444249015155,0.005484829360399558,-0.00492729922823882,-0.01314307379814449,0.0,0.0,0.0,0.0,0.0,-1.2722314195467987e-05,-1.2340857933335059e-06,0.0,-6.279017194747022e-07,-6.279017194712327e-07
70,target,baseline_cov,1,0.05116781374928148,-0.03347759033420139,0.012559741850404428,-0.01434130304799999,-0.019014664647999995,0.000533823009168044,9.818731782973433e-05,0.0,2.5398352000004926e-05,2.5398352000004926e-05,0.0,0.0,0.0,0.0,0.0
70,target,halluc,1,0.05116781374928148,-0.02985887764209627,0.01251630180291129,-0.012816315549999993,-0.020153822,0.000533823009168044,0.0037169000099348537,-4.344004749313839e-05,0.0015503858500000023,-0.0011137589999999989,0.0,0.0036187126921051194,-4.344004749313839e-05,0.0015249874979999974,-0.0011391573520000038
70,target,real,1,0.05063399074011343,-0.033575777652031125,0.012559741850404428,-0.014366701399999996,-0.019040063,0.0,0.0,0.0,0.0,0.0,-0.000533823009168044,-9.818731782973433e-05,0.0,-2.5398352000004926e-05,-2.5398352000004926e-05
70,non_target,baseline_cov,309,0.012967042053686928,-0.017374085439322173,0.005500428143602346,-0.004883359146838178,-0.013169042586549369,1.1096759168216508e-05,1.076443401082372e-06,0.0,5.4773844995748e-07,5.477384499557453e-07,0.0,0.0,0.0,0.0,0.0
70,non_target,halluc,309,0.006029998316865681,-0.021593861033215034,0.005907684748224195,-0.005922675919637824,-0.014506791557983139,-0.00692594697765303,-0.004218699150491778,0.00040725660462184905,-0.0010387690343496882,-0.0013372012329838142,-0.006937043736821247,-0.0042197755938928605,0.00040725660462184905,-0.0010393167727996457,-0.00133774897143377
70,non_target,real,309,0.012955945294518711,-0.017375161882723256,0.005500428143602346,-0.004883906885288136,-0.013169590324999324,0.0,0.0,0.0,0.0,0.0,-1.1096759168216508e-05,-1.076443401082372e-06,0.0,-5.4773844995748e-07,-5.477384499557453e-07
71,all,baseline_cov,309,-0.0033322450851518415,-0.028386860916510437,0.007522863918631777,-0.00716927797724805,-0.021898181518114682,-0.00017427718147444704,-4.2471248888564794e-05,-2.6020852139652106e-18,-8.74222855858954e-06,-8.742228558587806e-06,0.0,0.0,0.0,0.0,0.0
71,all,halluc,309,-0.0007320147889930961,-0.02314756851019073,0.007831504727183997,-0.007094163005769719,-0.02161816481858524,0.0024259531146842983,0.005196821157431142,0.00030864080855221715,6.637274291974166e-05,0.0002712744709708545,0.0026002302961587453,0.005239292406319707,0.00030864080855221975,7.51149714783312e-05,0.0002800166995294423
71,all,real,309,-0.0031579679036773944,-0.028344389667621872,0.0075228639186317794,-0.00716053574868946,-0.021889439289556094,0.0,0.0,0.0,0.0,0.0,0.00017427718147444704,4.2471248888564794e-05,2.6020852139652106e-18,8.74222855858954e-06,8.742228558587806e-06
71,target,baseline_cov,1,0.08648768866190326,-0.029554918308295042,0.01242746888838233,-0.01696851135899999,-0.024986170309,-0.000452210053195401,-4.038360070213187e-05,0.0,-2.0806309000000883e-05,-2.0806309000000883e-05,0.0,0.0,0.0,0.0,0.0
71,target,halluc,1,0.08648768866190326,-0.026666840515743084,0.011991042107830389,-0.016470394249999992,-0.027028851,-0.000452210053195401,0.0028476941918498255,-0.00043642678055194097,0.0004773107999999984,-0.0020634869999999993,0.0,0.0028880777925519574,-0.00043642678055194097,0.0004981171089999993,-0.0020426806909999984
71,target,real,1,0.08693989871509866,-0.02951453470759291,0.01242746888838233,-0.01694770504999999,-0.024965364,0.0,0.0,0.0,0.0,0.0,0.000452210053195401,4.038360070213187e-05,0.0,2.0806309000000883e-05,2.0806309000000883e-05
71,non_target,baseline_cov,308,-0.003611428268388006,-0.028447072553143604,0.007519336613742534,-0.007166121841268336,-0.021888155580481936,-0.00017344767464178013,-4.2278334381307126e-05,-8.673617379884035e-19,-8.703059466249295e-06,-8.703059466243224e-06,0.0,0.0,0.0,0.0,0.0
71,non_target,halluc,308,-0.0010034753628082038,-0.023219972282642054,0.007825855542279174,-0.007129133566502736,-0.021600597655658565,0.002434505230938022,0.005184821936120243,0.0003065189285366395,2.8285215299350686e-05,0.0002788548653571282,0.0026079529055798023,0.00522710027050155,0.00030651892853664035,3.698827476559998e-05,0.00028755792482337145
71,non_target,real,308,-0.003437980593746226,-0.028404794218762297,0.007519336613742535,-0.007157418781802087,-0.021879452521015693,0.0,0.0,0.0,0.0,0.0,0.00017344767464178013,4.2278334381307126e-05,8.673617379884035e-19,8.703059466249295e-06,8.703059466243224e-06
72,all,halluc,296,-0.05076438161002894,-0.08113145118510878,0.0327673831797836,-0.04890160578770268,-0.07355569807500002,0.00208954949070006,0.0017348380890391812,0.00017428876676853916,-0.0001294440248378187,0.0003123483405405858,nan,nan,nan,nan,nan
72,all,real,296,-0.052853931100729,-0.08286628927414796,0.03259309441301506,-0.04877216176286486,-0.07386804641554061,0.0,0.0,0.0,0.0,0.0,nan,nan,nan,nan,nan
72,non_target,halluc,296,-0.05076438161002894,-0.08113145118510878,0.0327673831797836,-0.04890160578770268,-0.07355569807500002,0.00208954949070006,0.0017348380890391812,0.00017428876676853916,-0.0001294440248378187,0.0003123483405405858,nan,nan,nan,nan,nan
72,non_target,real,296,-0.052853931100729,-0.08286628927414796,0.03259309441301506,-0.04877216176286486,-0.07386804641554061,0.0,0.0,0.0,0.0,0.0,nan,nan,nan,nan,nan
73,all,halluc,307,0.008602478969545357,-0.02021207744666398,0.004472811141094378,-0.005877873156899184,-0.009884415568729646,0.0022805412133892755,-0.005154368867688275,0.0003536357330376936,0.0004900031642744379,-0.001604267746514662,nan,nan,nan,nan,nan
73,all,real,307,0.006321937756156082,-0.015057708578975704,0.004119175408056684,-0.006367876321173622,-0.008280147822214983,0.0,0.0,0.0,0.0,0.0,nan,nan,nan,nan,nan
73,non_target,halluc,307,0.008602478969545357,-0.02021207744666398,0.004472811141094378,-0.005877873156899184,-0.009884415568729646,0.0022805412133892755,-0.005154368867688275,0.0003536357330376936,0.0004900031642744379,-0.001604267746514662,nan,nan,nan,nan,nan
73,non_target,real,307,0.006321937756156082,-0.015057708578975704,0.004119175408056684,-0.006367876321173622,-0.008280147822214983,0.0,0.0,0.0,0.0,0.0,nan,nan,nan,nan,nan
74,all,baseline_cov,310,0.022997223461541205,-0.022282900172694964,0.007336082026533177,-0.011291101065552044,-0.01348664322358414,-3.138061326168895e-05,-1.949445991700216e-05,-8.673617379884035e-19,-1.5337349529836314e-06,-1.533734952973223e-06,0.0,0.0,0.0,0.0,0.0
74,all,halluc,310,0.03067977219356388,-0.028263878166351897,0.008106690700738406,-0.012341489168586933,-0.01351589239822258,0.007651168118760987,-0.006000472453573935,0.000770608674205228,-0.0010519218379878726,-3.078290959141264e-05,0.007682548732022676,-0.005980977993656933,0.0007706086742052289,-0.001050388103034889,-2.9249174638439415e-05
74,all,real,310,0.023028604074802894,-0.02226340571277796,0.007336082026533178,-0.01128956733059906,-0.013485109488631167,0.0,0.0,0.0,0.0,0.0,3.138061326168895e-05,1.949445991700216e-05,8.673617379884035e-19,1.5337349529836314e-06,1.533734952973223e-06
74,target,baseline_cov,1,0.005940191378326132,-0.06423800936528656,0.017872549516149385,-0.03255644892499999,-0.044183083775,-0.0002155714324911795,-6.015519397406521e-05,0.0,-1.0713774999997205e-05,-1.0713774999997205e-05,0.0,0.0,0.0,0.0,0.0
74,target,halluc,1,0.005940191378326132,-0.055372622053525666,0.017722885480788982,-0.029034352799999986,-0.047365796,-0.0002155714324911795,0.008805232117786832,-0.00014966403536040285,0.003511382350000005,-0.003193425999999999,0.0,0.008865387311760897,-0.00014966403536040285,0.0035220961250000023,-0.003182712225000002
74,target,real,1,0.006155762810817311,-0.0641778541713125,0.017872549516149385,-0.03254573514999999,-0.04417237,0.0,0.0,0.0,0.0,0.0,0.0002155714324911795,6.015519397406521e-05,0.0,1.0713774999997205e-05,1.0713774999997205e-05
74,non_target,baseline_cov,309,0.02305289110466857,-0.022208452539036472,0.007339850525773112,-0.01130228260317519,-0.013544948800116776,-3.077442755494708e-05,-1.9118298819842394e-05,-8.673617379884035e-19,-1.5040260855168214e-06,-1.504026085506413e-06,0.0,0.0,0.0,0.0,0.0
74,non_target,halluc,309,0.030760815293711774,-0.028258031872841705,0.008109758331796653,-0.012389764874553235,-0.01352963337038511,0.0076771497614882556,-0.006068697632625075,0.0007699078060235398,-0.0010889862974635608,1.381140364615889e-05,0.007707924189043203,-0.006049579333805233,0.0007699078060235407,-0.001087482271378044,1.5315429731665303e-05
74,non_target,real,309,0.02308366553222352,-0.02218933424021663,0.007339850525773113,-0.011300778577089674,-0.01354344477403127,0.0,0.0,0.0,0.0,0.0,3.077442755494708e-05,1.9118298819842394e-05,8.673617379884035e-19,1.5040260855168214e-06,1.504026085506413e-06
75,all,baseline_cov,309,-0.032983704313389595,-0.044833911738613064,0.008566804035505292,-0.013636626014956004,-0.014910002335954702,0.0,0.0,0.0,0.0,0.0,0.0,0.0,0.0,0.0,0.0
75,all,halluc,309,-0.03532144947029736,-0.04744777262184929,0.008946381237841956,-0.01427507407151297,-0.01569904837983817,-0.0023377451569077667,-0.0026138608832362298,0.0003795772023366638,-0.0006384480565569655,-0.0007890460438834696,-0.0023377451569077667,-0.0026138608832362298,0.0003795772023366638,-0.0006384480565569655,-0.0007890460438834696
75,all,real,309,-0.032983704313389595,-0.044833911738613064,0.008566804035505292,-0.013636626014956004,-0.014910002335954702,0.0,0.0,0.0,0.0,0.0,0.0,0.0,0.0,0.0,0.0
75,target,baseline_cov,1,-0.062263395841109626,-0.08035190091887989,0.01627549059486632,-0.029065475099999988,-0.04139091,0.0,0.0,0.0,0.0,0.0,0.0,0.0,0.0,0.0,0.0
75,target,halluc,1,-0.062263395841109626,-0.08035190091887989,0.01627549059486632,-0.029065475099999988,-0.04139091,0.0,0.0,0.0,0.0,0.0,0.0,0.0,0.0,0.0,0.0
75,target,real,1,-0.062263395841109626,-0.08035190091887989,0.01627549059486632,-0.029065475099999988,-0.04139091,0.0,0.0,0.0,0.0,0.0,0.0,0.0,0.0,0.0,0.0
75,non_target,baseline_cov,308,-0.03288716664327007,-0.044725624375073214,0.008569560724293374,-0.013615868598024041,-0.014946614578603907,0.0,0.0,0.0,0.0,0.0,0.0,0.0,0.0,0.0,0.0
75,non_target,halluc,308,-0.035232726805169756,-0.04734661406653573,0.008950290577210595,-0.014256389537881522,-0.015738222460292193,-0.0023455601618996846,-0.0026209896914625164,0.000380729852917221,-0.0006405209398574804,-0.0007916078816882863,-0.0023455601618996846,-0.0026209896914625164,0.000380729852917221,-0.0006405209398574804,-0.0007916078816882863
75,non_target,real,308,-0.03288716664327007,-0.044725624375073214,0.008569560724293374,-0.013615868598024041,-0.014946614578603907,0.0,0.0,0.0,0.0,0.0,0.0,0.0,0.0,0.0,0.0
76,all,halluc,301,0.06404811696466339,-0.06949939758756596,0.019350004281093763,-0.024983054338273417,-0.03052071977029901,-0.008778002095557236,-0.00442195128897982,0.00034232988192409164,-0.0017073241885026645,-0.0016506321119269043,nan,nan,nan,nan,nan
76,all,real,301,0.07282611906022063,-0.06507744629858614,0.01900767439916967,-0.023275730149770753,-0.028870087658372106,0.0,0.0,0.0,0.0,0.0,nan,nan,nan,nan,nan
76,non_target,halluc,301,0.06404811696466339,-0.06949939758756596,0.019350004281093763,-0.024983054338273417,-0.03052071977029901,-0.008778002095557236,-0.00442195128897982,0.00034232988192409164,-0.0017073241885026645,-0.0016506321119269043,nan,nan,nan,nan,nan
76,non_target,real,301,0.07282611906022063,-0.06507744629858614,0.01900767439916967,-0.023275730149770753,-0.028870087658372106,0.0,0.0,0.0,0.0,0.0,nan,nan,nan,nan,nan
77,all,halluc,296,-0.05611947330436473,-0.07585677368989352,0.013060169803234628,-0.025388140115900338,-0.02557895811638513,-0.001863525305068725,-0.0031077352228587873,0.0005555523523160296,-0.001204936216243093,-0.0010009091676320934,nan,nan,nan,nan,nan
77,all,real,296,-0.054255947999296006,-0.07274903846703473,0.012504617450918598,-0.024183203899657245,-0.024578048948753036,0.0,0.0,0.0,0.0,0.0,nan,nan,nan,nan,nan
77,non_target,halluc,296,-0.05611947330436473,-0.07585677368989352,0.013060169803234628,-0.025388140115900338,-0.02557895811638513,-0.001863525305068725,-0.0031077352228587873,0.0005555523523160296,-0.001204936216243093,-0.0010009091676320934,nan,nan,nan,nan,nan
77,non_target,real,296,-0.054255947999296006,-0.07274903846703473,0.012504617450918598,-0.024183203899657245,-0.024578048948753036,0.0,0.0,0.0,0.0,0.0,nan,nan,nan,nan,nan
78,all,halluc,304,-0.03186182719482822,-0.06209222566472572,0.011300985234295567,-0.02109813683183224,-0.032798379616644766,0.0003115148430943293,-0.0016088553921280724,0.0004928699883835,-0.0005200182741398121,-0.00196872894342107,nan,nan,nan,nan,nan
78,all,real,304,-0.03217334203792255,-0.06048337027259765,0.010808115245912067,-0.020578118557692426,-0.030829650673223696,0.0,0.0,0.0,0.0,0.0,nan,nan,nan,nan,nan
78,non_target,halluc,304,-0.03186182719482822,-0.06209222566472572,0.011300985234295567,-0.02109813683183224,-0.032798379616644766,0.0003115148430943293,-0.0016088553921280724,0.0004928699883835,-0.0005200182741398121,-0.00196872894342107,nan,nan,nan,nan,nan
78,non_target,real,304,-0.03217334203792255,-0.06048337027259765,0.010808115245912067,-0.020578118557692426,-0.030829650673223696,0.0,0.0,0.0,0.0,0.0,nan,nan,nan,nan,nan
79,all,halluc,296,0.07202911317947702,-0.03364846487900852,0.01309132962215513,-0.012745075101190032,-0.013010546527432432,-0.0030814320719341204,-0.002079396139062384,0.0004144361192403457,-0.0010384762756226514,-0.0006231033866847258,nan,nan,nan,nan,nan
79,all,real,296,0.07511054525141114,-0.03156906873994614,0.012676893502914784,-0.01170659882556738,-0.012387443140747707,0.0,0.0,0.0,0.0,0.0,nan,nan,nan,nan,nan
79,non_target,halluc,296,0.07202911317947702,-0.03364846487900852,0.01309132962215513,-0.012745075101190032,-0.013010546527432432,-0.0030814320719341204,-0.002079396139062384,0.0004144361192403457,-0.0010384762756226514,-0.0006231033866847258,nan,nan,nan,nan,nan
79,non_target,real,296,0.07511054525141114,-0.03156906873994614,0.012676893502914784,-0.01170659882556738,-0.012387443140747707,0.0,0.0,0.0,0.0,0.0,nan,nan,nan,nan,nan
8,all,halluc,296,0.07642908044587315,-0.03394912198820932,0.013142213076718303,-0.012678871683721588,-0.013186063280479023,-0.0035880198608109204,-0.0023800529013183747,0.00042367177622353036,-0.0009722728374020242,-0.0007986201421959389,nan,nan,nan,nan,nan
8,all,real,296,0.08001710030668407,-0.031569069086890944,0.012718541300494773,-0.011706598846319563,-0.012387443138283084,0.0,0.0,0.0,0.0,0.0,nan,nan,nan,nan,nan
8,non_target,halluc,296,0.07642908044587315,-0.03394912198820932,0.013142213076718303,-0.012678871683721588,-0.013186063280479023,-0.0035880198608109204,-0.0023800529013183747,0.00042367177622353036,-0.0009722728374020242,-0.0007986201421959389,nan,nan,nan,nan,nan
8,non_target,real,296,0.08001710030668407,-0.031569069086890944,0.012718541300494773,-0.011706598846319563,-0.012387443138283084,0.0,0.0,0.0,0.0,0.0,nan,nan,nan,nan,nan
80,all,halluc,301,0.13027064217633688,-0.030175618694347928,0.01609264560260103,-0.01887137873225182,-0.022337656916598007,-0.0019111566769636212,-0.0024846904888486954,-7.319505652983449e-05,0.0009834131725432044,-0.002149699690930245,nan,nan,nan,nan,nan
80,all,real,301,0.1321817988533005,-0.027690928205499232,0.016165840659130865,-0.019854791904795024,-0.02018795722566776,0.0,0.0,0.0,0.0,0.0,nan,nan,nan,nan,nan
80,non_target,halluc,301,0.13027064217633688,-0.030175618694347928,0.01609264560260103,-0.01887137873225182,-0.022337656916598007,-0.0019111566769636212,-0.0024846904888486954,-7.319505652983449e-05,0.0009834131725432044,-0.002149699690930245,nan,nan,nan,nan,nan
80,non_target,real,301,0.1321817988533005,-0.027690928205499232,0.016165840659130865,-0.019854791904795024,-0.02018795722566776,0.0,0.0,0.0,0.0,0.0,nan,nan,nan,nan,nan
81,all,baseline_cov,312,0.0005800274284457618,-0.024721480563579368,0.0062509369595078,-0.008824697043381107,-0.012485322469238483,-0.0001781699446621321,-5.209613020440429e-05,0.0,-8.902540456427743e-06,-8.902540456434682e-06,0.0,0.0,0.0,0.0,0.0
81,all,halluc,312,0.002288871254252811,-0.028454541353422846,0.006556138666964991,-0.009687639197181094,-0.012347045118974366,0.0015306738811449172,-0.003785156920047883,0.00030520170745719066,-0.0008718446942564146,0.00012937480980768253,0.0017088438258070493,-0.0037330607898434787,0.00030520170745719066,-0.0008629421537999869,0.0001382773502641172
81,all,real,312,0.0007581973731078939,-0.024669384433374963,0.0062509369595078,-0.00881579450292468,-0.012476419928782049,0.0,0.0,0.0,0.0,0.0,0.0001781699446621321,5.209613020440429e-05,0.0,8.902540456427743e-06,8.902540456434682e-06
81,target,baseline_cov,1,0.02765430397689772,-0.036021389128132575,0.012376043238811047,-0.017425195404999996,-0.021993805255,-0.0008609439459947854,-8.072936865355373e-05,0.0,-4.1871254999999163e-05,-4.1871254999999163e-05,0.0,0.0,0.0,0.0,0.0
81,target,halluc,1,0.02765430397689772,-0.03668005060319446,0.01230814547644227,-0.018974779199999996,-0.022663994,-0.0008609439459947854,-0.0007393908437154373,-6.789776236877654e-05,-0.0015914550499999992,-0.0007120600000000005,0.0,-0.0006586614750618836,-6.789776236877654e-05,-0.001549583795,-0.0006701887450000013
81,target,real,1,0.028515247922892506,-0.03594065975947902,0.012376043238811047,-0.017383324149999997,-0.021951934,0.0,0.0,0.0,0.0,0.0,0.0008609439459947854,8.072936865355373e-05,0.0,4.1871254999999163e-05,4.1871254999999163e-05
81,non_target,baseline_cov,311,0.0004941325394136609,-0.02475961133073523,0.006254387928147892,-0.008783125805240852,-0.012470211794686194,-0.00017603305196023378,-5.147375648795194e-05,0.0,-8.79653172799165e-06,-8.796531727996854e-06,0.0,0.0,0.0,0.0,0.0
81,non_target,halluc,311,0.002208328576410956,-0.028495186772611647,0.006558434705710636,-0.00964653892193087,-0.012326358415176856,0.0015381629850370615,-0.0037870491983643673,0.0003040467775627439,-0.000872209648418009,0.00013505684778134137,0.0017141960369972953,-0.0037355754418764153,0.0003040467775627439,-0.0008634131166900174,0.00014385337950933823
81,non_target,real,311,0.0006701655913738946,-0.02470813757424728,0.006254387928147892,-0.00877432927351286,-0.012461415262958197,0.0,0.0,0.0,0.0,0.0,0.00017603305196023378,5.147375648795194e-05,0.0,8.79653172799165e-06,8.796531727996854e-06
82,all,halluc,302,-0.003511356083144679,-0.06356117585950216,0.018759692980947318,-0.027639134134572838,-0.040574603754072826,-0.008588491865907044,-0.009297595295489125,0.000827678245435861,-0.0019823134765281393,-0.002295595558576155,nan,nan,nan,nan,nan
82,all,real,302,0.005077135782762365,-0.054263580564013036,0.017932014735511457,-0.0256568206580447,-0.03827900819549667,0.0,0.0,0.0,0.0,0.0,nan,nan,nan,nan,nan
82,non_target,halluc,302,-0.003511356083144679,-0.06356117585950216,0.018759692980947318,-0.027639134134572838,-0.040574603754072826,-0.008588491865907044,-0.009297595295489125,0.000827678245435861,-0.0019823134765281393,-0.002295595558576155,nan,nan,nan,nan,nan
82,non_target,real,302,0.005077135782762365,-0.054263580564013036,0.017932014735511457,-0.0256568206580447,-0.03827900819549667,0.0,0.0,0.0,0.0,0.0,nan,nan,nan,nan,nan
83,all,halluc,302,-0.019674263044111795,-0.07145973920066806,0.01769474240426318,-0.025749958236768206,-0.03812777127377482,-0.00017661140674019027,0.0033260267803136845,0.00036077417363490974,-9.313747948180157e-05,0.00015123689708607807,nan,nan,nan,nan,nan
83,all,real,302,-0.019497651637371605,-0.07478576598098174,0.01733396823062827,-0.025656820757286404,-0.0382790081708609,0.0,0.0,0.0,0.0,0.0,nan,nan,nan,nan,nan
83,non_target,halluc,302,-0.019674263044111795,-0.07145973920066806,0.01769474240426318,-0.025749958236768206,-0.03812777127377482,-0.00017661140674019027,0.0033260267803136845,0.00036077417363490974,-9.313747948180157e-05,0.00015123689708607807,nan,nan,nan,nan,nan
83,non_target,real,302,-0.019497651637371605,-0.07478576598098174,0.01733396823062827,-0.025656820757286404,-0.0382790081708609,0.0,0.0,0.0,0.0,0.0,nan,nan,nan,nan,nan
84,all,halluc,312,-0.01195750100857984,-0.04074597325481499,0.011498105117146372,-0.015606264621793915,-0.02325712241790118,0.0008137159017052031,-0.0001254918115541903,0.00023436027170195377,8.665790103866942e-05,-0.00020274195531983993,nan,nan,nan,nan,nan
84,all,real,312,-0.012771216910285044,-0.0406204814432608,0.011263744845444418,-0.015692922522832584,-0.02305438046258134,0.0,0.0,0.0,0.0,0.0,nan,nan,nan,nan,nan
84,non_target,halluc,312,-0.01195750100857984,-0.04074597325481499,0.011498105117146372,-0.015606264621793915,-0.02325712241790118,0.0008137159017052031,-0.0001254918115541903,0.00023436027170195377,8.665790103866942e-05,-0.00020274195531983993,nan,nan,nan,nan,nan
84,non_target,real,312,-0.012771216910285044,-0.0406204814432608,0.011263744845444418,-0.015692922522832584,-0.02305438046258134,0.0,0.0,0.0,0.0,0.0,nan,nan,nan,nan,nan
85,all,halluc,296,-0.01672880316888692,-0.0355588717366595,0.01084099347684439,-0.014688483135652039,-0.01715642523621622,0.0014065794295113898,-0.008062972435006532,0.0003041890526323133,0.0002862505335912008,0.0008745340514864988,nan,nan,nan,nan,nan
85,all,real,296,-0.01813538259839831,-0.02749589930165297,0.010536804424212077,-0.01497473366924324,-0.01803095928770272,0.0,0.0,0.0,0.0,0.0,nan,nan,nan,nan,nan
85,non_target,halluc,296,-0.01672880316888692,-0.0355588717366595,0.01084099347684439,-0.014688483135652039,-0.01715642523621622,0.0014065794295113898,-0.008062972435006532,0.0003041890526323133,0.0002862505335912008,0.0008745340514864988,nan,nan,nan,nan,nan
85,non_target,real,296,-0.01813538259839831,-0.02749589930165297,0.010536804424212077,-0.01497473366924324,-0.01803095928770272,0.0,0.0,0.0,0.0,0.0,nan,nan,nan,nan,nan
86,all,halluc,300,0.03485629510471222,-0.029373164376382044,0.01158623196234898,-0.018757368753656994,-0.029813193904033326,0.0009233808200357352,0.00023246405011856375,0.00014029247694311367,-0.00029275451977534006,0.00023952757483333004,nan,nan,nan,nan,nan
86,all,real,300,0.033932914284676485,-0.029605628426500608,0.011445939485405867,-0.018464614233881654,-0.030052721478866656,0.0,0.0,0.0,0.0,0.0,nan,nan,nan,nan,nan
86,non_target,halluc,300,0.03485629510471222,-0.029373164376382044,0.01158623196234898,-0.018757368753656994,-0.029813193904033326,0.0009233808200357352,0.00023246405011856375,0.00014029247694311367,-0.00029275451977534006,0.00023952757483333004,nan,nan,nan,nan,nan
86,non_target,real,300,0.033932914284676485,-0.029605628426500608,0.011445939485405867,-0.018464614233881654,-0.030052721478866656,0.0,0.0,0.0,0.0,0.0,nan,nan,nan,nan,nan
87,all,halluc,304,-0.41558416134516374,-0.4494652542446279,0.06409736603517052,-0.13439436577227637,-0.15995395349802627,0.0024275494771704986,0.0016793992575084848,0.00041772551494596855,-0.0035835275556974078,-0.004096684303947301,nan,nan,nan,nan,nan
87,all,real,304,-0.41801171082233424,-0.4511446535021364,0.06367964052022455,-0.13081083821657896,-0.15585726919407897,0.0,0.0,0.0,0.0,0.0,nan,nan,nan,nan,nan
87,non_target,halluc,304,-0.41558416134516374,-0.4494652542446279,0.06409736603517052,-0.13439436577227637,-0.15995395349802627,0.0024275494771704986,0.0016793992575084848,0.00041772551494596855,-0.0035835275556974078,-0.004096684303947301,nan,nan,nan,nan,nan
87,non_target,real,304,-0.41801171082233424,-0.4511446535021364,0.06367964052022455,-0.13081083821657896,-0.15585726919407897,0.0,0.0,0.0,0.0,0.0,nan,nan,nan,nan,nan
88,all,halluc,304,0.06814596115303173,-0.02535193284498305,0.010779768105697812,-0.01715539322660278,-0.01784010953418059,0.0064054785075127185,-0.0033462128898973376,0.0003047519923067409,-0.0018015466882878792,0.0009925717226172935,nan,nan,nan,nan,nan
88,all,real,304,0.06174048264551901,-0.022005719955085712,0.010475016113391071,-0.0153538465383149,-0.018832681256797882,0.0,0.0,0.0,0.0,0.0,nan,nan,nan,nan,nan
88,non_target,halluc,304,0.06814596115303173,-0.02535193284498305,0.010779768105697812,-0.01715539322660278,-0.01784010953418059,0.0064054785075127185,-0.0033462128898973376,0.0003047519923067409,-0.0018015466882878792,0.0009925717226172935,nan,nan,nan,nan,nan
88,non_target,real,304,0.06174048264551901,-0.022005719955085712,0.010475016113391071,-0.0153538465383149,-0.018832681256797882,0.0,0.0,0.0,0.0,0.0,nan,nan,nan,nan,nan
89,all,halluc,296,-0.07707345534467192,-0.10421804948771263,0.015448059702828846,-0.02750414508046454,-0.02913372081476352,-0.0014122852270441744,-0.001981860474012609,0.0001044843250412996,-0.0021776797451537565,-0.00018167525722973324,nan,nan,nan,nan,nan
89,all,real,296,-0.07566117011762774,-0.10223618901370002,0.015343575377787546,-0.025326465335310782,-0.028952045557533786,0.0,0.0,0.0,0.0,0.0,nan,nan,nan,nan,nan
89,non_target,halluc,296,-0.07707345534467192,-0.10421804948771263,0.015448059702828846,-0.02750414508046454,-0.02913372081476352,-0.0014122852270441744,-0.001981860474012609,0.0001044843250412996,-0.0021776797451537565,-0.00018167525722973324,nan,nan,nan,nan,nan
89,non_target,real,296,-0.07566117011762774,-0.10223618901370002,0.015343575377787546,-0.025326465335310782,-0.028952045557533786,0.0,0.0,0.0,0.0,0.0,nan,nan,nan,nan,nan
9,all,halluc,295,-0.011632359620109445,-0.038036963711234884,0.0066749414371331025,-0.01149834320139152,-0.012715568281491525,0.005906312491742671,-0.003402243308179176,0.0002919653011787147,0.0002893008186396692,0.00015390471593220573,nan,nan,nan,nan,nan
9,all,real,295,-0.017538672111852116,-0.03463472040305571,0.006382976135954388,-0.011787644020031188,-0.01286947299742373,0.0,0.0,0.0,0.0,0.0,nan,nan,nan,nan,nan
9,non_target,halluc,295,-0.011632359620109445,-0.038036963711234884,0.0066749414371331025,-0.01149834320139152,-0.012715568281491525,0.005906312491742671,-0.003402243308179176,0.0002919653011787147,0.0002893008186396692,0.00015390471593220573,nan,nan,nan,nan,nan
9,non_target,real,295,-0.017538672111852116,-0.03463472040305571,0.006382976135954388,-0.011787644020031188,-0.01286947299742373,0.0,0.0,0.0,0.0,0.0,nan,nan,nan,nan,nan
90,all,halluc,303,-0.0033032068134560832,-0.023116791405838222,0.0071819031973115914,-0.009808788280432381,-0.013672876062871289,-0.0023355307100005884,-0.0002975985794394509,0.0003226841273066515,-9.26151445577502e-05,-0.0005053102373927497,nan,nan,nan,nan,nan
90,all,real,303,-0.0009676761034554948,-0.02281919282639877,0.00685921907000494,-0.00971617313587463,-0.013167565825478539,0.0,0.0,0.0,0.0,0.0,nan,nan,nan,nan,nan
90,non_target,halluc,303,-0.0033032068134560832,-0.023116791405838222,0.0071819031973115914,-0.009808788280432381,-0.013672876062871289,-0.0023355307100005884,-0.0002975985794394509,0.0003226841273066515,-9.26151445577502e-05,-0.0005053102373927497,nan,nan,nan,nan,nan
90,non_target,real,303,-0.0009676761034554948,-0.02281919282639877,0.00685921907000494,-0.00971617313587463,-0.013167565825478539,0.0,0.0,0.0,0.0,0.0,nan,nan,nan,nan,nan
91,all,halluc,301,-0.058757452443121694,-0.10800869862319917,0.016200333074816706,-0.028614228622524926,-0.03344129540435217,-0.007864178124868726,-0.013872743791620179,0.0006765612519756756,-0.0018995429147408704,-0.0019063323960132883,nan,nan,nan,nan,nan
91,all,real,301,-0.05089327431825297,-0.094135954831579,0.01552377182284103,-0.026714685707784055,-0.031534963008338884,0.0,0.0,0.0,0.0,0.0,nan,nan,nan,nan,nan
91,non_target,halluc,301,-0.058757452443121694,-0.10800869862319917,0.016200333074816706,-0.028614228622524926,-0.03344129540435217,-0.007864178124868726,-0.013872743791620179,0.0006765612519756756,-0.0018995429147408704,-0.0019063323960132883,nan,nan,nan,nan,nan
91,non_target,real,301,-0.05089327431825297,-0.094135954831579,0.01552377182284103,-0.026714685707784055,-0.031534963008338884,0.0,0.0,0.0,0.0,0.0,nan,nan,nan,nan,nan
92,all,halluc,297,0.1106089912836381,-0.028371872938792286,0.011595897550512912,-0.012695295202392959,-0.014909658786429834,-0.005802767549569765,-0.002621696237197324,0.00044515921477351547,-0.0012463403190641365,-0.0009281861052323238,nan,nan,nan,nan,nan
92,all,real,297,0.11641175883320787,-0.025750176701594962,0.011150738335739397,-0.011448954883328822,-0.01398147268119751,0.0,0.0,0.0,0.0,0.0,nan,nan,nan,nan,nan
92,non_target,halluc,297,0.1106089912836381,-0.028371872938792286,0.011595897550512912,-0.012695295202392959,-0.014909658786429834,-0.005802767549569765,-0.002621696237197324,0.00044515921477351547,-0.0012463403190641365,-0.0009281861052323238,nan,nan,nan,nan,nan
92,non_target,real,297,0.11641175883320787,-0.025750176701594962,0.011150738335739397,-0.011448954883328822,-0.01398147268119751,0.0,0.0,0.0,0.0,0.0,nan,nan,nan,nan,nan
93,all,halluc,306,-0.025462647400489313,-0.0661289168296848,0.010395325141622813,-0.013049552780356856,-0.021378679101862724,-0.008529191378880863,-0.021600562284045166,0.0008849428483159345,0.0008203627222852974,-0.0029187681235947442,nan,nan,nan,nan,nan
93,all,real,306,-0.01693345602160845,-0.04452835454563964,0.009510382293306878,-0.013869915502642154,-0.01845991097826798,0.0,0.0,0.0,0.0,0.0,nan,nan,nan,nan,nan
93,non_target,halluc,306,-0.025462647400489313,-0.0661289168296848,0.010395325141622813,-0.013049552780356856,-0.021378679101862724,-0.008529191378880863,-0.021600562284045166,0.0008849428483159345,0.0008203627222852974,-0.0029187681235947442,nan,nan,nan,nan,nan
93,non_target,real,306,-0.01693345602160845,-0.04452835454563964,0.009510382293306878,-0.013869915502642154,-0.01845991097826798,0.0,0.0,0.0,0.0,0.0,nan,nan,nan,nan,nan
94,all,baseline_cov,312,-0.01613263305658197,-0.04213405990540764,0.00709848041402817,-0.016607679747880813,-0.01718645580535257,0.0,0.0,0.0,0.0,0.0,0.0,0.0,0.0,0.0,0.0
94,all,halluc,312,-0.02087613860509785,-0.04865703829422674,0.0075453804687468425,-0.017638586959895244,-0.018518406455288447,-0.004743505548515881,-0.006522978388819101,0.0004469000547186724,-0.0010309072120144314,-0.0013319506499358778,-0.004743505548515881,-0.006522978388819101,0.0004469000547186724,-0.0010309072120144314,-0.0013319506499358778
94,all,real,312,-0.01613263305658197,-0.04213405990540764,0.00709848041402817,-0.016607679747880813,-0.01718645580535257,0.0,0.0,0.0,0.0,0.0,0.0,0.0,0.0,0.0,0.0
94,target,baseline_cov,1,0.01967678864133582,-0.06723551607011513,0.016048107951511906,-0.026901935299999992,-0.038192045,0.0,0.0,0.0,0.0,0.0,0.0,0.0,0.0,0.0,0.0
94,target,halluc,1,0.01967678864133582,-0.06723551607011513,0.016048107951511906,-0.026901935299999992,-0.038192045,0.0,0.0,0.0,0.0,0.0,0.0,0.0,0.0,0.0,0.0
94,target,real,1,0.01967678864133582,-0.06723551607011513,0.016048107951511906,-0.026901935299999992,-0.038192045,0.0,0.0,0.0,0.0,0.0,0.0,0.0,0.0,0.0,0.0
94,non_target,baseline_cov,311,-0.016245723483025887,-0.042266032426254596,0.007090603239905658,-0.01654289687761677,-0.01721131838672026,0.0,0.0,0.0,0.0,0.0,0.0,0.0,0.0,0.0,0.0
94,non_target,halluc,311,-0.021003897525158854,-0.048809011613074715,0.0075397293874453035,-0.017577118903817742,-0.018547551836173615,-0.004758174042132968,-0.006542979186820119,0.00044912614753964564,-0.0010342220262009733,-0.0013362334494533556,-0.004758174042132968,-0.006542979186820119,0.00044912614753964564,-0.0010342220262009733,-0.0013362334494533556
94,non_target,real,311,-0.016245723483025887,-0.042266032426254596,0.007090603239905658,-0.01654289687761677,-0.01721131838672026,0.0,0.0,0.0,0.0,0.0,0.0,0.0,0.0,0.0,0.0
95,all,halluc,312,-0.058414485018491336,-0.09239797097303892,0.014800585195032603,-0.029018919634850936,-0.030860507650064112,-0.0080410767838891,-0.014681468507112716,0.0008617980517133406,-0.0024749313047403784,0.001657977572275652,nan,nan,nan,nan,nan
95,all,real,312,-0.050373408234602235,-0.07771650246592621,0.013938787143319262,-0.026543988330110558,-0.032518485222339764,0.0,0.0,0.0,0.0,0.0,nan,nan,nan,nan,nan
95,non_target,halluc,312,-0.058414485018491336,-0.09239797097303892,0.014800585195032603,-0.029018919634850936,-0.030860507650064112,-0.0080410767838891,-0.014681468507112716,0.0008617980517133406,-0.0024749313047403784,0.001657977572275652,nan,nan,nan,nan,nan
95,non_target,real,312,-0.050373408234602235,-0.07771650246592621,0.013938787143319262,-0.026543988330110558,-0.032518485222339764,0.0,0.0,0.0,0.0,0.0,nan,nan,nan,nan,nan
96,all,halluc,300,0.08030242533330867,-0.011893484253882813,0.007031941749865274,-0.006371130844411699,-0.007964861889513338,-0.007564813517250357,0.00011508339480237328,0.00020730656033832087,-0.0010742451130853125,-0.0002759074593611339,nan,nan,nan,nan,nan
96,all,real,300,0.08786723885055903,-0.012008567648685187,0.006824635189526953,-0.005296885731326386,-0.007688954430152204,0.0,0.0,0.0,0.0,0.0,nan,nan,nan,nan,nan
96,non_target,halluc,300,0.08030242533330867,-0.011893484253882813,0.007031941749865274,-0.006371130844411699,-0.007964861889513338,-0.007564813517250357,0.00011508339480237328,0.00020730656033832087,-0.0010742451130853125,-0.0002759074593611339,nan,nan,nan,nan,nan
96,non_target,real,300,0.08786723885055903,-0.012008567648685187,0.006824635189526953,-0.005296885731326386,-0.007688954430152204,0.0,0.0,0.0,0.0,0.0,nan,nan,nan,nan,nan
97,all,halluc,308,0.008681583056051156,-0.04305264877874826,0.00959419945898895,-0.019651851740441716,-0.022726428859415584,-0.0013506476872020556,-0.0021085376001414025,0.00039366619120119115,-0.0006149367721490426,-0.0012499894800232884,nan,nan,nan,nan,nan
97,all,real,308,0.010032230743253212,-0.04094411117860686,0.00920053326778776,-0.019036914968292674,-0.021476439379392295,0.0,0.0,0.0,0.0,0.0,nan,nan,nan,nan,nan
97,non_target,halluc,308,0.008681583056051156,-0.04305264877874826,0.00959419945898895,-0.019651851740441716,-0.022726428859415584,-0.0013506476872020556,-0.0021085376001414025,0.00039366619120119115,-0.0006149367721490426,-0.0012499894800232884,nan,nan,nan,nan,nan
97,non_target,real,308,0.010032230743253212,-0.04094411117860686,0.00920053326778776,-0.019036914968292674,-0.021476439379392295,0.0,0.0,0.0,0.0,0.0,nan,nan,nan,nan,nan
98,all,halluc,304,-0.018002884457530732,-0.08818521547670266,0.011678707502810255,-0.016370747552402712,-0.02318803873055444,-0.00875248086589031,-0.022025458908825346,0.0010234682492752875,-0.0018382480699250022,-0.003405516255374986,nan,nan,nan,nan,nan
98,all,real,304,-0.009250403591640421,-0.06615975656787731,0.010655239253534968,-0.01453249948247771,-0.019782522475179455,0.0,0.0,0.0,0.0,0.0,nan,nan,nan,nan,nan
98,non_target,halluc,304,-0.018002884457530732,-0.08818521547670266,0.011678707502810255,-0.016370747552402712,-0.02318803873055444,-0.00875248086589031,-0.022025458908825346,0.0010234682492752875,-0.0018382480699250022,-0.003405516255374986,nan,nan,nan,nan,nan
98,non_target,real,304,-0.009250403591640421,-0.06615975656787731,0.010655239253534968,-0.01453249948247771,-0.019782522475179455,0.0,0.0,0.0,0.0,0.0,nan,nan,nan,nan,nan
99,all,baseline_cov,308,-0.025337164308844362,-0.023956608252717726,0.0067456998127431,-0.011433358603494292,-0.016523928481881146,0.00019816818996798435,0.0001786058116554079,0.0,1.016702038867702e-05,1.0167020388661407e-05,0.0,0.0,0.0,0.0,0.0
99,all,halluc,308,-0.03035841411849316,-0.03276274487683928,0.0070233347762702104,-0.011702545046516891,-0.018075328480857477,-0.0048230816196808135,-0.008627530812466144,0.0002776349635271102,-0.00025901942263392187,-0.0015412329785876693,-0.005021249809648798,-0.008806136624121552,0.0002776349635271102,-0.0002691864430225989,-0.0015513999989763307
99,all,real,308,-0.025535332498812346,-0.024135214064373134,0.0067456998127431,-0.011443525623882969,-0.016534095502269808,0.0,0.0,0.0,0.0,0.0,-0.00019816818996798435,-0.0001786058116554079,0.0,-1.016702038867702e-05,-1.0167020388661407e-05
99,target,baseline_cov,1,-0.1400814439615501,-0.15265778163285737,0.022736643258704167,-0.034882568506499956,-0.0894076636565,0.001268927677316789,0.0007504433041360947,3.469446951953614e-18,7.383634350000001e-05,7.383634350000001e-05,0.0,0.0,0.0,0.0,0.0
99,target,halluc,1,-0.1400814439615501,-0.14499346713774475,0.02258894846495994,-0.03685313849999995,-0.09006584,0.001268927677316789,0.008414757799248718,-0.00014769479374422342,-0.001896733649999996,-0.0005843399999999888,0.0,0.007664314495112623,-0.0001476947937442269,-0.001970569993499996,-0.0006581763434999888
99,target,real,1,-0.14135037163886688,-0.15340822493699346,0.022736643258704163,-0.034956404849999956,-0.0894815,0.0,0.0,0.0,0.0,0.0,-0.001268927677316789,-0.0007504433041360947,-3.469446951953614e-18,-7.383634350000001e-05,-7.383634350000001e-05
99,non_target,baseline_cov,307,-0.02493942734664567,-0.023585576485704585,0.006733619210051093,-0.011430394937849324,-0.016473476044830272,0.000194205477742182,0.0001750293582885032,8.673617379884035e-19,9.959628456719313e-06,9.959628456700231e-06,0.0,0.0,0.0,0.0,0.0
99,non_target,halluc,307,-0.029979046389207342,-0.032805093367396676,0.007014574315678075,-0.011689306103997404,-0.018023285674606197,-0.00484541356481949,-0.009044487523403588,0.00028095510562698225,-0.0002489515376913609,-0.0015398500013192248,-0.005039619042561672,-0.009219516881692091,0.0002809551056269814,-0.0002589111661480802,-0.001549809629775925
99,non_target,real,307,-0.025133632824387853,-0.023760605843993088,0.0067336192100510926,-0.011440354566306044,-0.016483435673286972,0.0,0.0,0.0,0.0,0.0,-0.000194205477742182,-0.0001750293582885032,-8.673617379884035e-19,-9.959628456719313e-06,-9.959628456700231e-06
