avg_epoch_s,eval_acc,eval_bce,eval_g_neg,eval_g_pos,eval_sep,graphs_per_s,mode
7.397982822963968,0.47844827586206895,,1.9412731230258942,1.9540450274944305,0.012771904468536377,62.26170431995621,ff_layerwise
6.1631091352319345,0.6120689655172413,,1.9565252363681793,1.9947878420352936,0.03826260566711426,74.66171067537705,ff_e2e
5.521425322862342,0.8017241379310345,0.5734249800443649,1.9854477643966675,1.9843271374702454,-0.0011206269264221191,83.33048889715029,backprop
