avg_epoch_s,eval_acc,eval_bce,eval_g_neg,eval_g_pos,eval_sep,graphs_per_s,mode
3.0816428335383534,0.4870689655172414,,1.9426054954528809,1.9555965960025787,0.012991100549697876,149.28439370160163,ff_layerwise
1.8952558434102684,0.646551724137931,,1.9415182173252106,1.9956205487251282,0.0541023313999176,242.71839667360194,ff_e2e
1.2639780419413,0.7112068965517241,0.6438488811254501,1.9556744396686554,1.9521614015102386,-0.003513038158416748,363.97088116522355,backprop
