avg_epoch_s,eval_acc,eval_bce,eval_g_neg,eval_g_pos,eval_sep,graphs_per_s,mode
3.0850085940910503,0.4870689655172414,,1.9426054954528809,1.9555965960025787,0.012991100549697876,149.1126197169741,ff_layerwise
2.003698708373122,0.646551724137931,,1.941518634557724,1.9956212043762207,0.054102569818496704,229.81138488655404,ff_e2e
1.2737657291581854,0.7112068965517241,0.6438496261835098,1.9556679427623749,1.9521532356739044,-0.003514707088470459,361.1394634906719,backprop
