{
  "corr_real_hall": 0.990829948510242,
  "mae": 0.0027710921900102425,
  "rmse": 0.0036041367338000853,
  "kl_divergence": 0.022500644398648538,
  "js_divergence": 0.0015482843680650591,
  "tail_abs_p99_real": 0.08301435650000001,
  "tail_abs_p99_hall": 0.08350511300000002,
  "tail_ratio_p99": 1.0059117063685243
}