ticker,series,t,r0,r1,r2,r3,r4,r5,r6,r7,r8,r9,r10,r11,r12,r13,r14,r15,r16,r17,r18,r19
AA,real,2893,-0.017207973,0.0045572007,0.042723794,-0.022618089,0.002966481,0.005022909,0.010262515,-0.017657904,-0.034434088,0.046533983,0.0014656312,0.015981743,0.010324152,0.045728624,-0.06096537,0.02996372,-0.01501232,-0.005724114,-0.06400288,0.021193648
AA,halluc,2893,-0.5055046,0.34210017,0.4697937,-0.246427,0.27897033,0.4019572,0.24534795,-0.5720663,-0.5917648,0.36214373,0.53773767,0.47153416,0.29939052,0.57508355,-0.6030739,0.33380735,0.09411277,0.19411701,-0.60705036,0.32686344
ACHC,real,2893,-0.015201446,0.010377762,0.03240191,0.0035362502,0.004779282,-0.0007531066,-0.00591904,-0.01861349,-0.0147785945,0.0036501149,0.03402733,-0.005802236,-0.05259245,-0.037909575,0.041901596,-0.029788576,0.01682308,0.008173155,-0.00053390284,-0.0058918223
ACHC,halluc,2893,-0.026695319,0.5264305,0.5801786,0.33487946,0.5203543,0.37821904,0.36670375,-0.52860504,0.5290127,0.45866868,0.42648962,0.42797613,-0.37342814,-0.3646592,0.57122785,-0.47450668,0.57515043,0.49058637,0.43039086,0.45817822
ACM,real,2893,-0.0064505003,0.0010583878,0.0073775146,-0.030563857,0.01953606,-0.0009441757,0.012263613,-0.0048620487,0.0038684767,0.0039701127,0.00789325,0.009436203,-0.0047069713,0.008137114,-0.011133544,0.007817929,0.011387051,0.0042933067,0.0027020958,-0.005637629
ACM,halluc,2893,-0.18357961,0.54712707,0.55464727,-0.0685422,0.5670054,0.55343735,0.55842793,0.013220027,0.47552747,0.55115485,0.55370146,0.5559981,0.55260766,0.5617566,-0.09810687,0.56110597,0.55889606,0.5509605,0.16077352,0.43846092
ADC,real,2893,-0.0056735566,0.007964509,0.00015254367,-0.008732342,0.011104643,-0.0012226809,0.006554402,0.007115313,-0.009549144,-0.008411765,-0.0049268766,0.010593482,0.0007633006,0.00045770084,-0.0006103143,0.0030478537,-0.0036585408,0.010028955,0.010527996,0.006858533
ADC,halluc,2893,0.09885204,0.2882236,0.24507244,-0.005147785,0.12598059,0.1692979,0.18218124,0.18882614,0.14762996,0.15094994,0.0016797893,0.089902684,0.16010025,0.22836299,-0.10752575,-0.15323094,-0.08310421,0.29723948,0.27455747,0.12002334
ADNT,real,2893,-0.022712702,0.008543528,0.02546873,0.011437816,0.01782485,-0.0044265143,0.01784607,-0.013419556,-0.0010397714,0.017019494,0.032946523,0.024197686,0.021264689,-0.0054521887,-0.010033529,-0.0050547705,0.010800537,0.0061875493,-0.002375298,-0.0011897681
ADNT,halluc,2893,-0.31872964,0.5568196,0.5802053,0.5038698,0.5724469,0.5432981,0.5574664,-0.27074617,-0.014961056,0.5731846,0.59091866,0.569311,0.5722772,0.54292095,-0.08492862,0.5273021,0.5596089,0.52142406,0.4541547,0.055232104
AFG,real,2893,-0.009606387,0.0116529465,0.0039109043,-0.01255193,0.013145729,0.0070140143,0.0060448507,-0.016371673,-0.0010215375,0.017058343,-0.014591412,8.4958156e-05,-0.00306305,0.0018830679,-0.018905133,0.012384864,0.010361012,0.0061146687,0.013873346,0.0034176668
AFG,halluc,2893,0.016935326,0.51726425,0.50434935,0.33678946,0.5196046,0.5190882,0.45534772,-0.13448668,0.28466618,0.52265644,0.47666457,0.49929327,0.48752186,0.48930073,0.034602582,0.503596,0.51463544,0.48029694,0.44228232,0.47355363
AIRC,real,2893,-0.028426822,0.022631384,0.018428395,0.0011405761,0.020031704,0.008067925,0.012665368,-0.004936927,-0.0024776338,-0.0069147004,-0.0072423713,0.012501899,0.004682559,0.004113539,-0.00027371015,-0.021583572,-0.006172859,0.014252023,0.005809949,0.006324784
AIRC,halluc,2893,0.4165931,0.5290649,0.5298457,0.5002415,0.53173876,0.52632684,0.49836636,0.38271725,0.47742015,0.52695435,0.48138502,0.5042992,0.5168103,0.49955675,0.45530725,0.44373643,0.49830878,0.53103274,0.5080461,0.524902
ALGM,real,2893,-0.021108963,-0.006079046,0.038047418,-0.012522314,0.033203892,0.03746771,0.00221288,-0.015145056,-0.019488493,0.006386883,0.041422088,0.011495626,0.017105399,0.08840606,-0.03274454,0.04143941,0.014135861,-0.010487273,-0.04991213,-0.0016132288
ALGM,halluc,2893,-0.16130224,0.54871637,0.59136814,0.3105187,0.5930512,0.584882,0.5285333,-0.2931573,-0.27941477,0.5629224,0.5950995,0.5688892,0.57287073,0.64327836,-0.36642995,0.5969191,0.559628,0.17877941,-0.40722132,0.47689274
ALV,real,2893,-0.015263802,0.0010893906,0.024733922,-0.0031916806,0.0047247903,0.0021188944,0.0004702563,-0.0022356897,0.0045836596,0.025698833,0.009554213,0.020281943,0.025949888,0.008502446,-0.007530156,-0.0069346903,0.0160711,-0.0020350246,0.0,0.09709227
ALV,halluc,2893,-0.50782585,0.0026405752,0.52415174,-0.08304122,0.49186406,0.45851147,0.35450035,-0.3388071,-0.30772054,0.1281042,0.5163037,0.52269,0.13618593,0.016155712,-0.5244701,-0.3099021,-0.36672285,-0.14464878,-0.37327042,0.61721337
AMED,real,2893,-0.0015337426,-0.0023050336,0.006462589,0.0010912267,-0.0012004148,-0.0015298878,-0.0009847367,-0.00076657726,0.00032860506,-0.0013150687,-0.0028552623,0.00076952676,-0.005509656,0.0,0.005289851,0.00054942037,0.0035091604,0.000109463086,0.00021889023,-0.0017524648
AMED,halluc,2893,0.41088435,0.004371981,0.31140578,-0.29765928,-0.36480886,-0.3211257,-0.065402985,0.19097541,0.49508184,-0.32602125,-0.44208866,-0.22818066,-0.51450557,-0.51781994,0.5061613,0.30831584,0.48940462,0.16373771,0.4613107,-0.25799245
AMG,real,2893,-0.008707519,0.012031161,0.010452578,-0.006313499,0.034640186,-0.0032637322,0.0063179806,-0.013952628,-0.012719203,0.02295238,0.011906478,0.009163567,0.02541065,0.011933844,-0.02067421,0.008930909,0.026756821,0.0036414175,-0.00030808095,-0.000863132
AMG,halluc,2893,-0.33895037,0.56939715,0.5597613,-0.11530684,0.58587295,0.5575803,0.5655371,-0.3698297,-0.35767895,0.57610303,0.55880845,0.5611284,0.58065015,0.54763186,-0.5352651,0.5667616,0.58113486,0.11822713,0.31921378,-0.18285938
AMKR,real,2893,-0.016086137,0.01760474,0.10812604,-0.00034054148,0.010503231,0.0026926978,-0.0067453883,-0.037584152,-0.03467729,0.016594898,-0.001432152,-0.0017930792,0.031793565,0.027436564,-0.012253387,0.013943433,0.0063962513,-0.013513719,-0.04486929,-0.0042780815
AMKR,halluc,2893,-0.552368,0.3472316,0.620044,-0.5386518,0.13090572,0.29872078,-0.54480964,-0.58919525,-0.58605045,0.21375468,0.34797767,0.30586004,0.39075425,0.3826101,-0.55814344,0.34099025,0.2777303,-0.49883914,-0.5938176,-0.52654016
AR,real,2893,-0.024164744,0.038750235,0.010353457,-0.00944889,0.033343833,0.0069717057,0.004332762,-0.00781254,-0.0468313,0.024803977,0.022898402,0.03507631,0.002518893,-0.013083115,-0.041193772,0.01056813,0.057036735,-0.0066417847,0.031162834,-0.021629082
AR,halluc,2893,-0.56314236,0.57445467,0.53944767,-0.17454177,0.56572795,0.12614553,0.074410975,-0.52186006,-0.58601165,0.5243187,0.54291236,0.5715793,0.3079539,-0.25823432,-0.5870266,0.5277662,0.59986836,-0.09169029,0.5642548,-0.4132617
ARMK,real,2893,-0.017659388,0.0323053,0.028424118,0.0016752427,0.020590007,0.00839753,-0.009100518,-0.011552645,-0.022785492,0.027752977,0.0032980007,-0.0018832397,-0.004013699,0.00070947147,-0.0111733,0.039606817,-0.0166825,0.0048945444,-0.006297397,-0.0014048235
ARMK,halluc,2893,-0.5332344,0.572508,0.5561437,-0.4884746,0.55042297,0.53372693,0.46372265,-0.509458,-0.53964055,0.5504499,0.5319943,0.5222062,0.53553987,0.53505665,-0.51021266,0.5806021,0.5105944,-0.4955227,-0.5103482,0.48420057
ARW,real,2893,-0.015864022,0.00022206595,0.014329525,0.0017495266,0.030343397,0.011940021,0.0057087317,-0.00703615,-0.0068748076,0.01203485,0.0034715026,0.007319969,0.00068780524,0.0041853986,-0.022293918,0.0034247807,0.01255,-0.009902099,-0.015286744,-0.014806649
ARW,halluc,2893,-0.1375755,0.5511313,0.5715661,0.2907523,0.5845456,0.568505,0.55940294,-0.09641972,0.11960029,0.5675211,0.55959034,0.56402886,0.55807203,0.5610236,-0.22435032,0.5594424,0.5669214,0.5416022,0.047346856,0.46311334
ARWR,real,2893,-0.008758355,-0.0017040618,0.025260955,0.023014715,-0.027180808,-0.0075429888,-0.013836166,-0.00056882825,-0.017506545,-0.035960257,0.0196143,0.0090816505,-0.010848955,0.016664617,0.0031842552,0.002886005,0.00832262,-0.012076053,0.0072056805,0.03554676
ARWR,halluc,2893,-0.30916408,0.4341869,0.56509316,-0.041747093,-0.09020332,-0.047271084,-0.28519443,-0.2875221,-0.33790633,0.2795691,0.5667813,0.33970645,-0.24301726,0.34220326,-0.25356802,0.41517755,0.41894144,-0.33205476,-0.19823474,0.0439936
ASB,real,2893,-0.018999938,0.017116107,0.011250119,0.0031027019,0.012315427,-0.006754708,0.022541314,-0.010902591,-0.012255055,0.038105607,0.008274279,0.0,0.019814167,0.014891455,-0.028252095,0.015090246,0.045603175,0.02982059,-0.016698476,-0.0038095284
ASB,halluc,2893,-0.5680885,0.2976722,0.28192687,-0.26091877,0.32308057,0.11978595,0.33465052,-0.33755675,-0.49298114,0.59738207,0.24877632,0.34395677,0.32304814,0.5713507,-0.55680025,0.27953207,0.6055279,0.34900266,-0.35668838,-0.10691311
ASGN,real,2893,-0.002981898,0.023193112,0.020899978,0.006239847,0.019683303,0.002780538,-0.002449116,-0.0025880104,-0.010419544,-0.002958582,0.014706148,0.021921203,0.008275196,0.022158043,-0.0053037126,0.014206034,0.033631053,0.011759195,-0.034218334,-0.01329625
ASGN,halluc,2893,-0.36076194,0.45491305,0.5102684,-0.3119465,0.5329946,-0.15117761,0.029768415,-0.34582013,-0.52592266,0.30734268,0.5067424,0.54081374,0.4142326,0.5619029,-0.37151137,0.45559183,0.5602622,-0.22560698,-0.56861454,-0.50375193
ASH,real,2893,-0.021129671,0.012008149,0.005171078,0.005621688,0.038950015,-0.0029871345,0.004820946,-0.016277416,-0.010412496,0.020372044,-0.0038099682,0.014697704,0.0064761913,-0.0044265436,-0.009945781,0.011877709,0.023673063,0.010917018,-0.011360625,0.0060824077
ASH,halluc,2893,-0.04185566,0.530243,0.52610826,0.43535107,0.5477527,0.5162499,0.51599675,-0.029703885,0.09091441,0.53850836,0.5180371,0.5320849,0.5328443,0.50853294,-0.053845525,0.5314742,0.5413511,0.51207334,0.423113,0.40580168
ATR,real,2893,-0.010754688,0.006889269,0.009722847,-0.010515344,0.01103822,0.009365313,0.005766185,-0.031292047,-0.004170185,0.011668125,0.0059581357,0.009044326,0.0117051,0.0011971953,0.011386935,0.0076596476,-0.0015104476,0.00025189974,0.0018453285,0.004264755
ATR,halluc,2893,0.11390515,0.4537788,0.45627463,0.2820338,0.45633572,0.46153152,0.36526856,-0.19652054,0.29026252,0.4686507,0.4478038,0.4433713,0.4646096,0.4516172,0.33943278,0.4463159,0.44049528,0.4431374,0.33047596,0.32712764
AVT,real,2893,-0.00864346,-0.002119543,0.007398829,0.008180434,0.036710776,0.015782967,-0.0071613593,-0.007011949,-0.009088217,0.0064712055,-0.0046469425,0.013277202,-0.00059970014,0.0119262,-0.029272338,0.0010167769,0.008500354,-0.016868604,-0.018201122,-0.012391211
AVT,halluc,2893,-0.1731396,0.5381503,0.55435413,0.17724481,0.57775694,0.5483071,0.32735312,-0.18080387,-0.12383219,0.54933834,0.53677297,0.5662793,0.5321176,0.5461383,-0.23586348,0.54279006,0.5512458,0.054947875,-0.14067455,-0.03381775
AXTA,real,2893,-0.021499405,0.012071303,0.021553231,0.000926641,0.0049276357,0.007955979,0.00060938456,-0.024045547,-0.01635771,0.02876097,0.0027696586,0.014946138,0.015024321,-0.005082983,-0.020900352,0.0064073447,0.008781283,-0.0051382915,-0.027340053,0.016064603
AXTA,halluc,2893,-0.27499092,0.5333827,0.56459457,0.40116885,0.5511967,0.55283785,0.4766396,-0.30278766,-0.18425795,0.5604776,0.549106,0.5586306,0.55095327,0.5268238,-0.30787176,0.52483374,0.51667553,0.34953448,-0.21367961,0.557055
AYI,real,2893,0.015910784,0.00081075187,0.007143553,-0.00558626,0.0111414865,0.0038090604,0.001868501,-0.025571292,-0.014865695,0.029204197,0.02203811,0.006337348,0.0056993887,0.0072718924,-0.016889663,0.002897288,0.015490277,-0.0050572767,-0.005742673,-0.01596454
AYI,halluc,2893,-0.50778073,0.5401024,0.5403449,-0.00466476,0.5417056,0.35949105,0.51274014,-0.5784888,-0.52498144,0.56719047,0.5387751,0.5387576,0.5312238,0.368702,-0.54071283,0.35128292,0.55418396,-0.16312462,0.22055766,-0.21705085
AZPN,real,2893,-0.011860505,-0.00301808,0.017064113,-0.0072426596,0.008575913,0.01496737,-0.0047244653,0.0070485924,-0.0066889883,0.013451783,0.019032577,0.016340045,0.03123674,-0.015833525,-0.0027010315,-0.0019741117,-0.0023174982,0.010862636,-0.018702695,-0.018768542
AZPN,halluc,2893,-0.5548118,-0.39902434,0.3265554,-0.50590193,-0.062042564,-0.134537,-0.4377335,-0.54023397,-0.5492155,-0.07519792,0.5308877,-0.14682816,0.07038279,-0.29054713,-0.55794686,-0.16879255,-0.46740928,-0.46811777,-0.5640631,-0.50581217
BC,real,2893,-0.015972817,0.02083664,0.012176894,-0.0042029484,0.019779032,0.02193787,0.0026511457,-0.021526225,-0.023323284,0.019906493,0.0088127,0.032231152,0.005647818,-0.0054212916,-0.05123369,0.009491114,0.006121267,0.019754302,-0.015888998,0.0082659535
BC,halluc,2893,-0.50597394,0.5365644,0.52202004,-0.23435777,0.5376378,0.53265023,0.4885338,-0.37971374,-0.50906616,0.5424856,0.5267022,0.55552167,0.4952653,0.46134883,-0.5564244,0.5170467,0.5264605,0.50072587,-0.2860398,0.5198145
BERY,real,2893,-0.014202744,0.008003885,0.023634313,-0.009072485,0.003920651,0.007018667,0.0063521788,-0.019651288,-0.0012608354,0.018128328,0.006637363,0.01192857,0.007572352,-0.008180624,-0.008401485,0.007031518,0.015267472,0.0,-0.00060024014,0.0028479372
BERY,halluc,2893,0.0018298998,0.54509443,0.559029,0.31914932,0.54352134,0.5488674,0.5382034,-0.31607693,0.1887069,0.55758387,0.5425521,0.54482627,0.5391597,0.49182802,0.15817714,0.45094424,0.55418104,0.4274942,0.49067193,0.39323965
BJ,real,2893,0.012480162,-0.009104767,0.0048023146,0.00668473,-0.0078032087,0.007327207,-0.0022243415,0.01781398,0.00405427,-0.00796817,0.014173589,0.013517871,-0.0021383849,-0.03500941,-0.006673047,0.016129382,-0.0118344575,0.0118344575,0.0060990104,0.015009953
BJ,halluc,2893,-0.01227295,-0.5351468,-0.49551016,-0.18127567,-0.5145509,-0.19993871,-0.4544036,0.3274442,-0.17825505,-0.5477184,-0.09441887,-0.45957038,-0.4991063,-0.5726238,-0.15500537,-0.3433327,-0.54859513,-0.52829343,-0.35737792,-0.21036644
BKH,real,2893,-0.026544359,0.011866104,0.0018258782,-0.012180012,0.0126774,-0.0011609588,0.0016581002,-0.0016581002,-0.016227877,-0.02476008,-0.010602341,0.016807118,0.024105733,0.012998017,-0.017200056,-0.008627306,0.011654553,0.009858882,0.018125392,0.00048975594
BKH,halluc,2893,0.44341266,0.48213422,0.46521536,0.41933888,0.46985084,0.43686888,0.39531446,0.39078054,0.36855894,0.44153854,0.42629185,0.45859566,0.48234195,0.44847536,0.33863652,0.43037486,0.45935267,0.48347718,0.47236148,0.44756192
BLD,real,2893,0.0036739788,-0.0032339876,0.03582191,-0.0001543448,0.013796493,0.012406544,-0.0055412245,-0.0020811663,-0.014344821,0.0054034507,0.022261355,0.0032838301,0.027594293,0.003906396,0.0027398265,0.003234853,-0.0021913683,-0.014197993,-0.025379542,-0.0014602642
BLD,halluc,2893,0.22355886,0.38663882,0.56309783,0.3168222,0.55058163,0.50075,0.16241464,-0.17551966,-0.23100501,0.5026394,0.5604195,0.5340555,0.5546508,0.5171149,0.3294516,0.5413927,0.35634115,0.12769611,-0.34523892,0.38324183
BLDR,real,2893,7.843445e-05,0.0050070514,0.040978063,0.016050277,0.0042662807,-0.0021308654,0.0020574627,0.0016136133,-0.042441726,0.017884685,0.01653669,0.00029546462,0.027750224,0.004801328,0.008577634,0.013412152,0.02425073,-0.015477523,-0.036354806,-0.0019429359
BLDR,halluc,2893,-0.00087764114,0.5184933,0.56672406,0.49290404,0.52396363,0.51745623,-0.45311958,-0.5234811,-0.56671375,0.5353633,0.54651535,0.52341115,0.5574332,0.5386747,0.39466026,0.539117,0.53058743,-0.25173017,-0.55582196,0.26221156
BLKB,real,2893,-0.013045845,-0.0111733,0.0004376687,0.0024765108,0.020735085,0.014291011,0.0023854638,-0.0009815608,-0.00070170517,0.024408368,0.0106297,0.0024370442,0.0063355337,0.01876927,0.009580755,0.013750379,0.0021877622,0.008703498,-0.03382685,-0.018358903
BLKB,halluc,2893,-0.5727661,-0.25423557,-0.0018525571,-0.55423415,0.15374464,-0.47614753,0.043514825,-0.55363727,-0.55952555,0.14710954,-0.09555175,0.16118893,-0.18204571,0.21141309,-0.5471293,-0.027975425,0.3369621,-0.5245625,-0.59222835,-0.57769924
BRBR,real,2893,-0.028456092,-0.0005552471,0.002219141,-0.0019414789,0.008018846,0.007955055,0.0054496047,-0.015058463,-0.026839744,-0.01945698,0.009775811,-0.0014316394,0.016482329,0.0075811115,0.016919,-0.00027506534,-0.015525679,-0.013785561,0.0070571923,0.0025284463
BRBR,halluc,2893,0.0035152733,0.45812201,0.11104132,0.43719092,0.46526685,0.47565323,0.3028834,-0.031504657,-0.3399303,0.4701501,0.47209573,0.13286194,0.49659744,0.45025098,0.42857185,0.44636962,0.25123224,0.17499766,0.31424966,0.49844187
BRX,real,2893,-0.019075448,0.023317736,0.020023951,-0.011126679,0.024408303,0.00090950436,0.012343035,0.00045423576,-0.00045423576,-0.005923918,0.0036496392,0.019838342,0.0044543506,0.004434597,-0.003546103,0.0057560485,0.00044140368,0.015327648,0.0039037135,0.0017301042
BRX,halluc,2893,0.4699569,0.5386294,0.53390986,0.46354535,0.5327903,0.5142751,0.5272572,0.48089015,0.5000682,0.51528776,0.5025311,0.5256668,0.5137494,0.5089683,0.4266061,0.47765988,0.51091444,0.5366813,0.49913332,0.5116901
BYD,real,2893,-0.018523231,0.013587166,0.020775342,0.0017608221,0.011950011,0.0049133045,-0.0054929308,-0.02807563,-0.006280864,0.017841686,0.026179506,0.004583222,0.0021411756,0.018367287,0.0058626635,-0.011196758,0.014531484,0.01021262,-0.0068889773,-0.00096825516
BYD,halluc,2893,-0.32752582,0.4808738,0.5207645,0.007351741,0.5251857,0.44342992,0.15535858,-0.35717106,-0.20038825,0.525479,0.52790904,0.50986683,0.39407972,0.39385092,-0.02489125,0.26175684,0.48769853,0.2761151,-0.30506563,0.07817544
CABO,real,2893,0.0010243884,0.010623063,0.03762314,0.012855488,-0.031444255,0.004759589,-0.012049537,0.0017544404,-0.014294033,0.019187093,-0.019717555,0.012962226,-0.009550343,0.010812756,-0.011544006,0.007535737,0.051276304,0.053251255,0.03048954,-0.019075707
CABO,halluc,2893,-0.072514355,0.14047725,0.19260532,-0.11690733,0.28955942,-0.020637095,0.18099527,0.27146116,0.08918066,0.14299634,0.064592384,0.27617967,0.12628415,0.047668196,-0.008593342,0.1735713,0.44195554,0.07571673,0.14098668,0.26512018
CACI,real,2893,-0.013734485,0.0081605865,0.01114678,0.0051853736,0.005838524,0.007184531,0.00070389494,0.0016990367,-0.005517741,0.007914913,-0.0015194907,0.017135076,-0.003397838,0.0061536888,-0.004539716,-0.0013255723,0.0023905197,-0.009480388,0.008386642,-0.002566359
CACI,halluc,2893,-0.5303767,0.5205869,0.5273507,0.43694463,0.52242494,0.51375574,-0.46821326,-0.507449,-0.50242674,0.5294459,0.50235766,0.543667,0.3283376,0.42373842,-0.36988428,0.3431688,0.52375406,-0.5172061,0.51514745,0.18912974
CADE,real,2893,-0.035919715,0.0041710176,0.013436895,0.006141268,0.014184635,-0.012145898,0.024146043,-0.017043019,-0.032890942,0.024259254,0.013171417,0.012503289,0.038991295,0.011879446,-0.022934593,0.016774897,0.046433598,0.034340054,-0.007480783,0.004407235
CADE,halluc,2893,-0.022599917,0.47756994,0.49246386,0.33556053,0.4926664,0.444429,0.4879546,-0.018614925,0.08689234,0.5410189,0.46712875,0.4714052,0.50036705,0.52264017,0.07236427,0.48090136,0.5556586,0.49353307,0.2160224,0.27556035
CALX,real,2893,-0.008404272,-0.017651793,0.017034063,0.007592116,0.031787027,-0.011751953,-0.006432183,0.003020238,-0.037693933,0.026168177,0.008303845,0.0056315516,-0.0018066852,0.022254048,-0.025474014,-0.006065526,-0.000608581,-0.0059021236,-0.029413885,-0.025333978
CALX,halluc,2893,-0.5443694,-0.5300735,0.3642714,-0.5326224,0.374273,0.3280227,0.35325044,-0.5309737,-0.5728221,0.38278994,0.33071515,0.5122439,0.28679362,0.38751125,-0.5557247,0.29588822,0.26487684,0.23185457,-0.5686619,-0.5610366
CASY,real,2893,0.004997779,-0.0071473545,0.020719923,0.033295386,0.017139066,0.018081132,-0.0023810512,0.00887949,-0.0063344375,-0.0053438693,-0.0010722092,0.009240882,-0.0050000106,-0.0015213506,0.0006581654,0.022887643,0.027510852,-0.004860277,0.0063059567,-0.00019524005
CASY,halluc,2893,-0.5059754,-0.2618564,-0.3966879,0.050516352,0.23120055,0.20791996,-0.5457137,-0.5347652,-0.5504278,-0.38673076,-0.07253733,0.2572675,-0.33147433,-0.43112597,-0.416429,0.3490731,0.38931438,-0.55343544,-0.53752255,-0.54721534
CATY,real,2893,-0.002220461,0.013249405,0.0112185655,-0.008402104,0.020415185,-0.014495242,0.017552413,-0.0073529743,-0.016744576,0.03048735,0.0057462733,0.008707456,0.016896801,0.009362268,-0.024765417,0.019802628,0.035081226,0.02345821,-0.010822916,-0.0055959853
CATY,halluc,2893,-0.5587412,0.10331702,0.15065807,-0.4522976,0.07734423,-0.117887035,0.055406418,-0.4763502,-0.56346834,0.22225815,0.039942306,0.046544544,0.016210422,0.12632723,-0.5779105,0.043692168,0.15047719,-0.10021435,-0.37602833,-0.36629966
CBSH,real,2893,-0.014988876,0.020364655,0.010241182,-0.008741128,0.026831651,0.015103214,0.011534859,-0.004781534,-0.019774074,0.011787956,0.011853808,0.0022323702,0.0034402544,0.009650256,-0.021436615,0.012594113,0.028260587,0.05125405,-0.020529961,0.0003805175
CBSH,halluc,2893,-0.50742215,0.45600134,0.4580881,-0.18451324,0.4811981,0.22118054,0.34904355,0.06301746,-0.4230707,0.5090578,0.38120854,0.19553925,0.21681558,0.45424744,-0.44016585,0.22859496,0.5258635,0.4891115,-0.31780583,0.00018016435
CBT,real,2893,-0.026705299,0.009962723,0.006792246,-0.002156169,0.019542607,0.011275772,0.010706422,-0.019415185,-0.010612592,0.0242427,0.0050452696,0.012649087,0.011769115,0.006766023,-0.023957588,0.007758218,0.014476223,-0.00086268876,-0.0049026776,0.0023101368
CBT,halluc,2893,-0.43918866,0.5081347,0.5059437,0.23418215,0.5188257,0.52143645,0.48642176,-0.45894334,-0.096083865,0.5206762,0.5030877,0.50490385,0.5242279,0.49787024,-0.43212357,0.49825355,0.5104991,0.47690722,0.19377884,0.43492118
CC,real,2893,0.0014945451,0.01981434,0.022010734,0.012807917,0.014877467,0.027481806,0.010248202,-0.029958667,-0.005544788,0.028773049,0.005656581,0.012810423,0.016046641,0.012448293,-0.012970351,-0.0010449322,0.008069809,0.0,-0.006241893,0.0028657047
CC,halluc,2893,-0.13495542,0.5648579,0.56446093,0.14855424,0.5604001,0.57294047,0.55371916,-0.5312061,-0.10914786,0.5733554,0.5506975,0.5575729,0.5637891,0.53241426,-0.18867387,0.5265288,0.55523217,0.18959738,0.5001563,0.3247812
CCK,real,2893,-0.020319331,0.0018643679,0.017654644,-0.02583704,0.016990982,0.002420332,0.01508083,-0.04025992,-0.005445089,0.029357117,-0.007984768,0.011436617,0.021589294,-0.00022484543,0.0049349586,-0.007975331,0.01466581,0.010612525,0.006576087,-0.008006624
CCK,halluc,2893,0.36652908,0.5307627,0.5463583,0.4767183,0.5486372,0.5263435,0.52345717,-0.23840207,0.43751335,0.5725654,0.47724396,0.51487494,0.5652197,0.5344223,0.43577322,0.49490923,0.5476002,0.55890167,0.5199467,0.51350343
CELH,real,2893,0.014968229,-0.019781308,0.02383703,-0.002391551,-0.010161194,0.0024159465,-0.0061857253,-0.002904328,-0.012181579,-0.00027391632,0.023755051,-0.025262933,0.027400829,-0.0075699575,0.029158516,-0.0078683775,-0.049731955,0.005244285,-0.012395851,-0.00090627075
CELH,halluc,2893,0.5594332,0.19943792,0.39954746,0.5291761,0.32893297,0.36691478,0.5278518,0.1579549,0.42587635,0.3085092,0.42583644,0.33623084,0.52704465,0.3916605,0.58476627,0.33455962,0.18079622,0.29830325,-0.25407064,0.38082704
CFR,real,2893,-0.015900718,0.009895839,0.0056246873,-0.011762029,0.03849532,-0.0047316505,0.025252707,-0.022281213,-0.0047400063,0.002419281,0.011825711,0.010870169,0.008053249,0.005123837,-0.02754344,0.014911314,0.026168713,0.015361285,0.0038254263,-0.0073158313
CFR,halluc,2893,-0.16102295,0.5074078,0.52228427,0.093474716,0.54280776,0.50156295,0.52785534,0.021058943,0.16803986,0.52870613,0.49123943,0.49468789,0.53181714,0.5073925,-0.07420504,0.51274407,0.5582759,0.51434845,0.32931268,0.24234712
CGNX,real,2893,-0.0041152323,0.0005621662,0.018744169,0.006597055,0.014146047,0.008785355,-0.0003570791,-0.017109828,-0.012061549,-0.0029460525,0.028718803,0.00035829452,0.018983983,0.0120536005,-0.0088951485,0.025598077,0.0062984293,-0.0059569576,-0.041120775,-0.0048141307
CGNX,halluc,2893,-0.4661765,0.17356738,0.36964968,-0.08391457,0.36694884,0.104644865,0.118935354,-0.5551261,-0.5545046,0.3158779,0.51547253,0.34374842,0.47286534,0.4374803,-0.5417926,0.5258539,0.14963914,-0.31770983,-0.58404505,-0.18979822
CHDN,real,2893,-0.024649668,0.0045826095,0.016775368,-0.0036785447,0.02187099,0.023776887,-0.017688029,-0.025180921,-0.014200707,0.01157219,0.006521029,-0.0077249417,-0.00414954,0.0075318576,0.0059103156,-0.009895133,0.010715324,-0.010866007,-0.009462957,0.013523418
CHDN,halluc,2893,-0.24707694,0.554497,0.5620062,0.05702548,0.5676312,0.51731795,0.28685302,-0.36709222,-0.19886598,0.5662143,0.5440334,0.5289966,0.53023195,0.5237944,-0.25119677,0.5030653,0.52012926,0.46016088,-0.17295894,0.53038013
CHE,real,2893,-0.014473889,0.0071715214,-0.005659387,-0.011863195,-0.0004849299,0.01046683,-0.005126935,-0.010708458,-0.0008256089,-0.009278534,0.0029135235,0.0032252313,0.002444989,0.0022328768,0.009142025,0.019513443,-0.0026626803,-0.0014254388,0.0074519115,0.019823983
CHE,halluc,2893,0.037953965,0.44185925,0.26487553,0.19619583,0.353871,0.43809026,0.29497048,-0.13425651,-0.06992315,0.374856,0.46155405,0.47438046,0.45434317,0.4777619,0.00878983,0.28354988,0.042177945,0.35422662,0.17605546,0.5669435
CHH,real,2893,-0.019122396,-0.0016996918,0.015282394,0.0051888777,0.033638358,-0.0032282756,0.00040503626,-0.000682361,0.0068027475,-0.0015265883,0.02024854,0.008530426,-0.0168826,0.012502247,-0.001077363,-0.0021582146,0.029637864,-0.0029892973,8.090942e-05,0.006451635
CHH,halluc,2893,-0.33385593,0.54960144,0.5756571,-0.16886355,0.5957628,0.5499265,0.35711285,-0.18762927,-0.1127455,0.5531006,0.58133984,0.5653762,0.53875124,0.5692806,0.00725336,0.5520548,0.5910327,0.483524,-0.26079133,-0.13869818
CIEN,real,2893,-0.012115486,0.0036500832,0.013989615,-0.0021580155,0.02137341,-0.0016460909,-0.0040089665,0.01407813,-0.012425432,0.018696502,-0.00023156189,0.019720886,-0.008436944,0.0029724499,-0.05490471,-0.00096525106,0.0038554266,0.013615402,0.002132955,0.0037807229
CIEN,halluc,2893,-0.5564144,0.27551436,0.16919503,-0.5161262,0.2384547,0.14752449,-0.1499475,-0.5304027,-0.56133115,0.5043268,0.21129306,0.53987795,-0.097996056,-0.13835096,-0.6030146,0.13701329,0.2692356,0.06912237,-0.35736406,0.116624326
CLF,real,2893,-0.010056653,0.020013176,0.02386164,-0.009110297,0.030050337,-0.007726636,-0.00089538883,-0.028776785,-0.039491188,0.040719688,0.009165967,0.025226563,0.012378585,0.004092376,-0.022419818,0.0035735595,0.0047449674,-0.009512557,-0.014440685,-0.031396855
CLF,halluc,2893,-0.55323154,0.36672533,0.5384252,-0.56470937,0.55453134,0.26633114,0.3391946,-0.573785,-0.5874555,0.5641576,0.51645553,0.5412237,0.34963056,0.30080327,-0.5660652,0.3364015,0.37223715,-0.21950126,-0.46312213,-0.5798771
CMC,real,2893,-0.0063873245,-0.010344584,0.0021558069,0.019387966,0.0055529103,0.008582056,0.015451598,-0.013175421,-0.005509656,0.015876349,0.0061688204,0.013880116,0.021994889,0.00555806,-0.01241358,-0.0010867597,0.022223137,-0.014820376,0.00035971223,-0.012303394
CMC,halluc,2893,0.15903811,0.46229836,0.49473545,0.489994,0.50443,0.50563705,0.46749473,-0.03733882,0.24947622,0.5094118,0.49673805,0.49595124,0.50830024,0.5075196,0.27235615,0.5091355,0.50311416,0.17635754,0.31201947,0.45470795
CNO,real,2893,-0.011203344,0.008972693,0.02600984,0.0069384496,0.016713481,0.0059322207,0.008414017,-0.016047642,-0.0012779555,0.013548048,-0.0075981794,0.009278852,0.010440688,0.009098492,-0.004538898,0.011922033,0.015409875,0.00881416,0.0071542435,-0.008351609
CNO,halluc,2893,0.016460724,0.4912033,0.5046545,0.44343814,0.48515925,0.4891233,0.4777191,-0.27792367,0.37374333,0.5108852,0.45797008,0.46868646,0.49084595,0.49548337,0.022167314,0.49464795,0.4844201,0.5068059,0.41519663,0.46231043
CNX,real,2893,-0.015448911,0.018392688,0.014010737,0.00462696,0.027320994,-0.005066152,0.005066152,-0.002248455,-0.014168557,0.006825965,0.013513719,0.0066889883,-0.0011117288,-0.0050181313,-0.019187948,0.015828483,0.017237013,0.010419617,0.0032679767,0.0037991905
CNX,halluc,2893,-0.16462693,0.55693984,0.5534248,0.09136215,0.5673012,0.45528504,0.416348,-0.07634592,-0.09477684,0.55413544,0.5614158,0.549159,0.52888924,0.24460754,-0.20564844,0.561622,0.5644053,0.3543225,0.51554704,0.057628345
CNXC,real,2893,0.0011036852,0.017013414,0.008877218,-0.002990254,-0.03275389,-0.0004952334,0.028927384,-0.011860238,-0.024774794,0.033984747,0.016509527,0.016241383,-0.008323124,0.03368179,-0.02069991,-0.006762297,-0.02295687,0.001793937,-0.015655426,0.019352729
CNXC,halluc,2893,0.0034683384,0.5271838,0.530574,-0.2951291,-0.2785287,0.5163312,0.5390536,0.048379537,-0.31058407,0.56464577,0.5391793,0.5291394,0.522016,0.5478023,-0.35910875,0.51630205,0.48757008,0.5332947,-0.50607526,0.54233426
COKE,real,2893,-0.034412578,-0.022418303,0.008097588,0.0024165453,-0.010826893,-0.005253307,0.005440974,0.0093852095,-0.009244483,-0.009883258,-0.00028427038,-0.022393525,-0.006660911,0.016945595,0.0056436076,0.009745216,-0.012961677,0.026021697,-0.0014461768,-0.0044449023
COKE,halluc,2893,-0.27216405,-0.40832075,-0.07497103,-0.1673536,-0.2212911,-0.14646803,-0.22191955,-0.23577717,-0.28902712,-0.15810917,-0.04405401,-0.17612597,-0.0116706155,-0.05899314,-0.2976503,-0.10859628,-0.3509344,-0.051612105,-0.32576266,-0.24912429
COLB,real,2893,-0.023644045,0.002438431,-0.00048721072,-0.015717415,0.005430771,-0.0014781968,0.02819827,-0.017408563,-0.026694614,0.03833393,0.0,0.014361185,0.024878072,0.041322563,-0.04039578,0.021082357,0.042181615,0.023631604,-0.07127026,-0.03527048
COLB,halluc,2893,-0.5807648,-0.121304005,-0.11097053,-0.571222,-0.21665305,-0.50512546,0.020588305,-0.5800165,-0.58309644,0.30519697,-0.39323264,-0.09314552,-0.10736068,0.28514332,-0.59848005,-0.2474432,0.36938828,-0.19270065,-0.62964225,-0.57569516
COLM,real,2893,-0.012301265,0.010705308,0.015321922,0.003663487,-0.00065321056,0.009365313,-0.00259269,-0.014249538,-0.0042221993,-0.006766195,0.00742709,0.018978385,0.020912943,-0.011749816,-0.0059270887,-0.004403582,0.0099451905,0.0017976379,-0.0113534955,0.0046602027
COLM,halluc,2893,0.012548473,0.4473663,0.45012882,0.335912,0.43154663,0.44318122,0.36211228,0.17633033,0.27002525,0.44513604,0.42001954,0.44531056,0.47050813,0.4137643,0.26444244,0.43432984,0.4373996,0.4572773,0.28685042,0.4270901
COTY,real,2893,-0.013008313,0.0024519833,0.0153911505,-0.018661799,0.0040866425,0.002443993,0.011326982,0.00721446,-0.024253411,0.018646669,0.050891608,-0.0068939375,-0.035201132,-0.01605171,-0.011391498,0.012200233,0.008051573,-0.011290442,-0.03130404,0.008333381
COTY,halluc,2893,-0.57319456,-0.36656067,0.21067932,-0.57418674,-0.44062862,-0.51035446,-0.52451503,-0.55629414,-0.58401704,0.05818464,0.5601792,-0.47781304,-0.5141369,-0.516713,-0.5703423,-0.4594331,-0.46699932,-0.5428169,-0.5904663,-0.121960774
CR,real,2893,0.0077319974,0.008218474,0.009233342,0.002160217,0.014815086,0.0,-0.01391637,-0.005223825,-0.002531647,0.019543428,0.018297484,0.0005228758,-0.005241102,0.009067194,-0.020695232,0.017565884,0.021191249,-0.006842312,-0.018187042,-0.0105430605
CR,halluc,2893,-0.5134411,0.21880646,0.17211604,-0.05449734,0.44333366,0.16050884,0.041280463,-0.5358331,-0.5416777,0.38450345,0.45359993,0.3070534,0.07525277,0.07577531,-0.562606,0.38734582,0.4693446,-0.28396183,-0.2995904,-0.5389949
CRI,real,2893,-0.026805572,0.024411796,0.0383504,-0.003610373,0.018917158,0.030203639,0.030120308,-0.026819974,-0.0020614313,-0.018746644,-0.008870174,0.03501817,0.0193393,-0.0060455613,-0.009341434,-0.009154946,0.008474627,0.014995215,0.008411826,-0.0023961673
CRI,halluc,2893,0.42815018,0.5013497,0.5137462,0.48597556,0.5008621,0.5116742,0.49049982,0.37444893,0.46844718,0.4837517,0.46779987,0.5003949,0.5020368,0.47699267,0.44324464,0.47310987,0.49199006,0.50677806,0.48707804,0.49576125
CROX,real,2893,-0.009855996,-0.011575081,0.02161787,0.0004668316,0.010030733,0.038345963,0.04026688,-0.024210071,-0.025079962,0.008934215,0.043000534,0.025820365,0.048457995,-0.0034071584,-0.015598444,0.024370084,0.0018864964,0.019827263,-0.06397923,0.007929737
CROX,halluc,2893,-0.103652366,-0.28202295,0.56895024,0.24575426,0.5620313,0.5509403,0.546646,-0.539657,-0.5435689,0.5421851,0.5858588,0.57141066,0.590413,0.5187251,-0.3482342,0.57050633,-0.15883923,-0.027668852,-0.60111576,0.12603745
CRUS,real,2893,-0.02950224,0.0135910055,0.049540892,0.0015251655,0.0119928215,0.016428497,0.0009870451,-0.021943282,0.0025179416,0.0015077274,0.00949651,0.008421103,0.02110993,-0.013615577,-0.032720465,0.011318028,-0.0057687643,-0.0021403849,-0.028120462,0.009418817
CRUS,halluc,2893,-0.059442718,0.5530729,0.5848054,0.45906007,0.55249983,0.55585635,0.4889677,0.026217464,0.22893058,0.54104686,0.5481463,0.54671603,0.5628388,0.52851975,0.0036845356,0.5446231,0.51604885,0.47365418,0.18662353,0.53559643
CSL,real,2893,0.0034404893,-0.002444432,0.02753462,0.0021365376,0.029050814,0.0034362953,0.0055589173,-0.007392742,-0.015387643,0.019907601,0.012325563,0.0071553234,0.0064985882,0.016567182,-0.0053421124,0.006608077,0.0019702243,-0.0015237957,-0.00040921857,0.0031207069
CSL,halluc,2893,-0.52604854,-0.46266916,0.56473756,-0.5143331,0.56426895,0.5090424,0.5383513,-0.5270124,-0.5511547,0.554131,0.54201645,0.53735226,0.5369437,0.5579989,-0.5319017,0.5299313,0.52373254,0.42044663,-0.5319145,-0.51321673
CUZ,real,2893,-0.013539859,0.05815867,0.018207148,0.0004509583,0.02096887,0.006600684,0.027256716,-0.010427534,-0.0087835435,0.022678686,-0.0017263708,0.021368334,0.002533785,0.0150693515,-0.0087628355,-0.008417558,0.012182466,0.023520786,-0.031906582,0.0021030502
CUZ,halluc,2893,-0.36520666,0.46599212,0.4326942,-0.039924376,0.5072151,0.3858966,0.49128067,0.13336213,0.43704337,0.5139023,0.36133358,0.4155973,0.4746782,0.4467222,0.48673287,0.44012854,0.5029728,0.50145537,0.43622768,0.5003398
CVLT,real,2893,-0.0057298737,-0.019530766,0.005984629,0.02136413,0.007343296,0.002481733,-0.0020676828,-0.004148236,-0.0019417482,0.004018017,0.025798196,0.0076515577,0.00053475937,0.007987263,0.004761914,0.007493626,0.0065274383,-0.0026058648,-0.009042719,-0.0072669936
CVLT,halluc,2893,-0.4321688,-0.5056268,-0.3538977,0.3509141,0.09286861,0.018275764,-0.1007386,-0.55278915,-0.49076152,0.1153602,0.37114,0.2917689,-0.21090408,-0.0753674,0.032377355,0.32496876,0.31002718,-0.48316765,-0.52540314,-0.4038402
CW,real,2893,-0.01605539,0.0043834425,0.017174415,0.006540762,0.023220686,0.008475322,-0.0088048475,0.0048768558,0.011197595,-0.00075704325,0.0033482776,0.009444157,0.01878213,-0.013349361,0.0,0.001857405,0.0011657483,-0.0061087543,0.019992754,0.00031331592
CW,halluc,2893,-0.16890264,0.4701084,0.5772951,0.30814695,0.5683863,0.49681345,-0.03330063,-0.047961976,0.5439241,0.5264329,0.4768035,0.53621227,0.23469879,0.13488199,0.22950669,0.55535793,0.53193176,0.21643274,0.46438995,0.118061446
DAR,real,2893,-0.019522667,0.011154417,0.020132117,-0.0011536878,0.022179645,0.028462052,0.005315835,-0.011763919,-0.008874861,0.00063653727,-0.002867614,0.015828123,0.012949709,-0.0031051105,-0.008745956,0.030129742,0.011049836,0.004655712,0.014133985,0.00044309875
DAR,halluc,2893,0.011086866,0.55339915,0.5616565,0.44852853,0.5642231,0.5724858,0.52896595,-0.03154346,0.33318812,0.54717636,0.54008335,0.55966717,0.55705667,0.5317399,0.012317844,0.57254076,0.54947066,0.48791465,0.5433853,0.500084
DBX,real,2893,-0.003790755,-0.019172367,0.011930102,0.02194564,0.0,-0.0018730104,-0.0011254925,-0.0018786404,0.0052513247,0.008938607,0.014356956,0.0051039117,0.001816531,0.008313802,-0.017796002,0.018875334,0.007879697,0.002494211,-0.021220002,-0.019083148
DBX,halluc,2893,-0.25500447,-0.34957254,-0.3370325,0.099280745,0.16378123,-0.11337824,-0.37352288,-0.5081007,-0.3589569,0.04617034,0.37453064,0.08606361,-0.3816154,-0.25080037,-0.30624077,0.54590535,0.36684737,-0.51502186,-0.5407412,-0.47604
DCI,real,2893,-0.012123346,0.013262576,0.011160649,-0.005969204,0.008218562,0.0032046174,-0.001601025,-0.009498582,-0.01269755,0.0021274863,0.0110552255,0.00676767,0.007200607,-0.004154024,-0.009975947,0.004034541,0.00849977,-0.00095861964,-0.0011195523,-0.0057775797
DCI,halluc,2893,-0.5667368,0.5271919,0.52403444,-0.47409722,0.5230145,0.16447282,0.020649524,-0.568447,-0.5698059,0.29514074,0.5164802,0.3638469,0.29742518,-0.0062635,-0.5698474,0.35653752,0.36888224,-0.060101356,0.11285999,-0.55234087
DECK,real,2893,0.0050907834,0.0065382877,0.0050906637,0.015656807,-0.011894656,0.026287239,0.0057824384,0.0072655226,-0.008698566,-0.005259486,0.02559993,0.019354792,0.0034397268,-0.025497625,0.007554036,0.007278226,-0.0014258036,-0.0054109213,-0.015364246,0.0039516166
DECK,halluc,2893,0.13759613,-0.5296295,0.09307592,0.021204703,0.17615436,0.17141593,0.22420953,-0.3623129,-0.4627957,-0.06929049,0.37653714,0.2626289,0.30525783,-0.20963104,-0.08579882,0.32329714,-0.3542573,-0.2771002,-0.5619494,0.030925438
DKS,real,2893,-0.007256066,0.00784608,0.016380623,-0.014391891,-0.020518115,-0.0071609244,-0.0028787898,-0.003419846,-0.018672025,0.013328908,0.033268668,0.019064957,0.010907754,-0.00938364,-0.02170014,-0.009307241,0.00014959981,0.0131517295,-0.0270853,-0.0027341098
DKS,halluc,2893,-0.36389202,0.540884,0.55431986,-0.53767824,-0.4594713,0.49595225,0.5097034,-0.5283816,-0.5497549,0.55454296,0.5787847,0.555656,0.5447135,0.49617437,-0.5546665,0.50126696,0.52738506,0.5404646,-0.5553423,0.4960792
DOCS,real,2893,-0.0012472718,-0.004377743,0.013385414,0.035837423,0.013041086,0.0017652255,-0.03256449,-0.013759581,-0.028100507,0.026251508,0.036048125,0.022651358,0.029519266,-0.007938799,0.006242926,0.007328105,0.006159034,-0.034642875,-0.014552061,0.020888489
DOCS,halluc,2893,0.15523718,0.42714846,0.49637058,0.4607558,0.49262744,0.47501242,0.27139473,0.1570335,-0.06808832,0.4977888,0.5053667,0.4846336,0.5172038,0.40691727,0.39350197,0.49619418,0.44210082,0.054872274,0.13850132,0.44671768
DT,real,2893,-0.008661471,-0.011133316,0.009352371,0.013964235,-0.004109997,0.009369578,-0.002918574,0.0017521663,-0.0019470411,-0.0033186951,0.031375878,0.040844735,-0.01576857,0.014494337,-0.0051132324,0.006569367,-0.0074852016,-0.008650095,-0.025080858,-0.008374621
DT,halluc,2893,-0.28981107,-0.28577542,0.22350878,-0.45988584,0.527946,0.2561619,0.2955342,-0.30105844,0.1416403,0.28331813,0.5735605,0.5815813,0.44956297,0.16692129,-0.04028427,0.4880866,0.42191142,-0.04086085,-0.55408806,-0.39622384
EEFT,real,2893,-0.0024957673,-0.0071652792,0.025996229,0.004020633,0.016609378,0.0069251764,0.009581623,-0.008900249,-0.016828764,0.011279124,-0.00017124754,-0.00963697,0.01926677,0.010713334,-0.017094433,-0.0011956616,0.018206185,-0.006313418,-0.011209357,-0.0047937087
EEFT,halluc,2893,-0.3457485,-0.10640906,0.17612743,-0.22233528,0.0036470704,0.040026832,-0.06050674,-0.5455895,-0.35533538,0.05672623,0.031501766,0.03952869,0.076031566,0.086191304,-0.4454244,0.04407002,0.016054954,-0.017425139,-0.33731154,-0.19566691
EGP,real,2893,-0.026550232,0.024246152,0.019272482,-0.0048271343,0.011270535,0.00803914,0.006373654,0.013530621,-0.012958408,-0.0075220703,0.011176502,0.019584676,0.01778194,0.016715605,0.0016185598,0.0014006359,-0.026566407,0.008751466,0.0056830756,0.006734032
EGP,halluc,2893,0.44564816,0.50180656,0.49242622,0.4665668,0.4806701,0.48873976,0.47822618,0.44087324,0.40547454,0.48006183,0.48309082,0.49139884,0.49284852,0.50063515,0.44610262,0.4741134,0.35579836,0.48575988,0.43821332,0.49032846
ENR,real,2893,-0.037578885,0.010221554,0.01407612,0.0018214941,0.012358861,0.0059737335,0.013899381,-0.024376951,-0.013634509,0.0069919727,-0.0018192849,0.009664829,0.0116540985,0.013573534,-0.011199646,-0.008034562,-0.00029881965,0.010997287,-0.006524341,0.005637161
ENR,halluc,2893,-0.17115365,0.5488169,0.55248135,0.53360033,0.55240226,0.5451546,0.5437785,-0.14163184,0.38486406,0.5488536,0.5348271,0.54707646,0.55045056,0.55301535,0.15743016,0.52896094,0.5381286,0.5453508,0.51596797,0.5432453
ENS,real,2893,-0.0033151356,0.0013663871,0.030638652,-0.0003784295,0.014933361,0.0115854675,0.0010131247,-0.027910525,-0.0023693326,0.010571122,0.022191152,0.0036663653,0.0096513545,0.0056923577,-0.0027969521,0.011587824,0.008979834,-0.0032802902,-0.010892965,-0.02104768
ENS,halluc,2893,-0.5190388,0.29769674,0.52144104,-0.2607727,0.35151595,0.3379225,-0.036181528,-0.57554793,-0.4713664,0.30276376,0.47106838,0.33062539,0.33969504,0.30524537,-0.43141598,0.3357001,0.33712068,-0.26693916,-0.5436817,-0.5182267
ENV,real,2893,0.0033033614,0.018875334,0.04190016,0.0,0.005844954,0.017164156,-0.0023616746,-0.016346354,-0.012611379,0.0071026715,0.021179272,0.023550149,0.005104152,0.012079807,-0.027804703,0.013587615,0.016000342,0.020996043,-0.015665282,-0.010527265
ENV,halluc,2893,-0.50949115,0.55432385,0.5853546,-0.51096785,0.52142066,0.5537254,0.5108343,-0.53691536,-0.5383488,0.54706645,0.5576021,0.5631267,0.5350014,0.54020315,-0.5569391,0.5477264,0.54353464,0.546785,-0.5441487,0.46212393
EPR,real,2893,-0.009113756,0.021287035,0.019086244,0.010278932,0.027739115,-0.0036258972,0.008934328,-0.0002117971,-0.0038200386,0.0019118434,0.0027551146,-0.014066728,-0.0040864665,-0.00909294,-0.0093958955,-0.008820344,-0.0064437506,0.0090980325,0.010765785,-0.005698021
EPR,halluc,2893,-0.43695924,-0.014654268,0.1128755,-0.33265555,0.01399047,0.05733391,0.09575726,-0.2490795,-0.22215278,0.07384475,0.044265673,0.038217947,0.06550748,-0.11687409,-0.43918863,-0.28320256,-0.055252127,-0.20701137,-0.14923403,-0.017752891
ESNT,real,2893,-0.0071781375,-0.0006755996,0.016532995,0.020614766,0.013153829,0.0025673956,0.011472401,-0.021997683,-0.016108315,0.010912374,0.00713748,0.010718216,0.01460498,0.0064928494,-0.0010443865,0.015552413,0.008196767,0.0050890697,0.00405269,-0.0050684344
ESNT,halluc,2893,0.20580606,0.41446593,0.5212577,0.49531657,0.5103695,0.50670874,0.5052856,0.007092815,0.09794489,0.51494867,0.5093536,0.5106748,0.50648105,0.51352996,0.16874814,0.5192531,0.4987661,0.49964738,0.26113465,0.41792068
ETRN,real,2893,-0.025124205,0.026202373,-0.0010781672,0.011796383,0.017961392,0.0010465726,0.003133162,-0.0052274032,-0.023330856,-0.007539077,-0.006507615,-0.049062237,0.012493065,0.02011241,-0.02350416,0.015730662,0.008879081,0.017525092,0.0054141986,0.015005641
ETRN,halluc,2893,-0.21248987,0.5538951,0.5313951,0.40594772,0.53992844,0.5233259,0.5078296,0.44558868,-0.17476481,0.52636284,0.5118892,0.429658,0.52026355,0.53976154,-0.16383529,0.5274748,0.52511346,0.53990436,0.14320251,0.4950871
EVR,real,2893,-0.019846296,0.010735385,0.016557086,0.016287409,0.02422446,-0.010783945,0.006050113,-0.032200217,-0.019626563,0.0032135334,0.01923297,0.026803369,0.04824479,0.019855356,-0.0019603414,0.0091654165,0.015950484,0.025218444,-0.0017238907,-0.004972804
EVR,halluc,2893,-0.14773536,0.5574706,0.55802053,0.21723294,0.56719154,0.5017422,0.14388724,-0.17879173,-0.17878357,0.5475544,0.5584636,0.5650034,0.59181553,0.56570804,-0.021864716,0.5597692,0.5625743,0.28843594,-0.08264576,0.08699611
EWBC,real,2893,-0.0064594494,0.019254506,0.025496576,-0.001356458,0.0042569726,0.019124698,0.011676216,-0.011486803,-0.0020855065,0.03340798,0.013129291,0.011348406,0.023018014,0.025746563,-0.029429162,0.014303401,0.04801463,0.017021688,-0.016526597,-0.029298153
EWBC,halluc,2893,-0.546654,0.55705184,0.56239384,-0.48853323,0.5006656,0.14791809,0.5530519,-0.49709728,-0.5280387,0.58492494,0.31457692,0.49601445,0.5246612,0.5763104,-0.5637231,0.35054195,0.59875584,0.34787977,-0.49061355,-0.06474624
EXEL,real,2893,-0.0010065426,-0.020346582,-0.017103294,-0.0073452587,-0.001581028,0.007880261,0.0013073606,-0.0049770894,0.015116264,-0.0010351968,-0.012506677,0.0067938594,0.008815198,-0.0010330579,0.0020650497,-0.010368159,0.005715786,0.012358551,0.01674741,-0.009100164
EXEL,halluc,2893,0.4830672,-0.15952298,-0.3366391,0.24382964,0.0074022226,-0.08894457,0.32040998,0.5066462,0.53159237,-0.183853,-0.34505063,-0.032623716,0.15927923,-0.14893144,0.4884956,-0.19356684,-0.098600246,0.48826087,0.51479566,-0.1784981
EXLS,real,2893,-0.021934541,0.0065769637,0.012158,-0.005892611,0.007960174,0.0064419946,-0.00052973116,-0.008246921,0.0026677353,-0.002000134,0.0065853167,0.027336257,-0.012528971,0.028337805,0.0026634552,0.0054317066,0.020079242,0.0067066858,-0.018755773,0.0022469114
EXLS,halluc,2893,-0.5664587,0.022760939,0.056491114,-0.53153676,0.08704382,-0.13071603,-0.13592954,-0.53372,-0.5454921,-0.10140951,0.15001301,0.20590994,-0.059953738,0.22241376,-0.5539839,0.006317973,0.030023493,-0.18679084,-0.5767065,-0.46568298
FAF,real,2893,-0.0244415,0.017189322,0.015501455,-0.008249279,0.0031673438,0.0017553102,-0.0031617803,-0.0102565,-0.020108398,0.0032591012,0.012752755,0.004629638,0.021615814,0.040877625,-0.021422764,0.0027243334,-0.008709815,0.008539761,0.0045813266,-0.0045813266
FAF,halluc,2893,-0.17414531,0.48748595,0.46399432,0.45100963,0.49926573,0.51950634,0.5120798,-0.032038633,-0.037583187,0.52058804,0.53341186,0.53029484,0.53708625,0.55657,-0.3604042,0.47644573,0.37178442,0.5107152,0.15363583,0.47176945
FFIN,real,2893,-0.028417213,0.018308824,0.022247061,-0.0024871216,0.022164496,-0.008736732,0.025984487,-0.02458147,-0.020896811,0.019493794,0.001052447,0.0024514107,0.018711565,0.0003432298,-0.014169928,0.020328004,0.032877836,0.013766196,-0.0029339874,-0.0055655735
FFIN,halluc,2893,-0.08147439,0.55331194,0.5637774,0.35082445,0.55629677,0.52335477,0.5593154,-0.0954362,0.038902707,0.5686752,0.535464,0.5375985,0.55940807,0.54190093,-0.22176641,0.5555482,0.5736762,0.5316776,0.427703,0.3120597
FHI,real,2893,-0.012708026,-0.025073638,-0.019155515,-0.00028445455,0.023616504,-0.003897555,0.010543938,-0.052703414,0.0072474587,-0.023674933,-0.012200717,0.018980404,-0.009445171,0.051723212,-0.0053649712,0.010701313,-0.006181531,0.015382768,0.0069147004,0.007961607
FHI,halluc,2893,-0.5250337,-0.3063816,-0.5244059,-0.52276075,-0.055191826,-0.49265182,-0.19012873,-0.59058934,-0.33951205,0.17052762,-0.5555688,-0.064635016,0.032174468,0.5301631,-0.5185589,-0.30912155,0.09105318,-0.0014075525,-0.4879517,-0.48341796
FIVE,real,2893,0.009875248,-0.009417314,0.024223506,-0.013245227,-0.0095549375,-0.0016268432,-0.005459058,-0.004512134,-0.016111417,0.011836915,0.0036576297,0.016422238,0.013864692,-0.004600238,-0.0028105413,0.009205128,0.0012441836,0.015300629,-0.024142949,0.0078968825
FIVE,halluc,2893,0.49306056,-0.020435141,0.52185893,0.22319026,0.34687477,0.47101,0.45247567,-0.01562639,-0.19095472,0.4870661,0.5293725,0.5444987,0.5295114,0.33873188,0.24619132,0.49348384,0.20845816,0.4977819,-0.35156962,0.52480596
FLO,real,2893,-0.0048959707,0.0,0.0048959707,-0.002444989,0.015786607,-0.0008035356,0.010395936,-0.014423327,-0.0048543783,-0.019656653,0.0016528929,-0.00041296717,0.009455363,-0.0086296,-0.0020656895,-0.010392943,0.010806423,0.011099806,0.0093591735,0.0012143293
FLO,halluc,2893,0.45027718,0.3214729,0.37748715,0.38005912,0.30973172,0.35696325,0.24269095,-0.27092057,0.21458241,0.41966647,0.08946678,0.23378958,0.3625025,0.18152118,0.30291456,0.0018762462,0.27063584,0.44868416,0.30016118,0.44957784
FLR,real,2893,-0.0031673438,0.00912287,0.017313452,-0.0068894518,0.02593117,-0.0030359274,0.00033778077,-0.024616627,-0.009739207,0.028258255,0.010142075,0.038599547,0.0045205113,-0.0012894908,-0.025152396,0.010202491,0.032853197,-0.008591938,-0.018059181,-0.012113424
FLR,halluc,2893,-0.28375536,0.55456007,0.55387497,-0.043034,0.563696,0.533753,0.5349042,-0.37483042,-0.26433188,0.56917804,0.5467643,0.57634336,0.5449273,0.53211254,-0.36774993,0.548734,0.57390344,-0.13272436,-0.25869223,-0.16809101
FLS,real,2893,-0.009198671,0.010307933,0.014582732,-0.005203353,0.012551324,0.0072943727,-0.0010772961,-0.013018899,-0.009876624,0.018845294,0.024058899,0.0107711535,-0.00026133543,0.006772623,-0.021517493,-0.002656044,0.0045110863,0.0018516075,0.0042194156,-0.01457945
FLS,halluc,2893,-0.52035296,0.5157649,0.5353452,0.024715751,0.52741647,0.4841034,0.47246957,-0.52975357,-0.50784945,0.54106313,0.55783135,0.5206222,0.4918294,0.45791698,-0.53738254,0.26966846,0.51339066,0.21933879,0.03378108,-0.509524
FOXF,real,2893,-0.0053186174,0.024715124,0.048337456,-0.006695386,0.03415104,0.0063791648,0.006979549,-0.017820517,-0.015491086,-0.013622502,0.021538856,0.015647149,0.016224748,0.00923167,0.0025193463,0.012324885,0.0077807643,0.014340924,-0.0104731275,-0.011914885
FOXF,halluc,2893,-0.23466843,0.5652372,0.58761966,-0.15167528,0.5683939,0.5386231,0.20789865,-0.15424845,-0.13418329,0.52279085,0.56056553,0.559798,0.5585047,0.5286801,0.070479564,0.5556063,0.5542488,0.33116686,0.0072446056,-0.098141275
FR,real,2893,-0.021918144,0.019180024,0.015931947,-0.0027021826,0.01658663,0.0068623982,0.016205367,0.004289851,-0.0041029523,-0.0075033177,0.0009409994,0.0136386985,0.015284342,0.0025552122,-0.00091182644,-0.005488488,-0.03225184,-0.002656044,-0.014542928,0.01473288
FR,halluc,2893,0.37505156,0.43499804,0.46034056,0.42069083,0.4474658,0.45731324,0.43021652,0.19653995,0.19724381,0.45130765,0.42993858,0.44515753,0.4515376,0.46120605,0.2140565,0.40625533,-0.022207592,0.45690063,0.17984036,0.47085288
FYBR,real,2893,-0.010901038,0.04414336,0.07828537,0.0034168598,0.024151694,0.03382756,-0.021692825,-0.01102547,-0.019026875,0.027307352,-0.049587622,0.042968735,-0.037208352,-0.06956742,-0.12651874,-0.17189394,0.004140793,0.23333932,0.08886394,0.0041828565
FYBR,halluc,2893,-0.5346688,0.5550602,0.5995457,-0.0020174459,0.2936281,0.28121156,0.039304502,-0.5460196,0.06721627,0.29016805,-0.008271534,0.3680385,-0.25037828,-0.32221353,-0.5782625,-0.69540864,0.1870859,0.7438443,0.4249104,0.06015143
G,real,2893,-0.014035318,-0.0073660132,0.009266896,-0.0013574049,0.026539555,-0.006103243,0.0058386577,0.00026458525,-0.015194215,0.006425725,0.0021327655,0.01820871,-0.0010465726,0.019956604,0.007159325,0.001781851,0.00076267956,-0.0179492,-0.024356317,0.00844778
G,halluc,2893,-0.16037107,0.039013047,0.28191245,-0.057109848,0.33608687,0.21514705,0.25421795,-0.20748614,-0.3446508,0.3001997,0.26870665,0.32062614,0.2624067,0.28523973,-0.17335369,0.2710658,0.23490287,0.169243,-0.48785958,0.022785414
GBCI,real,2893,-0.02549759,0.013959,0.0073872185,-0.011263193,0.02018329,-0.0121252285,0.021909116,-0.023837136,-0.035355564,0.011595293,0.0009912008,0.00464654,0.038010098,0.026735356,-0.009667938,0.021086052,0.04822015,0.031940565,-0.008246883,-0.08178132
GBCI,halluc,2893,-0.5843629,-0.07671434,0.09927411,-0.49333546,0.11991769,-0.05813949,0.06181921,-0.5607342,-0.57866997,0.13424937,-0.18128009,-0.113097884,-0.0033944137,0.10150878,-0.5376885,-0.019567396,0.2505676,-0.082432814,-0.4732581,-0.5844184
GGG,real,2893,-0.009055227,0.0109511865,0.015389438,-0.012080133,0.011497077,0.0072059818,-0.007322634,-0.01611136,-0.013006567,0.0037163622,0.018612357,0.0052714935,0.004546257,0.006723104,-0.00017380339,0.012549817,-0.0014885215,0.0017173282,-0.0061962334,-0.007393749
GGG,halluc,2893,-0.5362124,0.54261255,0.5440549,-0.5249998,0.548124,0.49700636,-0.29158777,-0.5509573,-0.54169124,0.52490586,0.55081975,0.533398,0.5349492,0.5180354,-0.3602704,0.5413278,0.51527005,0.034947142,-0.5151615,-0.47801366
GME,real,2893,-0.025824009,-0.029111644,0.024035491,0.05767661,-0.0032077013,-0.026451185,0.028857926,-0.043396086,-0.045803,-0.0052701044,0.035895746,0.01559568,-0.019852817,0.0008528785,-0.021107826,-0.0065516722,0.011329097,0.0038918967,-0.011284842,-0.032382514
GME,halluc,2893,0.13329962,0.35574046,0.5310151,0.6012359,0.5045662,0.4761917,0.46294135,-0.1240332,-0.06788321,0.5346656,0.58622164,0.5647124,0.40992102,0.5203204,0.21916412,0.5444952,0.5562483,0.39413393,0.31502083,0.2801348
GMED,real,2893,-0.0017099867,-0.01084068,0.008956312,0.0029107118,0.0063059432,0.011486613,-0.025343647,-0.008650573,-0.014527253,0.023522297,0.028352633,0.011980177,0.01932902,0.0046937047,0.00032289312,0.005152161,0.0016046216,-0.016489219,0.006660735,0.0
GMED,halluc,2893,0.16166818,0.27811053,0.30053818,0.2852289,0.3291053,0.30418634,0.22231618,0.025846582,-0.06175258,0.3320123,0.38733512,0.2844963,0.42087582,0.27782717,0.28832483,0.34382722,0.23813856,0.15412737,-0.17864506,0.32854933
GNTX,real,2893,0.00036317416,0.010115693,0.033925515,0.008649076,0.005496407,0.0023952108,0.002218999,0.0052716727,0.013532035,0.0073652826,0.0,0.012924787,0.013409849,0.004861458,-0.0058365925,-0.010789707,0.0166263,0.015081306,0.008246162,0.0012626264
GNTX,halluc,2893,-0.55960315,0.31676102,0.3776215,-0.4574374,-0.11493974,-0.06580949,-0.43072253,-0.5583664,-0.40451998,-0.10991715,-0.42327455,0.102979764,-0.46845824,-0.5110439,-0.5589855,-0.54473734,-0.18888402,0.36840662,0.21409847,-0.39267334
GO,real,2893,0.01386504,0.007202912,0.011552966,0.009414999,0.009327183,0.01481021,-0.007542256,0.028234879,0.006061591,0.005392559,0.024067422,0.002775638,0.011939527,-0.011016023,0.010407195,0.014210368,-0.0030066168,-0.0018083188,-0.00060350035,0.006318661
GO,halluc,2893,0.56520754,-0.28568953,-0.23738198,0.56240714,-0.30176708,0.50434893,-0.10458559,0.58100164,0.492104,-0.35022083,0.5777475,-0.17294727,-0.21641338,-0.5369716,0.41994783,0.12040378,-0.35557923,-0.3274364,0.07420467,0.42849576
GPK,real,2893,-0.015139061,0.015556336,0.01037569,-0.008291922,-0.0146783935,0.015094626,0.014049818,-0.030412676,-0.0012698415,0.013044578,-0.00041814763,0.015356185,-0.011182556,0.0033264065,-0.0016618201,-0.0045842966,0.011215071,-0.0070466613,-0.009613449,0.0
GPK,halluc,2893,-0.3349175,0.5008971,0.49162513,-0.19674243,0.4616224,0.50017214,0.43787625,-0.3913858,0.20716545,0.50027424,0.43584108,0.44569686,0.4768414,0.46937108,0.18359195,0.43690774,0.47051424,0.5001766,-0.019066928,0.4685022
GPS,real,2893,-0.008022966,0.014848931,0.011274077,-0.04353494,0.03226086,0.012394525,0.010198421,-0.009060085,0.020270964,-0.0067114346,0.017798023,0.05470533,-0.008385793,-0.0021074824,-0.025101451,0.0005406867,0.0,0.0128895445,-0.022666918,-0.0032804841
GPS,halluc,2893,-0.38324597,0.4002579,0.4378453,-0.30171043,0.4829203,0.28480223,0.40431622,-0.25384966,0.22246206,0.44962507,0.37230575,0.48632202,0.22152895,0.28048253,-0.34861448,0.32236895,0.42280978,0.44184375,-0.091471344,0.17309843
GT,real,2893,-0.025623105,0.021148825,0.042435043,0.0057143015,-0.018692132,-0.0072833532,0.0040124073,-0.023946622,-0.008988825,0.028191779,0.020992447,0.023363894,0.03506719,0.043628864,-0.023561299,0.012504276,0.030276064,0.001268231,0.011342277,-0.01642488
GT,halluc,2893,-0.17582476,0.5701739,0.59212613,0.32070595,0.5323723,0.54444426,0.53499556,-0.1187228,-0.07913302,0.5773317,0.56575835,0.57075155,0.58375525,0.5947728,-0.14353855,0.55983925,0.5773478,0.5466728,0.02356366,0.2995568
HAE,real,2893,-0.0117884185,-0.0043971785,-0.0034600047,0.0046503395,0.0092363,0.0035298306,-0.014790543,0.00047670124,-0.016457817,0.016576957,0.016072197,0.00035163804,0.005026605,-0.00081656466,-0.019919334,0.05105517,0.0363232,0.0034847036,0.004555322,0.0003245875
HAE,halluc,2893,-0.4708265,0.07889885,0.22686195,-0.1602809,0.44919345,0.1385919,-0.38156357,-0.44958305,-0.4543104,0.24505347,0.3047489,0.46211404,0.19998619,0.17979413,-0.45561367,0.51439124,0.48720795,-0.44440472,-0.38715494,-0.45002466
HE,real,2893,-0.01620692,0.010468415,0.0019164961,-0.017660502,0.006382705,0.0013821702,0.008253141,-0.0016451882,-0.0074370266,0.0019334352,0.0049545933,0.005476465,0.013561369,0.012049952,0.009800105,-0.00052728713,-0.00079145236,0.019083053,0.016435912,0.00101833
HE,halluc,2893,0.37798005,0.5111397,0.49728775,0.3903175,0.43921268,0.46271366,0.52828604,0.51531184,0.49363232,0.5017211,0.49347642,0.4264916,0.5177307,0.52031046,0.5103983,0.48178807,0.39501476,0.5246828,0.51326346,0.5229082
HELE,real,2893,-0.00112022,0.02406116,0.018430522,0.032474753,0.01445356,0.0065013696,0.018709276,-0.007020772,-0.002473548,0.031777363,0.16966854,-0.028910344,0.012503519,-0.0025952233,-0.018980587,-0.00097414624,0.0036190331,0.01755782,0.010705846,0.018334035
HELE,halluc,2893,-0.5386215,-0.3542509,0.54490924,-0.4769433,0.30571067,-0.4789621,-0.50793433,-0.5474636,-0.5426442,0.55868554,0.7062127,-0.5677081,-0.41319588,-0.4815665,-0.55714273,-0.466571,-0.4130214,-0.5065376,-0.5261857,0.47873092
HGV,real,2893,-0.016720934,-0.017920407,0.028209023,-0.0053547653,0.016199179,0.00022009465,0.01246599,-0.023085559,-0.010733556,0.029462758,0.013227993,0.017510591,0.0040139486,-0.005072934,-0.02315216,0.0021663788,0.030056616,-0.0029442713,-0.005914677,-0.00084781693
HGV,halluc,2893,-0.17384678,0.22422121,0.43478078,0.22416084,0.4185651,0.41054398,0.3661965,-0.4346208,-0.05620376,0.44937876,0.3505398,0.39966097,0.4352483,0.37791246,-0.27271923,0.37285456,0.41326126,0.044282872,-0.22398216,-0.07206312
HIW,real,2893,-0.015888184,0.06694965,0.025229698,0.0012878302,0.023320964,0.0020933647,0.034326665,-0.009134337,-0.009836145,0.025616363,-0.0064438405,0.021978907,0.0,0.017241806,-0.0078003514,-0.009046276,0.0074788774,0.029368417,-0.028976336,-0.0007843138
HIW,halluc,2893,-0.10654916,0.48534703,0.43063492,0.062214483,0.4830109,0.39261848,0.49373388,0.37270352,0.45258316,0.503175,0.38166827,0.43515688,0.46949556,0.45674047,0.49750793,0.44070327,0.48035857,0.4942205,0.43879217,0.4799796
HOMB,real,2893,-0.009021261,0.01662586,0.011740084,-0.0015427,0.01575525,-0.0102565,0.012858409,-0.0043402845,-0.01976783,0.013659609,0.008280719,0.008212711,0.010065403,0.01059781,-0.017654398,0.020391531,0.03593201,0.013698844,-0.034812674,-0.026662648
HOMB,halluc,2893,-0.5476796,-0.066751584,-0.0393244,-0.51044476,-0.022767026,-0.40692654,-0.17104313,-0.52645755,-0.55415714,-0.04027732,-0.13801609,-0.050902437,-0.092452005,0.02176851,-0.5497475,-0.118346505,0.18305562,-0.35915208,-0.5667451,-0.53535646
HQY,real,2893,-0.05411116,-0.0035125904,0.020400409,0.010939778,0.012747248,0.012270093,-0.011949477,0.007345929,0.04723575,0.023251629,-0.011183297,0.005085264,-0.033217583,-0.05044947,0.009042528,-0.010178616,0.040263217,-0.013031035,0.0022099456,-0.010620691
HQY,halluc,2893,-0.57258123,-0.29403698,0.046814095,-0.5120015,-0.1066277,-0.2794133,-0.53689337,-0.5318124,0.5605729,-0.16594756,-0.22344199,-0.14036855,-0.563663,-0.5246422,-0.25099146,0.037463333,0.17113954,-0.53568417,-0.2676806,-0.54404247
HR,real,2893,-0.02881417,0.022901764,-0.0016185598,-0.002162163,0.017699577,0.002654634,0.008973404,0.013570146,-0.02254355,-0.008519753,0.0063966103,0.0074113626,0.0026336596,0.003151263,-0.0047306265,-0.0052826325,0.003172927,0.02451231,0.009741169,0.017198198
HR,halluc,2893,0.38131323,0.49996245,0.4806797,0.44647697,0.47963208,0.4810776,0.4450421,0.44221812,0.3828036,0.48236096,0.44600758,0.4481854,0.48592374,0.48091483,0.3596613,0.43230683,0.45296204,0.5118739,0.47010395,0.48106214
HRB,real,2893,-0.023345005,-0.017327167,0.008391658,-0.008391658,-0.00062441465,-0.004695579,0.01587582,-0.041298226,0.00096509577,0.009918494,0.008243547,0.013486169,-0.005310023,0.018616734,0.0006146282,0.012517337,0.019528937,0.012712662,0.00088092795,-0.011513042
HRB,halluc,2893,-0.53882307,0.3197419,0.42579496,-0.18350506,0.5408293,-0.016418573,0.3878146,-0.56555724,-0.30463764,0.5409391,-0.1976868,0.255919,0.52707,0.5276016,-0.32612452,0.21898031,0.55480134,0.5455871,0.11444402,-0.16402078
HTZ,real,2893,-0.01591847,0.009127274,0.026339432,0.0077135367,-0.0049518673,0.014239014,0.0016299922,0.018289912,-0.0058807973,0.0026773778,0.011167359,0.008949784,-0.02225847,0.012779727,-0.024639703,-0.016402774,0.020191683,0.021908438,-0.037150975,0.0016442864
HTZ,halluc,2893,-0.52925664,0.4976117,0.51951534,-0.5029221,0.44835135,0.32351905,0.2962218,-0.19538754,-0.51126605,0.47201282,0.5027776,0.3406157,0.23545906,0.33697557,-0.5295566,0.23187397,0.5205389,0.4743907,-0.5416671,-0.16149521
HUBB,real,2893,-0.013657221,0.0074781976,0.012041777,-0.004650162,0.016609784,0.013206623,-0.006687774,-0.0051750494,-0.0039142584,0.0043719593,0.023009624,-0.0076612676,-0.0038527574,0.0044534123,-0.009260024,0.0059218253,0.015987908,2.964588e-05,0.0014515725,-0.012121361
HUBB,halluc,2893,-0.35742965,0.54553854,0.5465452,0.29645166,0.5491799,0.49933514,0.12431372,-0.35279965,-0.3450206,0.5317163,0.5625867,0.5279029,0.538573,0.5356509,-0.35041466,0.5454147,0.5503392,0.48889798,-0.15498264,-0.35595268
HXL,real,2893,-0.01674432,0.0022302768,0.02665359,-0.0055740746,0.009092823,0.026661137,-0.0034260147,0.008543129,-0.009863959,0.015215403,0.013061938,0.0012840269,0.0014105279,-0.013286232,-0.010967599,0.013172672,-0.0012965125,-0.023230916,0.0047688526,-0.0041051502
HXL,halluc,2893,-0.5670845,-0.08715682,-0.06245248,-0.42918545,-0.055450227,-0.0052584074,-0.3061638,-0.5318303,-0.54588246,-0.08013183,-0.08202406,-0.074858196,-0.13312785,-0.40260994,-0.5681174,-0.087879375,-0.09927135,-0.48589596,-0.16431808,-0.38729104
IART,real,2893,-0.016052514,0.0200257,0.015980672,-0.01970507,0.013834213,0.009036574,-0.0031657156,-0.012764041,-0.014181106,0.007986067,0.012842854,0.01340666,0.0382424,0.0018626315,-0.0006980803,0.0018604656,0.013844245,0.0295766,-0.008938607,0.018018505
IART,halluc,2893,0.41902888,0.5461382,0.5432577,0.498,0.5432339,0.5375065,0.51797247,0.462139,0.4282904,0.54318917,0.53845847,0.5395227,0.56343937,0.532583,0.42374125,0.532616,0.53881127,0.55508703,0.48088616,0.540697
IBKR,real,2893,0.005640173,-0.006772035,0.017710615,-0.009065569,0.03252419,0.0031347987,0.0069578015,0.0076218066,0.0033163598,0.018045954,-0.006875282,0.0055970293,-0.010050336,0.007139126,-0.013147272,-0.009855806,0.029048905,-0.051128585,0.018972233,-0.0010779089
IBKR,halluc,2893,-0.47694287,0.13808554,0.25252298,0.12642044,0.33802527,0.25465578,0.13583924,-0.49563268,-0.25272843,0.26250803,0.19255817,0.25621,0.21321768,0.1976256,-0.539956,0.18964575,0.24329552,-0.5522802,-0.5284828,-0.49694166
IBOC,real,2893,-0.016984573,0.0023121398,0.008737696,-0.005970167,0.02860581,-0.010801185,0.02170836,-0.00844825,-0.018477317,0.01601839,0.0062472313,0.0017777783,0.018042294,0.0058702203,-0.0058702203,0.026042579,0.02703717,-0.0064308904,0.021820545,-0.019118683
IBOC,halluc,2893,-0.263508,0.06724973,0.1305168,0.0351482,0.12131295,0.13555866,0.13980083,-0.17941257,-0.006256057,0.13753614,0.08409473,0.08534202,0.17833611,0.111579806,-0.22343534,0.07989898,0.121353194,0.12707838,0.036517296,0.08068983
ICUI,real,2893,-0.015309581,0.0061632604,0.0040504104,-0.005178442,-0.0013553199,0.0069266786,-0.021040276,-0.013966869,-0.009401254,0.0028121173,0.031329945,0.0135719385,0.0045761564,0.0145374695,-0.008320753,-0.0010519032,-0.039546475,-0.015096379,-0.0058675283,0.03708407
ICUI,halluc,2893,-0.1565469,0.44313225,0.5389902,0.33232158,0.5476644,0.5585065,0.51936775,-0.030398585,-0.08394262,0.49249268,0.58651006,0.567519,0.5160666,0.51567805,-0.28796,-0.041494567,-0.29111096,0.25222567,-0.09226555,0.59011644
IDA,real,2893,-0.00584683,0.016093416,-0.00134732,-0.016017428,0.0024434356,0.0015606714,0.0038910555,0.010526922,-0.0032717504,-0.0023159327,-0.007077445,9.729046e-05,0.013624057,-0.0015366888,-0.0047208527,-0.0051314435,-0.012011277,0.008120978,0.021879336,0.010621247
IDA,halluc,2893,0.32620266,0.5444045,0.5041658,-0.081109,0.15969247,0.24912252,0.44559163,0.53221136,0.50090903,0.28109342,0.010270936,0.09816618,0.47318786,0.44129837,0.07567466,-0.28795955,-0.25255165,0.5255859,0.55607057,0.36085188
IPGP,real,2893,0.023054028,-0.029287454,0.032580625,0.0026863683,0.0012660587,0.010807715,-0.005389257,-0.005418458,-0.005597656,-0.009701877,0.014703941,0.01581119,0.023830483,-0.0040882253,-0.022752209,0.0030099498,-0.017376311,0.004539543,-0.024959948,0.009093727
IPGP,halluc,2893,0.16535908,-0.5837482,0.5608594,0.32445946,0.26782763,0.53043056,0.514848,-0.5353719,-0.53521776,0.5039516,0.5469506,0.54466695,0.563196,0.0715162,-0.5719106,0.3438534,-0.5466797,0.5300917,-0.5627891,0.35730103
IRT,real,2893,-0.01602782,0.035707958,0.018753996,-0.014864023,0.023231216,-0.0038345705,0.012544478,-0.014192378,-0.009944833,-0.010605738,0.008938607,0.00609927,-0.0044321404,0.008294214,-0.007184336,-0.017907586,-0.015936593,0.0074307285,0.0051121954,0.0022637248
IRT,halluc,2893,0.10424526,0.46969923,0.4590679,0.1754629,0.46302462,0.44571888,0.43080583,0.3610264,0.3873652,0.43781316,0.37914857,0.44221622,0.3743264,0.3902369,0.23547423,0.096083194,0.41516364,0.4481791,0.43652713,0.41670182
JAZZ,real,2893,-0.023116926,0.001760423,-0.01392769,-0.006914813,0.0095056975,0.0024228732,0.001450911,-0.004035518,-0.012041477,-0.0013924727,0.014727088,0.02654071,-0.014577979,0.011584673,-0.0005523772,-0.0040336987,0.024967058,0.0139701385,-0.023913512,0.021776922
JAZZ,halluc,2893,-0.5549824,0.046961963,0.032429244,-0.5445652,0.079113536,0.012799647,-0.106407836,-0.5373635,-0.49436134,-0.048076004,0.15940693,0.31072128,-0.12142041,0.21675721,-0.527691,-0.048632752,-0.049053237,-0.039163407,-0.5652443,-0.11201307
JBLU,real,2893,-0.019950787,0.013758816,0.08452381,-0.003430535,0.003430535,0.01135086,0.015122103,0.036566146,-0.07452029,0.030701673,0.038445152,-0.026202373,-0.022372298,-0.05463299,-0.03898179,-0.011243092,0.046634216,0.036496103,-0.04009971,-0.0036166406
JBLU,halluc,2893,-0.575972,-0.13443872,0.25537866,-0.5558525,-0.35114342,-0.48537588,-0.49144667,-0.5150503,-0.6243292,-0.31323105,0.28660983,-0.5077086,-0.4354272,-0.6037948,-0.5919392,-0.41410166,-0.451336,-0.46501064,-0.59615237,-0.5125572
JHG,real,2893,-0.0146701895,-0.0030360555,0.017706245,0.015561633,0.0029368596,-0.0011003119,0.005854389,-0.021760032,-0.020339685,0.014356121,0.021154992,0.008046861,0.034726955,0.021236656,-0.013176335,0.0,0.022434073,0.008496228,0.0016906175,-0.020478532
JHG,halluc,2893,-0.2041721,0.16958044,0.15435016,0.0032776324,0.18543501,0.17714822,0.08760603,-0.20281729,-0.1480768,0.16333272,0.16632655,0.17551757,0.19212359,0.19575536,-0.16179414,0.21610582,0.14921796,0.05897888,-0.12463382,-0.03660202
KBH,real,2893,0.00907605,-0.016865768,0.021277398,-0.011743325,-0.0062160264,0.0075706467,-0.00077384413,-0.021914396,-0.04491046,-0.0020712519,0.053095527,0.0068580653,0.033602085,0.0,0.029397465,-0.0029379383,0.0069635613,-0.0007307271,-0.053295914,0.014542928
KBH,halluc,2893,0.3645502,-0.05870758,0.43393293,0.41735166,0.43150246,0.44070593,-0.021182679,-0.32138732,-0.409187,0.43112952,0.5338012,0.454309,0.49439025,0.36896878,0.41964936,0.47824872,0.3030011,-0.016944636,-0.57599443,0.4158685
KBR,real,2893,-0.02896016,0.00890308,0.016171167,-0.0126951,0.0136290975,0.012216962,0.0099412,-0.019516563,-0.009667938,0.0032851028,-0.0031284243,0.017240467,-0.0060236496,0.003402416,-0.009150897,0.015921196,0.002909427,-0.024612341,0.008116168,-0.011255395
KBR,halluc,2893,-0.5514481,0.533363,0.5550174,0.023375105,0.54739773,0.5536955,0.15315564,-0.5381607,-0.2896118,0.5409814,0.52003026,0.5520638,0.4176676,0.51307005,-0.52940565,0.5341151,0.5268074,-0.5138592,0.5318763,-0.29467914
KEX,real,2893,-0.006839972,0.018361617,0.011656862,-0.006012444,0.011591629,0.019155663,-0.0005199532,-0.020491982,-0.009333401,0.020550938,-0.010554188,0.0010604454,0.006470805,0.006167594,-0.014362195,0.0001327052,0.0054258057,0.007494611,0.005486624,0.0070102843
KEX,halluc,2893,-0.09943877,0.55630267,0.5496596,0.16826493,0.5501025,0.55733705,0.5371257,-0.31427792,0.28505942,0.5583689,0.52983487,0.540973,0.54655796,0.54200846,0.13039759,0.53979653,0.54619783,0.5229454,0.53755575,0.52641183
KNSL,real,2893,-0.01081632,0.0069558723,0.016281093,-0.006623447,0.02186488,0.0050114673,-0.010777501,-0.0031936804,-0.001057785,-0.0028126356,-0.0003946733,0.011961282,-0.018105568,-0.0070370557,0.012772896,0.022140529,0.0057375245,-0.002784963,0.021675726,-0.0048199142
KNSL,halluc,2893,-0.42414883,0.1297471,0.2454169,-0.3384001,0.1780219,0.012077546,-0.4403803,-0.49132216,-0.5284916,0.084914304,0.10340747,0.15099081,-0.30236903,-0.17494568,-0.4586273,0.08475505,0.06660119,-0.3994025,0.17189124,-0.25313103
KRC,real,2893,-0.029894965,0.072295755,0.030741466,-0.03140592,0.018109221,0.0,0.03494233,-0.008702714,-0.0117227,0.040441968,0.004707368,0.02991742,-0.004873601,0.025325442,-0.013487391,-0.013671791,0.028349305,0.029301833,-0.027222522,0.00148258
KRC,halluc,2893,-0.39823812,0.597934,0.5435145,-0.25774556,0.5151471,0.41843247,0.58844525,0.19162928,0.27616128,0.59703064,0.54145837,0.55611503,0.54554844,0.5672846,0.41916013,0.5122188,0.5758309,0.571265,0.3027059,0.49482962
KRG,real,2893,-0.009136875,0.03185437,0.024041843,-0.010101096,0.028209332,0.0022406462,0.014663671,0.0030830237,-0.004008023,-0.00896465,0.0026978434,0.028333016,-0.0017474884,0.0052333307,-0.0013057673,0.0017406445,0.0034722257,0.015050811,0.0046838494,-0.010247741
KRG,halluc,2893,0.39688632,0.5849219,0.5752864,0.4148217,0.5764065,0.55226845,0.5600812,0.51520485,0.52793294,0.54551417,0.5411348,0.5785168,0.5434965,0.55442095,0.4375623,0.4650783,0.5509977,0.56692857,0.5483655,0.5047659
KSS,real,2893,-0.012969149,0.019391188,0.036367644,-0.0044189203,0.022335066,-0.001733854,0.0605991,-0.01605303,-0.010008424,0.014562354,-0.0062150606,0.047483053,-0.010358659,0.0016006406,-0.010854378,0.018422628,-0.00039690416,0.02043293,-0.0035067247,-0.0185154
KSS,halluc,2893,-0.09768336,0.084625825,0.07375797,-0.093847774,0.10220568,0.061093435,0.1471429,-0.014527589,0.10173194,0.04713475,0.056348637,0.10639176,0.15954193,0.054064225,0.15132934,0.131342,0.1496738,0.16058166,0.12925698,0.18350668
LAMR,real,2893,-0.009156094,0.02542872,0.022737734,0.0016486351,0.017148526,0.0044431053,-0.0031283137,0.0019185143,-0.014940062,0.013930776,0.009247227,0.010747441,0.004542769,-0.004542769,0.0053307135,0.0061834618,0.010802499,-0.009824504,0.0023432935,-0.017412273
LAMR,halluc,2893,-0.5360222,0.5568654,0.55219305,-0.20540409,0.5457244,0.49273515,-0.30865544,-0.5119868,-0.54895014,0.54299796,0.5378404,0.548697,0.5243046,-0.362531,-0.5208906,0.5269805,0.5500493,-0.5034442,0.44030696,-0.55783975
LANC,real,2893,0.044086523,-0.016153326,-0.0031502491,0.0024397695,0.008140197,0.012510171,-0.0030879595,-0.0028973944,-0.019397486,-0.034931023,-0.0033332482,-0.0046746433,0.004144533,-0.0038251122,-0.0032522087,-0.0025665718,0.011921376,0.018295271,-0.0003636836,0.006267989
LANC,halluc,2893,0.5412474,-0.38909954,-0.47918344,-0.37248668,-0.27033788,-0.31054798,0.3224648,0.24881396,-0.456337,-0.46898323,-0.3840629,-0.40570295,0.30811107,-0.15001608,-0.14130798,-0.3066347,-0.47629637,0.35838175,-0.430617,0.08182053
LEA,real,2893,-0.008905169,0.017371517,0.013100155,0.003762205,0.009168553,0.007762548,0.010808669,-0.009485964,0.012857024,0.02059686,-0.011299555,0.021407751,0.019392468,0.0041721053,-0.02349797,-0.01313956,0.0028301906,0.0028893016,-0.002014911,0.007902003
LEA,halluc,2893,-0.124923006,0.5485242,0.5484821,0.25064406,0.53480154,0.5375536,0.51418316,-0.30954206,0.095996514,0.5496974,0.5022315,0.53630507,0.53884333,0.47037917,-0.10154563,0.34655663,0.5276981,0.47378755,0.4821143,0.47136757
LECO,real,2893,-0.017204389,0.011797845,0.011660278,0.0011328529,0.018772414,0.0065156682,0.001710262,-0.020718763,-0.008243645,0.00077573507,0.018337859,0.005365743,0.004935297,0.0038106744,0.0,0.014162079,0.024756392,0.006046664,0.004915891,-0.010481323
LECO,halluc,2893,-0.21318118,0.5549036,0.55555314,0.36302906,0.564622,0.5315004,0.18470922,-0.29547253,0.082687855,0.5468687,0.5624031,0.55646193,0.5449353,0.5426153,-0.09653874,0.56293184,0.57295847,0.10082029,0.46042815,-0.057240885
LEG,real,2893,-0.026996342,0.0038029433,0.021168424,-0.014290818,0.02337109,-0.008404823,0.008069984,-0.009759458,-0.013962427,-0.009648593,0.02361102,0.022405218,-0.0039761486,0.0,-0.01910566,-0.0010157442,0.017794661,0.0019946815,-0.010013435,-0.014529737
LEG,halluc,2893,-0.50785863,0.5401958,0.56113434,-0.26004872,0.5576853,0.51988846,0.43561542,-0.3101399,0.017507512,0.5153311,0.55774873,0.54894173,0.53223825,0.49558866,-0.20575657,0.51625574,0.5526245,0.42782915,-0.080701254,-0.017576218
LFUS,real,2893,-0.019029338,0.01957397,0.018485745,0.010492457,0.007377774,0.019480685,-0.01382622,0.0063838125,-0.008927856,0.010517461,0.004547498,0.01236608,0.014760665,0.014809675,-0.0059174704,0.012979067,0.0122309765,-0.0152794095,-0.020865534,-0.0011739256
LFUS,halluc,2893,-0.55869174,0.5356519,0.5620254,0.522796,0.52139133,0.55436164,-0.008074872,-0.53785026,-0.55892116,0.5572872,0.52627414,0.5248461,0.53942657,0.53844035,-0.55733335,0.53981256,0.541206,-0.47407296,-0.523962,0.487862
LII,real,2893,-0.0040979725,0.010435876,0.024213955,-0.003912198,0.008238416,0.009490719,0.0027563414,-0.016435515,-0.010124453,0.0052625104,0.014145912,0.0077630375,0.02155888,0.009022886,-0.0035636898,0.012799654,-0.0032950898,-0.015113339,-0.006724127,-0.0031675668
LII,halluc,2893,-0.45599005,0.54962546,0.55763006,-0.23724362,0.5393484,0.5376294,-0.11076131,-0.5584146,-0.546696,0.52850664,0.54045606,0.53799784,0.55694276,0.54864323,-0.4954645,0.54489005,0.35522893,-0.08053531,-0.5316388,-0.05206899
LIVN,real,2893,-0.03416199,0.01530486,0.0018209413,0.032026608,0.0005871416,0.006241487,-0.008984435,0.0009804884,-0.017797582,0.01975568,0.014564779,0.022305757,0.0009422407,-0.01460988,0.0053374125,-0.00076074555,0.010033213,-0.018056178,0.015793307,0.0039566704
LIVN,halluc,2893,-0.5106726,0.49752846,0.49076474,0.4662369,0.48704854,0.48792,-0.47532547,-0.3322263,-0.50720733,0.5124289,0.49607104,0.51283675,0.354952,0.1430361,-0.19889382,0.40304437,0.4941007,-0.5034901,0.47856894,-0.081160754
LNTH,real,2893,0.008030429,-0.06751166,-0.02387195,0.0011835721,-0.018986778,0.011625947,-0.001789016,-0.0158829,-0.012693933,0.012087321,0.029417403,-0.017234633,0.005857407,0.006178727,0.019588921,0.015102022,0.037668284,-0.017170427,-0.04916575,0.030268444
LNTH,halluc,2893,0.09259526,-0.5028058,-0.35541373,0.12942924,-0.1692496,-0.03005912,-0.37074798,-0.5227979,-0.5484265,-0.07158402,0.13787422,-0.092972904,-0.036304355,-0.12760203,0.23301376,0.17730811,0.15597424,-0.43304333,-0.59307337,0.0084077045
LOPE,real,2893,0.0035668323,0.005326507,0.0062763765,-0.013186572,0.012012748,0.010127655,0.006229948,-0.0148905385,-0.0046040146,0.00606893,0.0082608955,0.038263556,0.0053883446,-0.006693341,0.0002797855,0.0008388871,0.00973537,0.007079513,-0.0043152985,0.0038571083
LOPE,halluc,2893,-0.4998802,0.2784434,0.21721902,-0.40642872,0.25504184,0.18874693,0.27576518,-0.5209134,-0.3578604,0.32039902,0.2610518,0.30848688,0.13313684,0.12752505,-0.5176532,0.1744241,0.28758287,0.21728183,-0.4419098,0.033689275
LPX,real,2893,0.0029520316,0.012304242,0.030537818,0.042165346,0.015581242,-0.00066662225,-0.005349037,-0.02484347,-0.02364505,0.021718798,0.02784182,0.0010709505,0.049337946,-0.0012743726,0.0020382174,0.0002544853,-0.008817385,-0.006180012,-0.025506582,0.007128743
LPX,halluc,2893,0.42712274,0.39816543,0.5459566,0.51406705,0.5308252,0.51810414,0.38472408,-0.2008098,-0.28802067,0.5362387,0.53498733,0.51870614,0.5606603,0.50524944,0.42212713,0.52156675,0.205093,0.26068145,-0.31849203,0.506562
LSCC,real,2893,-0.033979658,0.010837372,0.05315179,0.0075546424,0.015047645,0.031725194,-0.009727601,-0.019422207,-0.01675081,-0.0011994985,0.038423046,-0.017262807,0.020512456,0.003969088,-0.040201075,0.045607056,0.003518944,-0.03693796,-0.08090965,0.01637113
LSCC,halluc,2893,-0.5670988,0.3534406,0.4081554,0.31558132,0.34716126,0.5496801,0.15051441,-0.5459462,-0.54147553,0.35472566,0.4023664,0.3117783,0.39115283,0.5199518,-0.5762218,0.41337848,0.26900017,-0.5014876,-0.6046414,0.33564618
LSI,real,2893,-0.011073267,0.024340075,0.013169167,0.0045533963,0.001513203,0.005203043,0.01069769,-0.0060454714,-0.0072126533,-0.003852987,0.011888778,0.014996569,0.0069485907,0.016656093,0.008297007,0.0045878217,-0.04162096,-0.007634196,0.0,0.0
LSI,halluc,2893,0.3675232,0.51548773,0.49159884,0.38138685,0.4490997,0.49185523,0.44269365,0.2696115,0.26424986,0.48664647,0.46670723,0.43402952,0.44205505,0.51394224,0.25138786,0.33782166,-0.41425627,0.45072746,0.2629501,0.50228
LSTR,real,2893,-0.0053087506,0.01435955,0.023466403,-0.0027476104,0.0019189385,-0.0023862645,0.0034219974,-0.014808905,0.0031469658,0.008862996,0.019430064,0.012897531,-0.007971788,-0.004060713,-0.009197347,-0.0020039573,0.013538228,0.020044375,0.009848883,0.0012304665
LSTR,halluc,2893,-0.27278033,0.54921615,0.5631993,0.46975544,0.54044706,0.5302119,0.53726053,-0.5269796,0.30056342,0.54516804,0.5599094,0.54810846,0.34163618,0.343607,0.17717424,0.103091836,0.55078566,0.5538823,0.5280426,0.4743927
MAN,real,2893,-0.021697868,0.021697868,0.014585838,-0.0026476723,0.0077968203,-0.0054010055,0.0042729736,-0.004021116,-0.014458084,0.013702321,0.0033964433,0.022598429,0.017525092,0.009485573,0.0044118594,0.0145281,0.0230668,0.017942794,-0.0759711,-0.055680882
MAN,halluc,2893,-0.5347734,0.11669722,0.22271957,-0.4045421,0.33623803,-0.2557164,0.005500907,-0.3680393,-0.5321337,0.21075113,0.1943489,0.3137139,0.08226825,0.3523605,-0.48168027,0.2029973,0.56387717,-0.33278817,-0.6122651,-0.5890255
MANH,real,2893,-0.013057569,-0.009248188,0.019149521,0.010638677,0.017210172,0.023897452,-0.015427581,-0.012474599,-0.0062961453,-0.0037864097,0.014292222,0.0105486745,0.0064172423,0.0060759936,0.005591348,0.017420925,0.0055131502,0.011224657,-0.017374018,-0.05173914
MANH,halluc,2893,-0.20933622,0.08696961,0.56784666,0.052745298,0.5742719,0.5639174,0.26366514,-0.10460737,-0.12652001,0.50123394,0.5558349,0.5707422,0.22471486,0.54458165,0.1048907,0.5725762,0.54789346,-0.06883119,-0.22325885,-0.38545248
MASI,real,2893,-0.0008021473,0.0046803877,-0.0034465815,-0.012407107,0.03333335,-0.0065419096,-0.022120718,0.0013659508,-0.018410038,0.002398688,0.0063476316,-0.03092046,-0.056011185,0.0065390873,0.015361078,-0.01624408,-0.22312656,-0.047398116,-0.0022290589,0.020059878
MASI,halluc,2893,0.5343984,0.5090354,0.48158428,0.524463,0.4618187,0.5213315,0.46191925,0.52162164,0.49573332,0.45296222,0.52354586,0.47348678,0.42945498,0.5111894,0.5236634,0.47230113,-0.52644116,0.46214554,0.5098738,0.5345747
MAT,real,2893,0.0072202478,0.00386634,0.016944926,0.028321423,0.011524485,0.017553367,0.025266629,-0.0019980026,-0.0045101554,0.028226683,0.024597334,0.027720826,0.011518211,-0.00045819016,-0.017568644,0.0023293744,-0.029274989,0.008112667,0.010872241,-0.004240289
MAT,halluc,2893,-0.50861937,-0.48236445,0.5454789,0.5172165,0.52723235,0.5164091,0.5487718,-0.5145086,-0.52148956,0.56008935,0.5446429,0.5591625,0.5104458,0.31016,-0.54288864,0.34332103,-0.5437502,0.5346606,-0.5057962,0.51379484
MDU,real,2893,-0.023320332,0.019881371,0.02286648,0.00048088483,0.010045528,-0.0033373095,0.0028612323,-0.0019065783,-0.0028667005,-0.014458084,0.00869991,0.020481782,0.020994473,0.004146516,-0.014355421,-0.0009332712,0.014828817,-0.00046008744,0.010984092,0.0027272743
MDU,halluc,2893,0.38710922,0.502204,0.5084925,0.40981916,0.45283115,0.43971288,0.3996502,0.38286197,0.39076036,0.44202626,0.42160758,0.47038713,0.4495004,0.42345935,0.35282552,0.4290501,0.44972658,0.49281377,0.4815231,0.41721275
MEDP,real,2893,-0.0054019196,0.0076700486,-0.009372558,0.026898326,0.025215223,0.022016844,-0.004716104,-0.008992791,-0.012402469,0.0066026524,0.026231287,-0.013406812,0.013530879,-0.0058062538,0.011537874,0.016919497,0.008493902,-0.0041775517,-0.006177719,-0.0065829814
MEDP,halluc,2893,-0.34418404,0.10457922,-0.15197027,0.10262579,0.45757017,0.18402636,-0.29938313,-0.5062851,-0.50887805,0.3512956,0.54418844,-0.08770388,0.40036112,0.25881758,0.081289485,0.36289838,0.29624867,-0.49337664,-0.43530124,0.019026011
MIDD,real,2893,-0.009435706,0.010353234,0.02363385,-0.0026906773,0.01875226,0.002302588,-0.0013538214,-0.016321598,-0.01170414,0.006665303,0.009572746,-0.003914437,0.015634386,0.0018273499,-0.027002737,-0.015612737,-0.0011296246,0.004370205,-0.0017598822,0.015034722
MIDD,halluc,2893,-0.5574888,0.12544906,0.34826416,-0.5391701,0.32773408,0.21034116,0.22980595,-0.57194394,-0.5648155,0.19910462,0.23858911,0.18561709,0.22743317,-0.16997057,-0.57871175,-0.34480163,0.020504683,-0.45600644,-0.48770106,0.16359298
MKSI,real,2893,-0.029504111,0.027294803,0.058637165,-0.0062770275,-0.02935532,0.015757168,0.0081994105,-0.030651242,-0.010461342,0.004102472,0.007115442,0.003962643,9.415753e-05,0.030506283,-0.019085076,0.013498725,-0.011174332,-0.010643365,-0.033015117,0.005610927
MKSI,halluc,2893,0.01737475,0.57645154,0.60161734,-0.08736189,0.518071,0.5556849,0.39953512,-0.26349446,0.027966652,0.5532608,0.5380921,0.54649574,0.55404985,0.57384235,-0.10939644,0.5610713,0.5167395,0.5108608,-0.2002041,0.5011666
MMS,real,2893,-0.025643947,-0.0078111314,0.010082909,-0.010082909,0.015086493,0.00426895,0.0036614935,-0.014727107,-0.0056392252,0.015994612,0.017024186,0.0132988375,-0.006338252,0.004153213,-0.0016130895,0.0073529743,-0.00931523,0.0043809153,0.004247266,0.005369294
MMS,halluc,2893,-0.20319572,0.5200522,0.54061556,0.17851241,0.5460674,0.5176732,0.4432957,-0.2243734,0.034805045,0.5489285,0.54196864,0.5367167,0.5229616,0.51997733,-0.0121172145,0.5200337,0.5209934,0.51401246,0.12716147,0.45172283
MPW,real,2893,-0.013730193,0.032864146,0.028573373,-0.004343112,0.006507615,0.0010804972,0.029789437,-0.0031496088,-0.0374977,0.01085787,0.011809047,0.03358133,0.01128796,0.010152372,-0.006079046,0.0010157442,0.010101096,0.047113717,-0.015459245,0.006792845
MPW,halluc,2893,-0.5004286,0.32081404,0.29070997,-0.1329201,0.34113687,0.18199553,0.37005892,0.22855562,0.1452113,0.3843016,0.19108526,0.26509106,0.32234043,0.31238323,0.31901565,0.30063337,0.32787964,0.36474025,0.11166978,0.21943969
MRCY,real,2893,-0.0432166,-0.101639315,0.048336547,-0.005763705,0.037616376,0.01338786,0.010925928,-0.00171723,-0.044217423,0.0133831,0.0,0.02393576,0.023939587,-0.0022554281,-0.030083919,0.015011829,0.0054293605,0.029484095,0.0024872196,0.0019302364
MRCY,halluc,2893,-0.3974904,-0.6185368,0.59664726,-0.14960465,0.5875144,0.5566199,0.562217,-0.30871335,-0.38626936,0.56425923,0.54930013,0.5748261,0.5708169,0.54910284,-0.38829747,0.5654222,0.5466468,0.58152366,-0.30813202,-0.050860338
MSM,real,2893,0.00041618978,0.00020802996,0.008801507,-0.010883756,-0.017452084,0.0104447855,0.004920703,-0.0056556496,-0.008437978,0.010955551,0.022562053,0.0136433365,0.0061957436,-0.008337618,-0.0044001094,-0.0002051282,0.0019470211,0.011704372,0.0039384044,0.0016112793
MSM,halluc,2893,0.18169674,0.54371524,0.5625352,-0.22097555,-0.06831999,0.54179144,0.5114189,0.04495391,-0.26663458,0.5623758,0.57650584,0.56414455,0.5578079,0.50233024,-0.2015668,0.5446407,0.54738766,0.54778326,-0.28381768,0.5444654
MTDR,real,2893,0.012772601,0.005825064,0.004595872,0.00039864462,0.030614635,0.011147531,-0.00019114977,-0.009025506,-0.03095252,0.02340093,0.015620798,0.029785424,0.00018571827,0.024579374,-0.055124734,0.006868945,0.051150672,0.004146765,-0.00071994244,0.0052078776
MTDR,halluc,2893,-0.22961427,0.39050984,0.43235105,-0.04753986,0.54475963,0.26150313,0.28300914,-0.15897065,-0.2331216,0.5541514,0.48127523,0.56765354,0.33046883,0.26823905,-0.23767808,0.48602057,0.5499827,0.09166763,0.12967946,0.09712338
MTG,real,2893,0.0039499723,-0.0065919817,0.014445425,0.012309841,0.008336053,0.008267138,0.010708764,-0.01642488,-0.02059275,0.012920076,0.009581677,0.008230499,0.013776047,0.0031046283,-0.0043491838,0.016672198,0.0030571714,0.012739026,0.0,-0.0012062727
MTG,halluc,2893,-0.16029787,-0.4999814,0.5292842,0.27300423,0.5090278,0.4902194,0.5102785,-0.5623396,-0.5555523,0.52646434,0.5221336,0.5224118,0.49743158,0.47572988,-0.5097374,0.5160636,0.085124,0.46482158,-0.47212777,0.23852934
MTSI,real,2893,-0.021692825,0.025482269,0.036332406,-0.008600148,0.020109933,0.026911614,-0.0070444397,-0.03010913,-0.02323264,0.004689909,0.033476595,0.010862925,0.032197163,0.020268464,-0.042024877,0.013803784,-0.013193004,0.0071488633,-0.02454864,0.016024996
MTSI,halluc,2893,-0.27015552,0.55250335,0.5578166,0.14512381,0.5666145,0.5663009,0.5098907,-0.09418159,-0.26159975,0.5416276,0.5545536,0.5442793,0.56699437,0.53661394,-0.39250395,0.45280704,0.37314102,0.44090432,-0.06058822,0.53434014
MTZ,real,2893,-0.025808461,0.022806516,0.029964788,-0.00818582,0.009986309,0.010481115,0.0016092834,-0.01819086,-0.008134347,0.005718262,0.0038801515,-0.0071684895,-0.0061731273,0.019347642,-0.015170089,0.0026021353,0.0032863473,-0.0055411397,-0.0058339667,0.001570681
MTZ,halluc,2893,-0.5855298,0.38590595,0.38179255,-0.56694025,0.27818954,0.33251625,0.1095841,-0.5302407,-0.41089302,0.2788838,0.24508695,0.22439505,0.18072912,0.32148385,-0.48431668,0.22501223,0.16607574,0.2640019,-0.37316686,0.21961245
MUR,real,2893,-0.0063863974,0.012468658,0.001843804,0.00864672,0.0046850685,-0.0054680514,-0.0039241384,-0.006310828,-0.0261907,0.04059451,0.021096744,0.03255985,0.008343606,0.008274566,-0.05198236,0.001275673,0.028652376,0.0074056126,0.007839334,0.00971353
MUR,halluc,2893,-0.43467355,0.48688534,0.4415378,-0.032591064,0.51963264,0.42376035,0.3086007,-0.139992,-0.45490974,0.5607682,0.5268033,0.56277543,0.350921,0.20509756,-0.48642233,0.42441294,0.5139356,0.17195868,0.026123736,0.42010584
MUSA,real,2893,-0.00078604266,-0.0063794977,-0.0018252893,0.023977717,0.026862182,0.019080957,-0.0013509169,-0.0032561242,-0.0010985107,-0.01432596,-0.0028899857,0.02475197,-0.018784152,-0.0017014598,0.01533892,0.0133585185,0.01869449,0.002900406,-0.008161268,-0.0007852376
MUSA,halluc,2893,-0.5165129,-0.4345802,-0.28998435,0.04819758,0.15919434,0.09672782,-0.45201063,-0.5522561,-0.5327693,-0.18673374,-0.040307567,0.13005114,-0.4581574,-0.33472663,0.1553602,0.16863815,0.26836854,-0.49864236,-0.5435015,-0.5417033
NARI,real,2893,0.009618762,-0.012211004,-0.027365329,0.0067352257,0.02235901,0.004309237,-0.024374466,-0.028604023,-0.017194496,0.018463187,0.04878154,-0.026039042,-0.007820872,-0.0023224663,0.023160232,0.0076602045,0.004499056,-0.02730306,-0.0023092646,0.022334525
NARI,halluc,2893,-0.47941777,0.10336134,-0.53031856,0.48099616,0.5500251,0.49249852,-0.47205225,-0.5445351,-0.5346832,0.5288838,0.57020897,-0.38233447,0.51208645,0.48378724,0.5274388,0.53427315,0.5233374,-0.542507,-0.31732497,0.4907237
NATI,real,2893,-0.0026235257,0.0027981831,0.004182648,-0.0008699435,-0.0006965001,-0.00017420086,-8.711181e-05,-0.00026138098,0.0008710043,-0.009271474,0.0049088458,-0.0014000703,-0.005267791,-0.0015857636,-0.0015882823,-0.0014139274,0.0017670972,-0.006376217,-0.002846977,-0.0042857206
NATI,halluc,2893,-0.5218825,0.514481,0.52575815,-0.52595055,0.38554075,0.33536053,-0.5029853,-0.51810807,-0.53296053,-0.3117966,0.5131281,0.5062451,0.34823224,0.35588259,0.14512916,0.32875377,0.5182268,-0.46368307,-0.49672598,-0.5188867
NBIX,real,2893,-0.015033232,-0.0031172095,-0.014676854,0.0013719595,-0.0034863488,-0.002012819,0.0018011341,0.00074070157,-0.0014819523,-0.0040335474,0.016246798,0.027150055,-0.009825071,-0.012418663,-0.009626526,0.009314075,0.01242252,0.0066649825,0.0006129955,0.008947696
NBIX,halluc,2893,-0.5758463,-0.16003722,-0.14583051,-0.55871105,-0.05740587,-0.1288458,-0.26746777,-0.53880596,-0.5366708,-0.14799328,-0.052841622,0.06403529,-0.16914612,-0.12730834,-0.56972826,-0.09464973,-0.07179435,-0.11959423,-0.54468983,-0.2022811
NCR,real,2893,-0.008986989,-0.00123178,0.017512156,-0.0040453128,0.011285892,0.009970172,0.016138906,-0.03375345,-0.0077032614,0.01774956,0.01192383,0.017235052,0.015032081,0.013300595,-0.020595694,0.0015402391,0.032181464,0.0022329744,-0.0070882593,-0.0018737124
NCR,halluc,2893,0.10493523,0.5417671,0.5602547,0.44208187,0.55215865,0.54086214,0.55284214,-0.26825094,0.19880752,0.5612298,0.5405928,0.55458003,0.558474,0.5556751,0.10720002,0.5343399,0.5718104,0.50615543,0.43944764,0.37078547
NEOG,real,2893,0.008333381,-0.0143954195,0.0018691594,0.005586607,0.018855467,-0.009153382,-0.007846798,-0.007908857,-0.00891397,0.0037629395,0.011204599,0.017031481,0.018539984,0.0066979486,0.011944402,0.00087912095,0.008313327,-0.0135996835,-0.011997478,0.008457651
NEOG,halluc,2893,0.17945902,0.2548568,0.47283798,0.37393472,0.5251611,0.4574629,0.21724792,-0.005473584,-0.32696214,0.48812926,0.48770988,0.51505214,0.49617207,0.47395837,0.3906659,0.49402106,0.48949695,0.061474424,-0.5018601,0.38485804
NFG,real,2893,-0.02331015,0.012021784,0.008527568,0.001381352,0.020011498,0.0025343613,0.0023337232,-0.0011661809,-0.02023446,-0.0041762018,-0.0055955383,0.02180463,0.014018921,0.004629638,-0.026325006,-0.0053491956,0.02142167,0.008518929,0.0048081637,-0.0036520944
NFG,halluc,2893,0.075081386,0.526087,0.49648136,0.17324662,0.51358974,0.34318522,0.16793287,0.12411352,-0.008235968,0.34714848,0.4620286,0.50864965,0.34464476,0.22915578,-0.114182055,0.48030317,0.51763535,0.32318956,0.4979867,0.26576284
NJR,real,2893,-0.026399216,0.0049897055,0.009047886,-0.0036523836,0.016014008,-0.00021184197,0.0029617115,-0.0059322207,-0.014770685,-0.020920353,0.00505218,0.0104621705,0.010353846,0.0036414305,-0.012911735,-0.006518928,0.0015248887,0.0049940394,0.01055703,-0.0049414644
NJR,halluc,2893,0.4245057,0.5124552,0.51228404,0.48011446,0.51580685,0.49635825,0.45112777,0.43984663,0.44700572,0.4945948,0.49642253,0.50426227,0.5099461,0.4850244,0.34259665,0.5017914,0.50191736,0.505278,0.50949055,0.48110577
NLY,real,2893,-0.01577942,0.009891277,0.013685453,0.0038759739,-0.0009988819,0.0,-0.012066511,-0.023024809,-0.028348355,0.023679085,0.015992086,0.006122468,0.010121544,0.014992785,-0.00796817,0.0054849302,0.012846027,0.007824001,-0.016699798,-0.0049652536
NLY,halluc,2893,-0.52632976,0.47369015,0.5273745,-0.2746445,0.51326025,0.51624316,-0.07534426,-0.53883874,-0.545359,0.5373407,0.5279369,0.5168677,0.518095,0.52645075,-0.50858617,0.5160907,0.52972335,0.3863626,-0.45512035,-0.49231294
NNN,real,2893,-0.0098903235,0.013245227,0.008101068,0.0033167526,0.013624829,-0.0016345596,0.0065222685,0.006480004,-0.0046242857,-0.020131767,0.004247293,0.017274005,-0.003942034,0.0048673176,-0.0018514238,0.0,-0.003945694,0.012709588,0.012776811,0.008802675
NNN,halluc,2893,0.4365178,0.4935552,0.47546592,0.36851603,0.4465826,0.4620868,0.36417913,0.2971148,0.37823054,0.47723684,0.34269032,0.42210186,0.4436895,0.4484695,0.15249139,0.19925174,0.3849444,0.50718033,0.47828272,0.42510656
NSA,real,2893,-0.019037036,0.0108808605,0.012787155,-0.004921127,0.00866807,0.002011784,0.0054402426,0.00028551035,0.0019962932,0.0039806706,0.007914117,0.020067563,0.00522913,0.008201249,-0.0038188808,-0.008232757,-0.031348776,0.0031227847,-0.019751608,0.009495108
NSA,halluc,2893,-0.0937753,0.0039457064,0.14148994,-0.094792716,0.036936305,0.10039758,0.0040976945,-0.37613556,-0.286028,0.06028354,0.18826135,0.2719466,-0.0126934955,0.27297232,-0.31037033,-0.04890253,-0.34790882,0.047893226,-0.48746616,0.049457923
NVST,real,2893,-0.023599915,0.007731231,0.0017756737,-0.0050392873,0.002078077,0.0035524017,0.0023612762,-0.012459372,0.0023852128,0.0047534253,0.0029594577,0.027111411,-0.015068381,0.033025257,-0.009365756,0.004268039,-0.014298214,0.012593183,-0.019819692,0.025209012
NVST,halluc,2893,-0.33267957,0.05735659,0.12198061,-0.30868545,0.10187107,0.05702226,-0.075344004,-0.35078704,-0.35918677,-0.018989766,0.22543374,0.35888994,-0.06708132,0.37344635,-0.36122733,-0.012588657,-0.14802825,0.0018448103,-0.5231163,-0.0052870484
NVT,real,2893,0.007080413,0.03226086,0.020090183,-0.00019694732,0.0029501447,0.014621569,-0.0048501403,-0.020036027,-0.01579875,0.01975915,0.023824599,0.0011571844,0.005957546,0.017286023,0.00018830619,0.0143941175,0.029983964,-0.017075801,-0.010996731,-0.008397922
NVT,halluc,2893,-0.22205314,0.5674418,0.5271954,-0.0006444678,0.52410847,0.5287842,0.45998344,-0.3167491,-0.30794924,0.5370826,0.5399753,0.5187277,0.51669824,0.53653383,-0.22170743,0.54155815,0.56750673,0.053098943,0.31323248,-0.26734817
NXST,real,2893,-0.010565472,0.039179374,0.020429444,-0.011291433,0.018916339,-0.015608562,0.003476388,0.00023930601,0.0020914883,0.016634984,0.012427594,0.015134802,0.010623591,0.008552832,-0.019690577,0.005243372,0.039729994,-0.0055328966,0.0077157076,-0.017153645
NXST,halluc,2893,-0.35437366,0.5829834,0.5634407,0.019700572,0.56176054,0.50002515,0.5019285,-0.34499305,-0.32496446,0.5667634,0.5561456,0.56677955,0.5606394,0.3791435,-0.32237458,0.551277,0.59250176,0.14394249,0.5505324,-0.24101919
NYT,real,2893,-0.0007977663,0.0147877,0.019468494,0.019096697,0.000252175,-0.00708505,0.011362324,-0.003017352,0.00025179403,0.005523489,0.019886324,0.021909347,0.011015437,-0.0040568006,-0.007681267,0.0,0.026864804,-0.01798865,0.00119346,-0.03002647
NYT,halluc,2893,0.0397735,0.5345048,0.5383833,0.5067442,0.43779087,0.41439953,0.3665082,0.062009104,0.12722164,0.5169611,0.5368394,0.54044574,0.42090762,0.50273204,0.15381253,0.51860327,0.5432795,0.23406582,0.50872266,0.120590195
OC,real,2893,0.0007257187,0.008028302,0.025343794,-0.0017947023,0.020714916,-0.0016844043,0.008849615,-0.022971855,-0.016060513,0.00401971,0.012817683,0.013881614,0.020317582,0.0015747445,-0.0042214026,0.018783057,0.019673247,-0.008981112,-0.040718094,-0.0044407086
OC,halluc,2893,-0.5439142,0.5074911,0.55150056,-0.21091525,0.54316497,-0.06289755,0.5039942,-0.56500393,-0.55491203,0.36068547,0.53274363,0.5379075,0.5476893,0.51714057,-0.5427996,0.53976566,0.5381299,-0.40628415,-0.57899404,-0.5154181
OGE,real,2893,-0.01419253,0.01059391,0.00083160086,-0.017046662,0.0022522532,0.009794397,0.0085956445,0.0085223885,-0.0076944595,-0.0074476367,-0.0073363762,0.012663741,0.013885255,0.0074186353,-0.0049396367,-0.020848567,-0.0030946713,0.013156243,0.016273977,0.011966419
OGE,halluc,2893,0.48941925,0.5106458,0.50066686,0.37777886,0.46431488,0.48011726,0.4903033,0.49282998,0.48631114,0.4690784,0.40990973,0.4636642,0.5117386,0.5026856,0.41140854,0.12756412,0.2473583,0.51953197,0.5115026,0.5030814
OGS,real,2893,-0.017389486,0.0074340086,0.0041493834,-0.010798258,0.011186381,-0.006488473,0.0031197218,-0.0023388783,-0.0112507725,-0.02410076,0.014715984,0.01607201,0.016846323,0.0019256697,-0.02283145,0.016268987,0.006562463,0.010461948,0.016364917,0.006471709
OGS,halluc,2893,0.39238632,0.38795516,0.45426258,0.3641423,0.38894933,0.37605876,0.3052219,0.3147347,0.33012345,0.40223348,0.48702297,0.3706609,0.38429418,0.38510996,0.274431,0.3797957,0.36953384,0.39967197,0.36371815,0.44694778
OHI,real,2893,-0.013861608,0.0023236524,0.0009942006,-0.0023213408,0.01613735,0.0026101156,0.0016278694,0.0058384854,-0.0048630345,0.006155859,0.003224769,0.021971907,0.0040861284,-0.0015696127,0.012178136,0.0,-0.0018639334,0.016039826,0.0006118079,0.0009170106
OHI,halluc,2893,-0.25490904,0.30106044,0.4035085,-0.15966392,0.47670117,0.41935298,-0.37211546,-0.4658821,0.20111519,0.5235274,0.2720387,0.43356147,0.42613214,0.2078953,0.2126723,-0.4393779,0.4260716,0.50866795,0.39521623,0.14195529
OLLI,real,2893,0.00016859142,0.014061162,-0.0039973403,-0.028781401,-0.008105589,0.0031120358,0.04208479,0.03416633,0.0035126973,0.023938151,0.04100872,0.016884288,0.014145332,0.016087677,-0.016956866,0.025752496,0.005914677,0.019328976,-0.014286948,0.011390594
OLLI,halluc,2893,-0.51865625,0.5198167,0.5360769,-0.5563011,-0.51106054,0.43239048,0.557959,-0.0068253577,-0.5254487,0.5730634,0.5779147,0.5154685,0.5075294,0.53551114,-0.545038,0.49265388,0.5359736,0.5221445,-0.5407346,0.5216315
OLN,real,2893,0.011886283,0.019501798,0.0064843185,0.013242569,0.033708856,-0.009682492,0.020035345,-0.025694449,0.0021503284,0.033413246,-0.003973891,0.01056215,0.04224687,0.0046653594,-0.03256906,-0.01546951,0.019530054,0.008985116,0.009809343,0.009714054
OLN,halluc,2893,-0.5397729,0.384048,0.5102851,-0.24303915,0.5540102,0.50637823,0.5095999,-0.57667845,-0.5425328,0.556723,0.50647324,0.373063,0.56641275,0.2078958,-0.57852626,0.05842349,0.4665463,-0.40930867,0.24761489,0.01956899
OMCL,real,2893,-0.013881243,-0.0068699284,-0.0070620743,0.022736376,0.031726606,0.008999242,-0.009684315,-0.0077050463,-0.030145992,0.0075161667,0.02180075,0.010724701,0.0031405773,0.00040891435,-0.01385957,-0.014194505,-0.055766087,-0.00088954787,-0.06987261,0.004918693
OMCL,halluc,2893,0.042698566,-0.052432187,0.5334791,0.5517305,0.5626104,0.5441083,0.52207595,-0.52794105,-0.5325902,0.55543864,0.56205,0.54346126,0.5369659,0.54426575,-0.43075138,0.51008016,-0.6017286,0.49684256,-0.60488534,0.5078328
OPCH,real,2893,0.01462792,0.050517417,-0.014538815,-0.0038277558,0.020247448,0.017386343,-0.0027739268,-0.01242252,-0.009103814,-0.015252917,-0.0038498603,-0.0051563117,-0.009414125,0.023211874,0.03537699,0.021002142,0.018798107,-0.016090931,-0.0060259295,-0.0012095557
OPCH,halluc,2893,0.26359263,0.59946823,-0.475659,-0.2256107,-0.23398879,-0.29098436,-0.3005736,0.49260107,0.49088374,-0.33186084,-0.31180438,-0.34472117,-0.34398803,0.17058481,0.55715287,0.035822492,0.545031,-0.34433374,0.5311276,-0.22021025
ORA,real,2893,-0.028756361,-0.011961423,0.0002480774,-0.009846156,-0.00087713805,0.008612673,-0.006108602,0.018214988,-0.039191242,0.009405255,0.030890487,0.0050162217,0.020175857,0.0027470903,-0.0005965519,0.005118754,-0.009184773,0.011438228,-0.003560412,0.000594283
ORA,halluc,2893,-0.5678792,-0.32907134,0.1858069,-0.5217043,-0.14132994,-0.37816793,-0.5510464,-0.5360063,-0.5907242,-0.12657914,0.36704957,-0.3081631,0.082949236,-0.22871545,-0.5284944,-0.09605569,-0.3797463,-0.52664703,-0.5585563,-0.51084936
ORI,real,2893,-0.012310373,0.0106777195,0.0145988,-0.0056520132,0.01765696,0.0011926059,-0.006177164,-0.0018005406,0.008771986,-0.0071713454,0.004786607,0.0138314795,0.0011767014,0.003912368,-0.007840103,0.014068227,0.007731001,0.0046100733,0.017477648,-0.00075357954
ORI,halluc,2893,0.061637245,0.5389832,0.5526393,0.05952817,0.54894125,0.4970201,-0.021934927,0.24985164,0.10944966,0.33375293,0.5314149,0.53679615,0.1944392,0.530674,-0.1314379,0.54289657,0.53011703,0.4365403,0.5115038,0.42052507
OVV,real,2893,-0.012786081,0.024853015,0.0072262683,0.006074011,0.03302953,0.0137531925,-0.011890747,0.0079428535,-0.017021688,0.017285366,0.0010540185,0.048827786,-0.018734725,0.016977476,-0.03972335,0.027589735,0.038418293,0.014577517,0.013654542,0.004036572
OVV,halluc,2893,-0.26469296,0.5731246,0.5429243,-0.11693843,0.58810794,0.41645625,-0.022482052,0.09829137,-0.2501986,0.5286347,0.55051816,0.602596,0.21412359,0.35942435,-0.3721328,0.5667125,0.59330046,0.406116,0.48721695,0.3482894
PBF,real,2893,-0.008534188,0.0052797105,0.021335466,0.025925135,-0.008888948,-0.012139018,-0.008339514,-0.0014789256,-0.011162214,0.033843346,-0.02169494,0.017345006,-0.023028946,0.008882368,-0.020097438,-0.002258187,0.024563944,0.021819048,0.02440012,0.017859688
PBF,halluc,2893,-0.11787383,0.10237535,0.042405237,-0.10304374,0.15105563,-0.020037659,0.114124924,0.099329725,-0.056620125,0.20985074,0.04325948,0.38275358,0.06626113,-0.18707953,-0.04731004,0.07308005,0.14247394,0.14292242,0.082556605,0.17477226
PCH,real,2893,-0.030391516,0.008918897,0.025327673,0.026577115,-0.0005621662,-0.009416265,-0.0013253812,-0.00722574,-0.009009933,0.007099713,0.02193734,0.0013085337,0.00074696547,0.00018665423,-0.000746826,0.0024251482,0.008164826,-0.014519987,0.010074712,-0.008762991
PCH,halluc,2893,-0.5480052,0.4212031,0.50748754,0.40956742,0.07626168,0.057498954,-0.41662544,-0.5379998,-0.5010838,0.46361536,0.49492878,0.4624709,-0.050340336,0.37515953,-0.52318877,0.43587956,0.48900804,-0.52498466,0.39228833,-0.3989078
PCTY,real,2893,-0.022101892,0.012202473,0.0036263254,-0.0020068015,-0.0044740303,0.03372778,-0.0025502604,-0.0044650226,0.017366339,0.003640456,0.047178067,0.037126537,0.0027958327,0.048566226,0.012104495,0.0027620513,0.028773421,0.0048124148,-0.0053932513,-0.007761889
PCTY,halluc,2893,-0.10273266,0.4915811,0.54820496,0.11613062,0.54884034,0.5526776,0.50629854,-0.11021915,0.13751268,0.5423607,0.5932648,0.58669806,0.5442571,0.595049,0.13873065,0.5410709,0.5743374,0.33180597,-0.4980679,0.01759066
PDCO,real,2893,-0.0038461585,0.013714137,0.021930704,0.00463751,0.021361813,0.0042181443,-0.023884911,-0.009436221,-0.002178311,-0.0021830664,0.0083942665,0.014141029,-0.0045892694,0.0064190957,-0.023117073,0.014241727,-0.0006150062,-0.0015391723,0.004956588,-0.004646129
PDCO,halluc,2893,-0.51388305,0.4196239,0.4216131,-0.47615334,0.45318383,0.12639979,-0.5441169,-0.18075788,-0.4977762,0.06339216,0.35345018,0.44529873,-0.13477491,0.32302865,-0.5634382,0.435111,0.37464002,0.07046198,0.07101837,0.06315434
PEN,real,2893,-0.017446443,-0.014592637,-0.0058177775,0.0063339532,0.032669373,0.0107828,-0.015494649,-0.0043783165,-0.017073987,-0.012778078,-0.0003666249,-0.018162414,-0.010636401,0.0034849257,-0.013060123,-0.0045829304,0.0033437924,-0.039492894,0.01150912,-0.0075152544
PEN,halluc,2893,-0.3243433,0.5099839,0.30277044,-0.13250689,0.2884953,0.5709628,-0.5194407,-0.529493,-0.5711564,0.13401866,0.2983969,0.51753926,0.52568567,0.27309296,-0.29145592,0.35575113,0.34047976,-0.3923005,-0.5288534,-0.53305244
PENN,real,2893,-0.02402518,0.028255304,0.020059176,-0.016687913,0.0016813792,0.00919739,0.00993797,-0.0016494849,-0.025921185,0.04634673,0.047383517,0.008066108,0.02381515,0.011882799,-0.041452806,-0.010831827,0.052653708,0.01900642,-0.030884808,-0.0146701895
PENN,halluc,2893,-0.5509654,0.50262505,0.54392284,-0.5330508,0.19119786,0.15804195,0.4280284,-0.34363955,-0.5290503,0.5680351,0.52745545,0.4004488,0.41147193,0.48840785,-0.54928297,0.34536827,0.5688722,0.3984827,-0.5392702,0.030646753
PFGC,real,2893,0.015877504,0.001210968,0.026445284,0.0043682866,0.0066834,0.003159035,0.009746505,-0.006597418,-0.011316479,0.010488734,0.005450505,0.004273511,0.0071907486,-0.0048971693,-0.016166633,0.014037057,-0.01320587,0.021046486,0.0038973743,0.004366466
PFGC,halluc,2893,0.10382204,-0.28272,0.5422514,0.28542304,0.51954794,0.5098796,0.51690966,-0.34158492,-0.35374686,0.51919353,0.5231233,0.52144754,0.51570094,0.3746612,-0.4953158,0.52038205,0.0036299266,0.5337477,-0.32575247,0.5127698
PGNY,real,2893,-0.02403248,0.016264929,0.006966802,0.013262793,0.027035698,0.00893661,-0.020285713,-0.018589355,-0.022178598,0.0080732405,0.024882173,0.0010452052,0.008840411,0.014392436,-0.010001366,0.03220768,0.010674049,-0.00693759,0.0027312245,-0.009717281
PGNY,halluc,2893,-0.55677944,0.4623872,0.33931753,-0.2752437,0.48890448,0.28669557,-0.5131422,-0.5440238,-0.5386961,0.2945518,0.46985096,0.46185467,0.4505425,0.31023386,-0.53002304,0.49642545,0.4779003,-0.4496536,-0.47031716,-0.52742136
PII,real,2893,-0.007599346,0.015994838,0.00917126,-0.0003381806,0.011267251,0.011059024,0.010938059,-0.0074709924,-0.0008244024,0.005920583,0.008896928,0.04551113,0.0063467706,0.0007712479,-0.014365274,0.012204279,0.020419016,0.024304805,-0.0077879126,0.00059550395
PII,halluc,2893,-0.5258821,0.54526466,0.53028417,-0.46965507,0.54638356,0.5489849,0.5154376,-0.4925934,-0.36393362,0.53615266,0.545913,0.5863693,0.5374427,0.5250358,-0.54296565,0.54220045,0.5495407,0.47631624,-0.46819013,0.3959985
PK,real,2893,-0.016915426,-0.0024400174,0.0137487,-0.011308683,0.048946813,0.0039077816,0.036757585,-0.010582109,-0.0030441424,0.014377849,0.020818595,0.008791265,-0.008055701,0.013873899,-0.032427307,-0.02196226,0.019712541,0.011198325,-0.023283064,-0.007627802
PK,halluc,2893,-0.5648026,0.51458865,0.54474926,-0.38991898,0.5777003,0.41276687,0.5464082,-0.5577659,-0.12001659,0.5433548,0.5368243,0.5355007,0.5019378,0.53945434,-0.5827171,0.48283583,0.5527409,0.45132133,-0.43128237,-0.070981294
PLNT,real,2893,-0.032347836,0.009844835,0.009898101,-0.008542577,0.019525176,-0.004586146,0.0014817013,-0.022913769,0.0007571743,0.010540679,0.03647463,0.0015874165,-0.0012986078,-0.0056468695,0.0028998135,-0.00960147,0.0051031676,-0.0121444175,-0.02097511,0.013587369
PLNT,halluc,2893,-0.59056836,0.29195452,0.5397471,-0.11107317,0.56425804,0.14292689,0.045444068,-0.5809612,-0.55154616,0.55017376,0.58347005,0.2076828,0.2342725,0.1657051,-0.5521285,0.14211194,0.28892577,0.14545153,-0.5515478,0.33213246
PNFP,real,2893,-0.00036948087,-0.0027754668,0.021809716,-0.006182962,0.03882072,-0.0059838262,0.015588371,-0.014529796,-0.0053041144,0.0264163,0.009964006,0.015772395,0.012042293,0.033995755,-0.03366331,0.018279636,0.054616746,0.075850226,0.015913948,-0.01319636
PNFP,halluc,2893,-0.4022771,0.48714522,0.55172074,0.0720842,0.5961728,0.32786787,0.5052302,0.37142482,-0.2232799,0.5757651,0.31540954,0.2450317,0.34937474,0.5387521,-0.2322833,0.41803023,0.5906935,0.4663535,0.031347934,0.2548316
PNM,real,2893,-0.0114943795,-0.0013348167,0.0053286096,-0.0026607555,0.0028821658,-0.0015509032,0.0070702904,0.0057080286,-0.0028499416,-0.0037391444,-0.0017644468,0.00022072619,0.008570539,0.0021857931,0.0004365859,-0.00065495033,-0.010537968,0.0008824179,0.00549754,0.0043763747
PNM,halluc,2893,0.45035827,0.48795098,0.5151468,0.49558556,0.4849565,0.52551335,0.50038534,0.43637395,0.37266856,0.5243289,0.49326533,0.4903301,0.5354069,0.52565557,0.43077934,0.46691543,0.28601095,0.5326771,0.48908773,0.5010958
POR,real,2893,-0.017543381,0.020845281,0.009524889,-0.022152131,-0.001940283,0.010518504,0.007975796,0.00031771246,-0.0061604017,-0.010926729,-0.003668937,0.0068950932,0.019983659,0.0010518567,-0.0012623608,-0.017842444,-0.006450248,0.013497795,0.031628985,0.013516487
POR,halluc,2893,0.4199508,0.4660457,0.43945855,0.2816017,0.31208202,0.3645776,0.4713073,0.4949134,0.4082996,0.29647627,0.28477103,0.35186893,0.4634277,0.44877738,0.3229211,0.13559376,0.08422756,0.45414597,0.45221916,0.43875632
POST,real,2893,-0.012728612,0.011219003,0.0033644675,-0.0124702975,0.006312857,0.0097414665,0.00781703,-0.009087312,0.0020778028,-0.0017312025,-0.013373069,0.0026889592,0.007907937,0.0056598475,-0.004386478,-0.0074315253,0.0019793918,0.0119097205,0.012564414,-0.0076340595
POST,halluc,2893,0.49053818,0.47535723,0.47443154,0.4779033,0.4727366,0.4796347,0.44226936,0.40792438,0.45113668,0.48080933,0.42050117,0.44604295,0.48101047,0.4636811,0.45888498,0.42315036,0.45522407,0.5030012,0.46627775,0.487199
POWI,real,2893,-0.025913486,0.02871445,0.02802169,-0.0047982642,0.020235501,0.014041291,0.0026372715,-0.03385796,-0.019700192,-0.0032285026,0.025649488,0.024159655,0.02834473,0.01960647,-0.017340295,-0.0034011886,-0.011212742,-0.01716464,-0.024514722,0.0027175406
POWI,halluc,2893,-0.15700936,0.54899544,0.53279185,0.1406908,0.5658161,0.5511451,0.40635905,-0.17052175,-0.13729107,0.5400444,0.56402165,0.56221324,0.5687371,0.54938775,-0.19137715,0.40015325,0.37624884,0.3391631,-0.05750925,0.2075856
PPC,real,2893,-0.025569575,0.00047950132,-0.023279421,0.03282148,-0.0071479934,0.027360197,0.007879531,0.0050656334,0.00045924226,0.003208804,-0.0064279377,0.03529778,0.02805971,0.08392621,-0.012601427,0.0016090109,-0.015799398,0.00529425,0.0,-0.011027271
PPC,halluc,2893,-0.5210488,-0.33741164,-0.4171856,0.23450045,-0.26491266,0.11927259,0.16816211,0.26729852,-0.17456493,0.06532578,0.26345104,0.31027508,0.37965614,0.62843853,-0.48962688,0.33095324,-0.3927843,0.22101468,-0.089124255,-0.27843344
PRGO,real,2893,-0.01862031,-0.0023894873,-0.003895136,-0.0024045699,0.012262752,0.009173019,-0.01066045,-0.0110762995,-0.0048280116,-0.013091981,0.00975915,0.011766616,-0.007829007,0.0048251,0.023488518,-0.024692612,0.005107417,0.025737258,0.027651532,0.005100606
PRGO,halluc,2893,-0.09656224,0.11301696,0.29305133,-0.09308148,0.48302174,0.44339564,-0.3161644,-0.48813945,-0.089620575,0.5262942,-0.10178912,0.24699385,0.16977692,-0.10786962,-0.03740216,-0.4021348,0.49322587,0.51194096,0.1550402,-0.033891995
PRI,real,2893,-0.024055963,0.0023261972,0.024876775,0.0026235257,0.017821245,-0.0019701454,0.0025251263,-0.00891687,0.010126669,0.0031185579,0.012129831,0.010954417,-0.005560901,-0.0051454697,-0.0013898542,0.022494933,0.013603027,-0.0064890035,0.020004008,-0.003077144
PRI,halluc,2893,-0.56877583,0.2885554,0.39047632,-0.06641646,0.37606296,0.1789072,-0.24140231,-0.55418175,0.19109859,0.30570245,0.3073703,0.31924137,0.015898079,0.21209478,-0.54329884,0.3224691,0.36307245,-0.5060136,0.28387877,-0.49738705
PVH,real,2893,-0.018139975,0.0050583044,0.024554534,-0.0069888225,0.011182705,0.015895946,0.026593914,-0.036053605,-0.0015456872,-0.00417338,0.03855871,0.014948644,0.030012852,0.013970976,-0.045003716,-0.008654119,0.011371512,-0.00874459,-0.001141292,-0.019021843
PVH,halluc,2893,-0.5662526,0.5294536,0.5590565,0.28134897,0.54083264,0.53976405,0.5483852,-0.5917285,-0.48842365,0.5173293,0.57175934,0.54229873,0.5638882,0.5387686,-0.56370515,0.3285122,0.5391558,0.3396536,0.26341373,-0.25392345
PZZA,real,2893,-0.033440508,0.01415085,0.0033333364,0.012538917,0.002461708,0.00843313,0.023823397,-0.024500858,-0.0021709641,0.031685024,0.022124797,-0.0073638987,-0.00012967645,-0.020438286,0.005807064,0.0001315876,-0.011513394,0.025364393,0.035315033,0.009102874
PZZA,halluc,2893,-0.5272346,0.5619681,0.5507777,0.2525162,0.5485054,0.51203394,0.5116204,-0.5464844,0.44932163,0.57920855,0.56009114,0.5309016,0.4911818,0.40059298,0.47425717,0.39967597,0.52952373,0.5423087,0.5817402,0.5107577
QDEL,real,2893,-0.014005996,-0.006659556,-0.032992683,0.0025863675,0.0018433185,0.017163102,0.0048158052,0.005509656,-0.01443721,0.018371172,0.011827459,0.015516848,0.010250594,0.0028605775,-0.024170011,-0.02729168,0.0053986097,0.001315239,0.013293965,0.025609594
QDEL,halluc,2893,-0.5307088,-0.08075249,-0.37147686,0.055635873,0.15366773,0.18197326,-0.024240756,-0.4980264,-0.5318585,0.2642439,0.26433626,0.16762018,0.31053495,0.19614667,-0.54226494,-0.49261874,-0.43769854,-0.28220403,-0.47255844,0.22100738
QLYS,real,2893,-0.016246276,-0.009681399,0.0275852,-0.008712926,0.022419818,0.0048114327,-0.005433952,-0.010013383,-0.023305887,0.0029732033,0.036012243,-0.016308738,0.0076802885,0.014493569,-0.005246116,0.0073983073,0.012437686,0.0071782395,-0.013492208,0.0005340454
QLYS,halluc,2893,-0.55404097,0.19464122,0.5328653,-0.53608763,0.4885308,-0.33253652,-0.5365181,-0.55118406,-0.5665827,0.29677764,0.5503053,0.1998504,0.3619549,0.3077022,-0.5437277,0.3586592,0.21263617,-0.5065805,-0.5527491,-0.5306289
R,real,2893,-0.0024354616,0.014284228,0.0040782113,-0.0025169307,0.009079025,0.008289957,0.0133554,-0.02581625,-0.004308288,0.018183399,-0.0020041268,0.0035339887,0.009479853,0.03344717,-0.0051954035,0.004970077,0.018199576,0.02318564,-0.0022728513,-0.005214569
R,halluc,2893,-0.55974215,0.33204716,0.300867,-0.5444068,0.3449422,-0.24571218,0.37292016,-0.5840204,-0.55989164,0.5346905,-0.43532112,0.31365633,0.35663286,0.56252426,-0.566309,0.14928594,0.5463162,0.38842374,-0.51220745,-0.44091514
RCM,real,2893,0.008018371,0.0028481933,0.006237616,0.032808058,0.0059994725,0.003257332,-0.008163311,-0.010436788,-0.020642295,-0.023960074,0.021137604,-0.006806606,0.016370673,0.011135972,0.022448245,0.0010822512,-0.008690984,-0.016502025,-0.033844177,-0.0051768883
RCM,halluc,2893,0.09314641,-0.0857322,0.19758493,0.16431993,0.4517423,0.21704227,0.104003675,-0.22704375,-0.448101,0.2348923,0.48626167,0.2890002,0.4816543,0.2420043,0.46383002,0.46285748,0.07299641,-0.19146721,-0.47580603,0.24002908
REXR,real,2893,-0.019127075,0.012267665,0.019860465,-0.010075652,0.011508939,0.012719385,0.017276177,-0.0013183918,-0.013853529,-0.013854369,0.0050251363,0.030380161,0.024386946,0.008903484,-0.006169499,-0.013745291,-0.021073041,0.017375495,0.0005555041,0.027208837
REXR,halluc,2893,0.49739578,0.537168,0.5451936,0.524084,0.53411984,0.5386389,0.5341405,0.5083864,0.50147724,0.52623534,0.5278039,0.5524951,0.5457139,0.5372161,0.5026573,0.5066499,0.492316,0.5439131,0.5118589,0.5533167
RGA,real,2893,-0.020237137,-0.0046013454,0.00667938,-0.00538311,-0.00678801,0.0049150805,0.010686085,-0.004934397,0.015719233,0.008362956,-0.0036458008,-0.0034476728,-0.009631802,0.01026594,-0.011761507,0.014996391,0.0013330997,-0.0017544479,0.01830444,-0.0070593413
RGA,halluc,2893,-0.5360272,-0.042416368,-0.06316073,-0.23976897,-0.20304313,0.13954857,-0.1527317,-0.5038601,0.16003613,0.08612904,-0.2101538,-0.15449375,-0.39364275,-0.10666743,-0.5350348,-0.22545591,-0.15855962,-0.48786372,0.19444244,-0.364728
RGEN,real,2893,-0.0014698025,0.006663582,-0.058601033,-0.020705853,-0.004828664,0.02172445,0.004021311,-0.023148358,0.016082687,0.003609729,0.013195026,0.03204281,0.014347256,-0.007349044,0.009078228,0.010773046,0.028961241,0.012691331,-0.0067063393,0.10711103
RGEN,halluc,2893,-0.42309937,-0.18710485,-0.4582457,-0.4594237,-0.2950349,-0.2677303,-0.38385388,-0.56980276,-0.5041167,-0.3480225,-0.07655218,0.0018871129,-0.26504576,-0.05128666,-0.5396512,-0.362793,-0.46923676,-0.18374684,-0.4259562,0.13460617
RGLD,real,2893,0.00052640814,0.0021028658,-0.015258046,-0.0082995435,0.012556379,0.015629433,0.016246468,-0.018688899,-0.009021963,0.02643787,0.01359867,-0.005878611,0.043065056,0.0011451944,-0.009941338,-0.004883509,0.010564641,0.0016406894,-0.012039397,0.011629476
RGLD,halluc,2893,-0.53794634,-0.09414971,-0.41572747,0.005503442,0.21009082,0.20690995,0.00837731,-0.55784875,-0.55260646,0.22949928,0.23886031,0.012785006,0.35534912,0.17703593,-0.52530104,-0.48574227,-0.43295333,-0.4934663,-0.49442297,0.1468911
RH,real,2893,-0.005553665,0.021022612,0.028211083,0.015811762,0.037305962,0.022552848,0.0072252685,0.0015350584,-0.023985323,0.015164313,0.052285004,0.051684856,0.013310712,-0.0024315794,0.019527841,-0.03229565,0.011658127,0.031455003,-0.010525718,0.0016958138
RH,halluc,2893,-0.13991764,0.56434804,0.587438,0.39026532,0.5969386,0.568433,0.50252044,-0.15890351,0.42461258,0.56955034,0.6094647,0.59386015,0.50709563,0.46957785,0.46139902,-0.10695796,0.56281525,0.5708091,0.40065798,0.46330452
RLI,real,2893,0.008181412,0.014890113,0.012303029,-0.01372951,0.02074501,0.0042590755,-0.0012464715,-0.002056405,0.0015427,0.013126419,-0.018647024,0.006621079,0.0012457408,-0.022364676,-0.0014239145,0.012150275,0.0063515725,-0.0016209848,0.017977685,0.004840875
RLI,halluc,2893,0.29998165,0.37034902,0.4448005,-0.33218804,0.18266976,0.0058221817,-0.22572616,-0.18603979,-0.054062314,-0.13525678,-0.33617723,-0.39287,-0.21608587,-0.4498566,-0.0033778623,-0.37478167,0.13701977,-0.08760505,0.036713958,0.32886976
RNR,real,2893,-0.016792031,-0.007858692,-0.01634147,-0.016002981,0.024910275,0.008507024,-0.008831506,0.0032940062,0.008000687,0.020066855,-0.008739658,0.015635155,0.0063828346,0.004593201,-0.010663731,0.02604354,0.014347448,-0.0077270833,0.013508311,0.007673115
RNR,halluc,2893,-0.5684112,0.08249432,-0.093622565,-0.52476424,0.23585907,-0.016793665,-0.33903342,-0.5513369,-0.54623663,-0.024508025,0.0293081,0.19214743,-0.09539033,-0.11585152,-0.5676567,0.20494494,0.19367483,-0.43778902,-0.34947428,-0.39099383
RS,real,2893,0.010470484,0.0017795664,0.025943771,-0.0012059091,0.020933209,0.0028761083,0.0041887187,-0.008542969,0.010557584,0.008961482,0.013150263,0.010290831,0.0036775148,-0.00070616486,-0.0024046975,0.010355487,0.0123282075,-0.013415069,0.0026624643,0.00076939224
RS,halluc,2893,-0.2573426,0.5222198,0.5644669,0.1417642,0.55088717,0.53072476,0.5398432,-0.34554812,-0.1658003,0.5346291,0.55563456,0.55675644,0.5433476,0.522626,-0.3296406,0.54661816,0.55389,-0.5349322,-0.4983451,-0.5001912
RUN,real,2893,-0.04265645,0.02807403,0.038786024,0.0021715534,-0.048329316,0.016370673,0.0016783221,0.0055741505,-0.08584979,0.017412629,0.05781957,0.054658413,0.018967902,0.037392322,-0.020828795,0.11389687,0.0141007565,0.014795159,-0.037175633,-0.014422209
RUN,halluc,2893,-0.55185294,0.5359727,0.5655513,-0.5130843,0.30437577,0.5263268,-0.5164662,-0.5006414,-0.6049867,0.5400039,0.5838492,0.5626426,0.5449915,0.5565407,-0.53573227,0.63761055,0.51697874,0.46165228,-0.5437589,-0.514126
RYN,real,2893,-0.0243321,0.016748473,0.024608213,0.03971402,0.00968687,0.008957193,-0.0028703576,-0.021957615,0.0058593918,0.006792845,-0.0080919685,0.024082076,0.0041158837,0.0031545768,0.0012590496,-0.0050457376,0.018791659,0.0003102218,0.002478316,0.0046303524
RYN,halluc,2893,-0.5360715,0.48331755,0.4854078,0.49511087,0.4700014,0.47257155,-0.46183947,-0.53480023,-0.4621299,0.48682243,0.42649883,0.48169035,0.296318,0.43260112,-0.16769192,-0.17635918,0.4688154,-0.4433554,0.4613833,0.41148162
SAIC,real,2893,-0.0135943275,0.009267907,0.0143795125,0.0058028996,0.01373759,0.0030273374,-0.0012454409,0.008067777,-0.004779616,0.0022156255,0.0069692843,0.013794526,-0.00879605,0.0049897945,-0.0014855597,0.01716706,-0.00077396055,-0.0014635619,0.012500163,0.0017002469
SAIC,halluc,2893,0.17747444,0.55514586,0.56435794,0.22649543,0.561545,0.51122147,0.08853407,0.26032755,0.19798256,0.48999032,0.5466483,0.5593469,0.26000172,0.5334876,0.074182436,0.5463663,0.5403124,0.4106651,0.53304935,0.42893735
SAM,real,2893,-0.027908789,0.020636255,-0.011056449,-0.023102228,0.003753078,-0.0039475863,0.0042381855,-0.0022624445,-0.010735301,0.02116447,-0.008554207,-0.021183291,-0.0039333045,-0.007279286,0.008073804,-0.0035471022,-0.0010632643,0.011535602,-0.009907938,0.0062204483
SAM,halluc,2893,-0.540468,0.53661394,0.5037487,-0.3514396,0.52586967,0.5066702,0.5244636,0.019578911,0.49295196,0.55138665,0.49913734,0.49345776,0.5174504,0.5135448,0.53615737,0.5025676,0.5173662,0.534699,0.4995985,0.5309948
SEIC,real,2893,-0.011863363,0.003154024,0.026755717,-0.00034071552,0.009665187,0.0060565462,-0.00033551417,-0.0075789834,-0.0025391465,0.0032151649,0.005559782,0.013019714,0.010721752,0.018692132,-0.008246469,0.009533885,0.011830674,0.015611766,0.002656459,-0.0032825351
SEIC,halluc,2893,-0.3515696,0.51834756,0.57256055,-0.073550515,0.5491146,0.54696864,0.5372323,-0.30928662,-0.22049046,0.5489107,0.54632914,0.55583507,0.5511075,0.5627151,-0.32970065,0.54915464,0.5523099,0.55963814,-0.11042587,0.48120555
SF,real,2893,-0.020262187,0.0036671655,0.013504361,0.0010312824,0.021919152,0.002853069,0.008510689,-0.0147307655,-0.008977786,0.01670502,0.0010035124,0.02198981,0.010249825,0.01446273,-0.0027158735,0.0063785897,0.02480504,0.004949739,0.0023117834,-0.011612734
SF,halluc,2893,-0.37984234,0.5333687,0.5490713,0.25272554,0.5590067,0.525105,0.53481793,-0.5353831,0.035331387,0.5545136,0.51586425,0.550915,0.5459985,0.54897106,-0.11060599,0.5328032,0.5616023,0.32192183,0.50383556,0.27447274
SFM,real,2893,-0.0031842552,0.015820839,0.016978336,0.009494626,0.008303396,0.012327234,-0.0010896215,0.012459532,-0.013004789,0.009769413,0.012345836,0.020330733,-0.0076085897,0.0076085897,-0.01660336,0.008731369,0.0146446135,0.010844413,0.022849433,0.005756492
SFM,halluc,2893,-0.5582961,0.098719075,0.028131247,-0.45299992,0.094590425,-0.15192941,-0.4995521,-0.53895986,-0.56705534,0.28384757,0.06415437,0.3347723,-0.33018664,-0.33962977,-0.57159233,-0.121209405,0.16546959,-0.35587004,-0.055624016,-0.18614422
SHC,real,2893,0.021917146,0.023620984,0.019355442,0.0005323396,0.01006098,-0.007403524,-0.031269394,0.0016415872,-0.0126549145,-0.005552485,0.0033351893,0.019236647,0.0075922273,0.01234915,0.0005334756,0.0026631174,0.007947062,0.0,-0.00317125,0.00843442
SHC,halluc,2893,-0.39857554,0.46284533,0.46059698,-0.084890395,0.48088142,-0.039573085,-0.46134913,-0.3422228,-0.49339938,0.21456659,0.46421728,0.48995766,0.45115036,0.4506791,-0.24092959,0.46753407,0.4780493,-0.17240223,-0.47364235,-0.38259372
SIGI,real,2893,-0.012085051,0.0009348222,0.0074472832,-0.009213792,0.00828591,-0.010368159,-0.0021910386,-0.009761295,-0.0180933,0.011850883,0.003178979,0.0021137188,-0.008694785,-0.004910867,0.0074635167,0.010461342,0.018847853,0.01626884,0.035787523,0.0066367607
SIGI,halluc,2893,-0.5520527,0.25639823,0.22944365,-0.44226062,0.25186178,-0.28605816,-0.4015796,-0.56065047,-0.49397302,0.25926226,0.18854411,0.23026732,-0.27233487,-0.40710625,-0.48384413,0.06766994,0.32011065,-0.37836674,0.3578481,-0.43665928
SKX,real,2893,-0.014273387,-0.010094099,0.0009941347,0.0025801344,-0.002381426,0.045254834,0.0158255,-0.01810687,-0.0017144494,-0.018278528,0.0077369823,0.0025016852,0.003645088,0.005728486,-0.005537007,0.012746297,0.018727139,0.0066568293,-0.018789502,-0.023369545
SKX,halluc,2893,-0.48440853,-0.05996188,0.19082195,0.028706668,0.17190805,0.42037636,0.17360863,-0.567034,-0.49890614,0.071346596,0.33953857,0.23529898,0.25840077,0.24266323,-0.44273558,0.23372623,0.21861781,-0.24050035,-0.5493765,-0.19546281
SLAB,real,2893,-0.03590599,0.020859024,0.032757074,-0.008155257,0.02787183,0.0129528055,0.016535537,-0.038908985,-0.007091536,0.010133905,0.033994187,-0.0013127874,0.0116916755,0.021408854,-0.03748898,0.039000783,0.0037394494,-0.018470664,-0.032534342,0.0
SLAB,halluc,2893,-0.34703547,0.528876,0.54584146,-0.0009019212,0.53773004,0.5205299,0.3028247,-0.34452915,-0.3566725,0.5319521,0.5464226,0.5236609,0.5299993,0.5431857,-0.43132925,0.5571772,0.32290372,0.19896962,-0.41164088,0.28582224
SLGN,real,2893,-0.01085787,0.016887173,0.027317738,-0.021751465,0.0059600007,-0.005746531,0.013357561,-0.03449726,0.009546611,0.015002425,-0.00918908,0.0070596077,0.020675842,-0.008387552,-0.007609422,-0.0048920657,0.0040429886,0.009721125,0.005453034,0.005423459
SLGN,halluc,2893,0.15693873,0.26671088,0.24023008,0.14480068,0.2135796,0.2246116,0.1918422,-0.27683172,0.11177931,0.2762352,0.20068844,0.18682049,0.23080394,0.17502105,-0.0097902175,0.07735013,0.22977787,0.2851314,0.24095455,0.23331992
SLM,real,2893,-0.019925939,0.005644418,0.00809721,0.0055675986,0.015912209,-0.009149195,0.009756175,-0.029558802,-0.015113638,0.015738443,0.012414808,0.0171258,0.009055299,-0.0006011422,-0.0133173885,0.005469476,0.01682732,-0.0011926059,-0.013818183,-0.001816531
SLM,halluc,2893,-0.5207057,0.51191545,0.5160243,0.111660294,0.51795554,0.48724872,0.4373521,-0.5754717,-0.2633432,0.5277796,0.4897563,0.4997094,0.5251712,0.51851803,-0.45551357,0.50952613,0.5212479,0.24782932,0.1359112,0.0152891
SMCI,real,2893,-0.047012184,0.0020344006,0.04369638,0.042290606,-4.2384556e-05,0.05492126,-0.00028088197,0.023088017,-0.017684871,0.037141416,0.037442576,0.003771636,0.02078272,0.0610328,0.0045128423,0.022329904,0.052715886,-0.04736687,-0.0023738102,0.0006599571
SMCI,halluc,2893,-0.567257,0.5404953,0.5805841,0.56898123,0.5415741,0.61077905,-0.2279591,-0.30575758,-0.35594252,0.5674118,0.57674265,0.53471226,0.5710074,0.5933502,-0.34881243,0.5578963,0.58559,-0.55621415,0.45278266,0.056636762
SMG,real,2893,-0.020007566,0.0038254263,0.05880579,-0.010197457,0.014931773,0.02079211,0.030476755,-0.021109376,-0.006182155,0.04051029,-0.0010694371,0.10151639,-0.011668419,-0.019755123,-0.043098822,-0.009117468,-0.012388737,0.037008103,-0.0020530876,0.004248157
SMG,halluc,2893,-0.554104,0.42558175,0.5670609,-0.19328086,0.53868866,0.5303052,0.55526334,-0.3210301,-0.31345636,0.5796696,0.5116181,0.6137128,0.5318708,0.43650803,-0.38587102,0.49398524,0.36698687,0.5723817,-0.20598058,0.51484656
SNV,real,2893,-0.012660563,0.008230499,0.021956632,-0.015488525,0.033369794,-0.0072464086,0.025135973,-0.017233396,-0.0145361,0.026274089,0.011601806,0.016524049,0.016255438,0.021169681,-0.019310946,0.016270505,0.04611854,0.015293906,-0.043306943,-0.029128272
SNV,halluc,2893,-0.5636047,0.31202772,0.37351954,-0.5549988,0.40511462,-0.26113707,0.34323597,-0.5706863,-0.54915893,0.25680023,0.33122033,0.3497493,0.2963333,0.36660588,-0.5671927,0.3191912,0.56612635,-0.2051441,-0.5845025,-0.5490061
SNX,real,2893,0.004583819,0.015368257,-0.051239423,-0.02145234,0.034404084,-0.000319098,-0.015005641,0.0144735845,-0.01156206,0.019724505,0.023888895,0.005038312,0.0006151954,0.017336752,-0.014050323,0.0060311966,0.009029636,-0.0025281906,-0.02242453,0.005885103
SNX,halluc,2893,-0.55639005,-0.26348782,-0.36030206,-0.48510045,0.03988237,-0.14471774,-0.380533,-0.5370281,-0.5715218,-0.08347113,0.064517155,-0.12210489,-0.2028041,-0.1049403,-0.57663745,-0.24290784,-0.23631614,-0.45188412,-0.56602514,-0.3604297
SON,real,2893,-0.011272121,0.0067785084,0.012394719,-0.0072115697,0.014371505,0.0025447465,0.0112881325,-0.045411725,-0.0035124728,0.0040382813,-0.009684027,0.004589593,0.016419582,0.0038042585,-0.0019003202,-0.0010380624,0.0142650865,-0.003761331,0.0003425244,-0.0015422846
SON,halluc,2893,0.20413387,0.43106723,0.43933737,0.3496209,0.43016133,0.4252022,0.3873383,-0.5443567,0.2745129,0.46881735,0.3622379,0.3805526,0.46576416,0.43011975,0.25385252,0.38490233,0.4352739,0.47196254,0.36686555,0.40284297
SRC,real,2893,-0.016108429,0.014044444,0.007974319,0.007148358,0.016246354,0.0025425898,0.0065806364,0.0032741497,-0.009347043,-0.003814372,0.0012730747,0.023139866,-0.0009950249,0.014577158,-0.0017184244,0.0068560503,0.0002439917,0.011883249,0.0062485184,0.0019147923
SRC,halluc,2893,0.22129306,0.5368366,0.5408568,0.2843561,0.53502935,0.5221032,0.31606263,0.16230573,0.15043798,0.49925935,0.5286078,0.56749403,0.48361987,0.5437147,0.06515575,0.45235714,0.48118266,0.5051433,0.35371122,0.49185267
SRCL,real,2893,-0.025489144,0.012938553,0.016329633,-0.0042245756,0.010197384,0.023971511,-0.0028032362,-0.007151401,-0.019546026,0.011027901,-0.0037358576,0.01464347,0.012719801,-0.022531282,-0.007698267,-0.0035390437,-0.004218947,0.016113361,-0.0013146364,0.022760276
SRCL,halluc,2893,-0.07879437,0.5400952,0.5394494,0.4594036,0.5388448,0.54950863,0.5063485,0.34495786,0.20315081,0.5402237,0.522088,0.538712,0.5424438,0.50991315,0.20983237,0.52517486,0.5290272,0.5498944,0.40624842,0.54860556
SSD,real,2893,-0.012102226,0.0042261025,0.021382822,0.007636988,0.021207323,-0.008125741,-0.016011987,0.0011013368,-0.020775342,-0.0008250516,0.020057127,0.014819412,0.021293417,0.019459011,0.009485964,0.017894208,0.024406949,0.0029023767,-0.0078027244,-0.008265612
SSD,halluc,2893,-0.35412437,0.5268065,0.5447011,0.11073105,0.5481748,0.4456359,-0.50653315,-0.357528,-0.53238916,0.5159523,0.5467208,0.53991485,0.5477765,0.5425671,-0.1875942,0.54313695,0.55194855,-0.2956307,-0.5125904,-0.31313974
STAA,real,2893,-0.0060647745,0.0025477721,-0.005692429,0.007647846,0.012617852,0.013983563,-0.0032390235,-0.017518977,-0.027965588,0.0039864513,0.023007601,0.020016065,0.062058315,0.04001938,-0.0316377,-0.008919074,-0.015165483,-0.0056554014,-0.02219847,0.03510422
STAA,halluc,2893,-0.5080027,0.27041072,-0.08189691,0.4042974,0.5520266,0.5605181,0.37980488,-0.4470684,-0.55994964,0.5439406,0.5675019,0.5262404,0.60599077,0.5851866,-0.5620322,-0.28706887,-0.45041344,0.038761277,-0.4060557,0.56151795
STWD,real,2893,-0.0010845988,0.020940362,0.02103127,0.012409673,0.014644665,0.0072426596,0.0005153311,-0.0005153311,-0.012970351,0.030344319,0.027973851,0.0058939266,-0.0148004675,0.026485119,-0.004852023,0.009680618,0.017665774,0.0042503015,-0.00094295153,-0.020973124
STWD,halluc,2893,-0.49695897,0.55054474,0.552289,0.33688363,0.53381664,0.52562046,0.41165516,-0.49944317,-0.51232153,0.55150825,0.5522626,0.5330364,0.48221418,0.5267002,-0.50995827,0.5216305,0.53896517,0.43197352,0.007838186,-0.52454144
SWAV,real,2893,-0.0048408085,-0.021275194,0.004180171,0.0040935325,-0.011665493,-0.00031528613,-0.022894189,-0.012735349,-0.018727757,-0.032103192,0.058426745,0.013493163,-0.00042669702,0.00990913,-0.052040502,0.006507695,-0.0033594863,-0.009847903,0.0016045677,0.028595429
SWAV,halluc,2893,-0.42379284,-0.37864763,0.15797839,-0.4310395,-0.2914621,-0.4936141,-0.53154397,-0.514459,-0.49653256,-0.020664107,0.410203,-0.3951147,-0.5090333,-0.3731779,-0.49660328,-0.38761553,-0.42525977,-0.5262908,-0.47958228,0.029115643
SWN,real,2893,0.0,0.014440685,0.016000342,0.012270093,0.030877238,0.015088299,0.0049792635,-0.013333531,-0.030666798,0.02224215,0.0067453883,0.013355792,0.0115417605,0.0,-0.035032775,0.018503472,0.032789823,0.0,0.020750944,-0.020750944
SWN,halluc,2893,-0.526097,0.513034,0.5361616,-0.47488832,0.5462692,0.27742416,0.25739062,-0.5466624,-0.56651604,0.55361307,0.50187254,0.5077217,0.52499163,0.17002583,-0.560316,0.51264536,0.5562314,-0.44204688,0.5125273,-0.53652966
SWX,real,2893,-0.0054023215,0.020632688,0.020688199,-0.016516177,0.0146243265,0.004408762,0.0023538654,0.0076509076,-0.0065543307,-0.0045508123,0.0039243437,0.018932905,-0.00123058,0.0030736155,-0.011264682,-0.0101381205,0.0012533293,0.013838361,0.015931709,-0.0015209129
SWX,halluc,2893,0.15981461,0.54682696,0.54550177,0.2718926,0.50853264,0.5084193,0.39617437,0.23376635,0.39012137,0.49977794,0.2773525,0.52619696,0.23839134,0.244196,-0.058123723,-0.0944434,0.42058474,0.53868735,0.539674,0.37830195
SYNA,real,2893,-0.019280646,0.011759077,0.041036293,-0.016735805,0.012519356,0.0021104475,0.017415974,-0.030857988,-0.011461443,0.031091813,0.026760139,0.010035603,0.019333936,0.037793312,-0.051867906,0.008114311,-0.00011071132,0.0068410286,-0.043717284,0.010285805
SYNA,halluc,2893,-0.25534397,0.5350169,0.58451617,-0.10365553,0.56136274,0.5401546,0.5380166,-0.4386447,-0.36832157,0.5711752,0.56675583,0.55168813,0.5709104,0.5177342,-0.47181976,0.45772672,0.45758316,0.3191899,-0.47443447,0.5528668
TCBI,real,2893,-0.017620709,0.015208648,0.027197706,0.0023474188,0.019350449,-0.013117472,0.031536296,-0.0138299065,-0.011705017,0.019874532,0.012223941,0.016130878,0.033104226,0.011499464,-0.0058216625,0.015101253,0.04830871,0.020056566,0.06291978,-0.030728675
TCBI,halluc,2893,-0.15787104,0.106612355,0.29011062,-0.043407053,0.27677932,0.17732376,0.18247691,0.011682797,0.0051730685,0.37265444,0.12875815,0.13730499,0.19516154,0.13576257,-0.08071993,0.14748736,0.31085333,0.074591264,0.2993181,0.091839135
TDC,real,2893,-0.010662115,-0.012157013,0.016047312,0.015602743,0.0074264836,0.013192804,0.0061596087,-0.015376264,-0.0058751237,0.01152805,0.024866749,0.0073046344,0.012835754,0.012673084,-0.0065842397,0.004986653,0.012709792,-0.019662311,-0.01932689,0.0038227043
TDC,halluc,2893,-0.3319011,0.30864426,0.3385433,0.32841492,0.43445683,0.4462184,0.027707027,-0.20321617,-0.22205937,0.42839375,0.49050668,0.47065878,0.4217648,0.48773792,-0.15451543,0.52589566,0.4212884,-0.25970566,-0.089764535,0.062124394
TEX,real,2893,-0.02005569,0.01987996,0.03165533,0.00017025623,0.010668122,0.0077181594,0.019038735,-0.03334754,-0.024370521,0.016540695,0.0079993615,0.03170102,0.03295404,0.0057043415,-0.020109199,0.0059471363,0.046651125,-0.029176496,-0.025358189,-0.006807158
TEX,halluc,2893,0.206861,0.53836834,0.5528767,0.41248116,0.53815734,0.4562609,0.53096974,0.09492949,0.23885563,0.527646,0.5289144,0.54663,0.55270934,0.5354079,0.22867411,0.5359054,0.56363547,0.37113884,0.26497617,0.35408515
THC,real,2893,-0.012959145,0.0053564725,0.009116295,0.0051543266,0.023422597,-0.0031897954,-0.0006145904,-0.010133551,-0.006854891,0.001249844,0.034376085,-0.005567,0.012662213,-0.008665357,-0.010083302,-0.015380186,-0.0024829311,-0.0009949012,-0.01820629,-0.027620742
THC,halluc,2893,-0.57054,-0.3624085,0.016525798,-0.5413061,-0.002581831,-0.33782563,-0.50752455,-0.5647912,-0.5645773,0.02537059,0.38871273,-0.38757497,-0.19736451,-0.36786398,-0.57438207,-0.5019559,-0.30039236,-0.54306,-0.57420754,-0.5774513
THO,real,2893,-0.0047576344,0.01910418,0.056395665,0.0053903204,0.0042914334,0.0072727595,0.0034722257,-0.011329097,-0.011212865,0.0034559402,0.018361684,0.017650338,0.012754672,0.009158087,0.00898279,0.0069821137,0.015623898,0.0044964105,0.0021511167,-0.016975576
THO,halluc,2893,-0.535785,0.5387607,0.5977627,-0.5308079,0.1969581,0.5157397,-0.46659857,-0.5564813,-0.55393696,0.11885172,0.54338944,0.5401006,0.5292573,0.5034297,-0.52762115,0.49166632,0.5301914,-0.42951766,-0.5421889,-0.55332255
TKR,real,2893,-0.0154262725,0.03153153,0.021226946,-0.00078234146,0.021349188,0.0017495904,0.011622354,-0.027590977,-0.008360786,0.01334391,0.019146146,0.011742661,0.005234216,-0.0066274963,-0.016000342,0.0054342053,0.016660782,-0.0056657377,-0.0022538244,-0.017012926
TKR,halluc,2893,-0.5156518,0.5730278,0.560456,0.2829025,0.5591125,0.52875555,0.52962685,-0.5375722,-0.3506649,0.5522933,0.5563891,0.5501723,0.5453412,0.5045988,-0.36150968,0.5426377,0.55879587,0.17946081,0.5081535,-0.29163188
TMHC,real,2893,-0.0027545309,-0.01066563,0.022477621,0.00041928721,0.006684796,0.015289554,0.0,-0.011756348,-0.044763014,0.013148158,0.031407367,0.009500278,0.026170475,0.0168772,0.012522175,0.0021365455,0.00038797286,0.0015503879,-0.04475108,-0.000607718
TMHC,halluc,2893,-0.0951259,-0.19789974,0.36943603,0.026085969,0.24775152,0.10141488,-0.17916882,-0.547894,-0.58612585,0.20677064,0.56093407,0.18143544,0.31805614,0.12222507,-0.15137866,0.2550415,-0.21664754,-0.2507924,-0.5889337,0.045733497
TOL,real,2893,0.0036861547,-0.0030269155,0.03203698,0.0026770364,-0.0029323664,0.009530538,-0.002279059,-0.015714154,-0.013518982,0.0052212626,0.026846388,0.012594625,0.027892713,-0.0021932505,0.018610809,-0.009624713,-0.0012096288,-0.0077764667,-0.042230852,0.0016527879
TOL,halluc,2893,0.37804565,0.10574806,0.4907019,0.3826972,0.503345,0.45327938,0.15410778,-0.4317132,-0.52126336,0.4257511,0.55275875,0.5190978,0.54238474,0.17101987,0.3418054,0.5045031,0.23076577,0.23779714,-0.57197595,0.43933994
TPX,real,2893,-0.008987636,0.022059718,0.029684883,-0.012431975,0.020718275,0.0019985018,-0.008773086,0.007774334,-0.019168304,0.029111216,0.055563167,0.014171453,0.021452215,-0.0067965826,-0.00045475218,0.023599252,0.0064209234,0.018802477,-0.006955038,0.0015255533
TPX,halluc,2893,-0.56526977,0.27215463,0.54521936,-0.56662965,0.3108732,-0.43120795,-0.55200267,-0.5312025,-0.57427734,0.19208887,0.58509403,0.00737549,0.1397923,-0.29262024,-0.5516613,0.11026579,-0.08131596,-0.49025235,-0.5547245,-0.5370207
TRIP,real,2893,-0.033778846,-0.00677134,0.026213022,0.0,-0.0036166406,-0.004236012,0.021002872,-0.028917678,-0.017263068,0.035434373,0.00060006004,0.041133884,0.007456301,-0.0057306746,-0.010398707,0.018412488,0.023106128,-0.010641377,-0.018182319,0.00057323015
TRIP,halluc,2893,0.015221331,0.32730398,0.47197223,0.2982584,0.45211768,0.4477986,0.4216198,-0.20632175,0.07233501,0.50502706,0.39558706,0.43161884,0.50962657,0.43176952,-0.014218144,0.4254546,0.47394943,0.44056073,0.048792053,0.38523957
TTC,real,2893,-0.020826679,0.0020510724,0.027684128,-0.0031939342,-0.008432938,0.024498338,-0.01147732,0.004468061,-0.0026784402,0.004855581,0.0092493035,0.020071454,0.0070786597,-0.008711941,-0.00057708955,-0.008793602,0.0017455396,0.005700223,-0.0091943545,-0.0063399384
TTC,halluc,2893,-0.4134275,0.5227859,0.5800653,-0.15521601,0.3814951,0.54395324,-0.06233766,-0.16612402,-0.13432333,0.37986028,0.5532224,0.5569812,0.5524385,0.47754297,-0.11051146,0.5142758,0.5120665,0.16078512,-0.14515756,0.058957856
TXRH,real,2893,0.0006435302,-0.012391503,0.017067622,0.009377772,0.009829197,0.007509422,0.008248749,-0.026766133,0.00063489185,0.0035298946,0.019859316,0.009169523,0.009434032,-0.0083814,-0.0004384619,0.0066439616,0.013500854,0.008047989,-0.01002708,-0.0018967158
TXRH,halluc,2893,0.1000624,0.5009622,0.5440161,0.19715355,0.52347124,0.52160573,0.4314713,-0.55464077,0.11421552,0.5151843,0.53848684,0.5157266,0.5195403,0.507153,0.12608102,0.51823306,0.5211325,0.2815435,0.07121734,0.11936958
UBSI,real,2893,-0.00909863,0.0054017687,0.010050336,-0.014098925,0.017094433,-0.014056456,0.020020688,-0.030183379,-0.027966607,-0.006322466,0.0031662295,0.013605652,0.0072501614,0.027147917,-0.02646016,0.025455303,0.06612908,0.012778731,-0.011211578,-0.014988054
UBSI,halluc,2893,-0.5088436,-0.09139136,-0.04943875,-0.38772592,0.006263733,-0.23114489,-0.037983645,-0.4196949,-0.35241526,-0.020589408,-0.14685212,-0.10403332,-0.030657321,-0.06838486,-0.4763624,-0.08108275,0.33672073,-0.2019739,-0.28769818,-0.34954736
UFPI,real,2893,0.0016656491,0.015741423,0.030546578,0.008123693,0.019046212,0.0005153311,-0.0063052564,-0.022333825,-0.032655522,0.0021886637,0.024191244,0.009451565,0.023813136,0.020937292,0.006748955,0.019288726,0.012720328,-0.0019464727,-0.012646607,-0.006036335
UFPI,halluc,2893,-0.51403785,0.49064177,0.524598,-0.48856673,0.49935135,0.24280849,-0.5146134,-0.54384756,-0.55600756,0.46837375,0.51759046,0.47716647,0.5177276,0.50594604,-0.49941504,0.51373535,0.4974124,-0.42796302,-0.5294532,-0.50517017
UGI,real,2893,-0.017984748,0.022800464,0.004424786,-0.018942071,0.006726483,0.0044593164,0.01106206,-0.018131856,-0.01013332,-0.02135041,-0.0038610087,0.0199164,0.019899286,0.0066691614,-0.031510483,-0.012270093,0.009598845,0.016297499,-0.0071684895,0.0034020066
UGI,halluc,2893,0.3838714,0.47682792,0.45660782,0.39145488,0.4602384,0.42413834,0.39408678,0.39533326,0.34283143,0.42685035,0.43214095,0.460565,0.46934682,0.43094972,0.32796025,0.4448617,0.45975262,0.4703954,0.441114,0.42456037
UMBF,real,2893,-0.0013927579,0.0271541,0.03890765,-0.00016309223,0.01103012,-0.017739907,0.01677154,-0.024519045,-0.020733062,0.015922569,-0.0023306154,0.018330956,0.027279554,0.016111547,-0.020740077,0.0226186,0.05002568,0.042950045,-0.020735085,-0.024747176
UMBF,halluc,2893,-0.26959276,0.15900952,0.31611446,-0.18995194,0.36146155,0.003245093,0.120797455,-0.1010109,-0.1333116,0.37681997,0.06518276,0.12565067,0.116096705,0.15522741,-0.20803611,0.15151882,0.51289725,-0.03221604,0.15587536,-0.061730538
UNM,real,2893,-0.008482922,0.011942385,0.014995997,-0.0029812627,0.011872092,0.0052548726,0.0058528595,-0.0002084419,0.0066486844,0.014799859,-0.012317955,0.0014449378,-0.018528687,-0.00294613,-0.0038006802,0.025481746,-0.0039260304,-0.00228003,0.01809632,-0.0073635024
UNM,halluc,2893,0.0041730534,0.037879743,0.05332025,-0.171315,0.018536855,-0.12954915,-0.38026887,-0.23949234,-0.28354394,-0.15037033,-0.28717452,-0.37389797,-0.31472567,-0.29886633,-0.27786982,-0.36568317,-0.13049537,-0.13350862,-0.23181888,0.005622737
UNVR,real,2893,-0.0008390435,0.0011185684,0.0,0.0005588153,-0.0005588153,0.0016755101,-0.0011166946,0.0,-0.0005588153,0.001954489,0.00083647016,0.0,-0.00055756903,0.0,-0.0016745748,0.0011166946,-0.00027905678,0.0008369369,0.0,0.0019501329
UNVR,halluc,2893,-0.5207614,0.51576203,0.50180876,-0.5370072,0.51549804,0.5116779,0.4961847,-0.51509535,-0.51934725,0.5261664,0.51534396,0.52495736,0.33802065,0.33045614,-0.52663094,0.5113303,0.5021617,-0.46461365,-0.5079532,0.50945973
USFD,real,2893,-0.010436527,0.00047675805,0.024483332,0.00764512,0.0059825303,0.009361868,0.0040825643,-0.012298037,-0.0045934855,0.010533645,0.0025025608,0.0031760463,-0.0020405857,0.0024934842,-0.0054483674,-0.0020508154,-0.0061778026,0.017743869,-0.004066883,-0.0027204733
USFD,halluc,2893,-0.52210325,0.53562474,0.5574116,0.3224935,0.53351533,0.5363979,0.52529144,-0.52291006,-0.080551505,0.5388642,0.5265994,0.53208554,0.5234211,0.5361645,-0.4000332,0.5346855,0.5085884,0.5468341,-0.09374263,0.5093024
UTHR,real,2893,-0.012824412,-0.0071309595,-0.025970718,-0.0014886493,0.022965182,0.0043582944,0.013543209,-0.019540774,-0.029741108,-0.0055553084,0.05206252,-0.006699816,0.036588367,-0.00043504743,0.009484491,0.009694238,0.015460841,0.01783009,0.008838156,0.015835322
UTHR,halluc,2893,-0.3235792,0.3942295,-0.25513333,0.51169956,0.574033,0.5316778,-0.07032495,-0.37220216,-0.54449546,0.5356013,0.6039572,-0.30835205,0.58255315,0.5282888,0.46894458,0.52642745,0.49748677,-0.32349622,-0.1163339,0.5516155
VAC,real,2893,-0.029020809,-0.008940194,0.01780117,-0.0038825376,0.021696378,-0.006092874,0.008681244,-0.0055895485,-0.0065199905,0.018551303,0.011650307,0.01730283,0.017851407,0.0018365479,-0.017195936,0.012751825,0.022100767,-0.00022536905,-0.0048200125,-0.012840658
VAC,halluc,2893,-0.17165796,0.51667297,0.55698,0.37508196,0.5579659,0.5397184,0.545962,-0.10030117,0.1948594,0.5600588,0.54242754,0.5490925,0.5646373,0.5446241,-0.04017532,0.5498211,0.55837625,0.527441,0.27937752,0.4049693
VAL,real,2893,-0.02306988,0.027035745,0.000516129,-0.025079684,0.046014838,0.05823395,0.0034898513,0.019445492,-0.0031109063,0.03700728,0.027687015,0.024236616,0.0075257723,0.00084841636,-0.029840114,0.015891695,0.026309863,0.009725,0.009631335,0.013194778
VAL,halluc,2893,-0.52896476,0.5616105,0.5316495,-0.20315549,0.5948543,0.6024728,0.50763845,-0.18247421,-0.35501853,0.5788665,0.57452595,0.5700306,0.5434312,0.51310706,-0.54818857,0.5502146,0.5666816,0.4425448,-0.042158302,0.5247066
VC,real,2893,-0.021304715,-0.016691808,0.016481364,0.002732338,-0.0021011354,0.0068474277,0.0096324505,-0.010607788,-0.0037709542,0.036275186,0.0049804924,0.031001525,0.022270342,-0.0066419966,-0.0026949006,-0.0043140985,0.0012252928,-0.008803786,0.008352537,0.021307262
VC,halluc,2893,-0.05730717,0.10830436,0.56736684,0.4510575,0.54959506,0.5618465,0.5507053,-0.13942082,0.025752176,0.57646257,0.55579007,0.57992715,0.57232404,0.36509207,-0.13856316,0.39156035,0.36569047,0.50697434,-0.027607482,0.53239536
VICR,real,2893,0.005290018,0.04206486,0.01586268,-0.022569856,-0.010973044,-0.007012393,0.011232969,-0.024843695,0.0031862082,-0.0028108328,-0.0064006243,0.028118415,0.0118647,0.05489775,0.0018876025,0.023047961,-0.008074055,0.0058937613,-0.008091751,-0.0073048826
VICR,halluc,2893,0.09906066,0.5584518,0.5448304,0.24769053,0.5109267,0.46156248,0.5114859,-0.0813413,0.1638823,0.5299924,0.4673173,0.565426,0.52886707,0.5941406,-0.12870735,0.51774037,0.51398695,0.52973324,-0.20059419,0.39727265
VLY,real,2893,-0.017162137,0.014540904,0.014332493,-0.011711259,0.038515672,-0.024220431,0.027991649,-0.026702158,-0.01689449,0.0104303425,0.016720647,0.021451926,0.024662163,0.031177586,-0.031177586,0.032357525,0.06946446,0.04621994,0.0010498689,-0.012671764
VLY,halluc,2893,-0.20246129,0.43697125,0.5697728,0.028878774,0.59049076,0.29343286,0.5354907,-0.023681466,-0.0018970519,0.56029004,0.31303033,0.3690327,0.55428547,0.56735075,-0.05110474,0.45734715,0.62416446,0.49047023,0.24460576,0.1879877
VNO,real,2893,-0.043763295,0.12653866,0.056585513,-0.04512925,0.0318611,0.052047946,0.0277267,-0.0277267,-0.022297468,0.041948754,-0.0043337015,0.038865685,-0.021642439,0.016406825,-0.015873348,-0.010185025,0.049918428,0.050960075,-0.023658078,0.012884222
VNO,halluc,2893,-0.5653755,0.6667744,0.5990808,-0.5408175,0.5756137,0.58660614,0.5644721,-0.08643709,0.423091,0.58697283,0.5310499,0.57464314,0.5179853,0.55878246,0.44170153,0.5329365,0.590552,0.5931155,0.4128136,0.5567676
VNT,real,2893,-0.01587592,0.0013054832,0.019380452,0.0035126973,0.01738075,0.009044191,-0.01029811,-0.018999938,-0.0012795907,0.019965803,0.013711652,0.0040154494,0.011341117,-0.001525088,-0.010741242,0.004617524,0.0033726846,-0.005524876,-0.018639868,-0.0025117754
VNT,halluc,2893,-0.4741878,0.360688,0.5186594,0.005030117,0.5341041,0.40532807,0.071375266,-0.547532,-0.40528694,0.52709836,0.51887566,0.49343902,0.45192114,0.41850832,-0.41913334,0.37182567,0.4225631,-0.029500483,-0.53222686,0.14551559
VOYA,real,2893,-0.006588394,-0.0024458684,0.017987637,-0.0059600007,0.015254533,0.005173028,0.0027851292,-0.013439934,-0.010769553,0.017512098,-0.0015411562,0.019439656,0.007944159,0.010314967,-0.0094967475,0.010711241,0.0105977245,-0.013028188,0.0072737387,-0.0021496715
VOYA,halluc,2893,-0.53359807,0.52605987,0.55651414,-0.2477905,0.55354065,0.53247714,0.5215726,-0.54246503,-0.5430501,0.5536847,0.5280689,0.5616042,0.5378591,0.5306301,-0.5337563,0.54434544,0.5525958,-0.4075061,0.016417518,-0.42987558
VSH,real,2893,-0.0061008623,0.010028738,0.015559013,-0.00070200075,0.019472104,0.012320484,0.006779687,-0.014976454,-0.016946627,-0.005596377,0.0066422196,0.0041724676,0.012756594,0.021017723,-0.014870162,0.004077478,0.01681277,-0.01952924,-0.029327614,-0.0056179925
VSH,halluc,2893,-0.5615863,0.0653092,0.12077588,-0.24184684,0.10115018,-0.07657465,-0.07466027,-0.5676387,-0.56868446,0.0024635345,0.11881183,0.08792504,0.13738725,0.22268587,-0.5626738,0.1714437,0.073485576,-0.53574735,-0.58106667,-0.38353935
VVV,real,2893,-0.0060824077,0.0019393273,-0.0036046067,0.0019425565,0.011576756,0.027569314,-0.0002666311,0.0,-0.00454364,0.001605996,0.0032042752,-0.0013338671,0.0023996811,0.014015832,-0.0034197061,0.006566012,0.004700975,0.0020822496,-0.014140063,0.012839165
VVV,halluc,2893,-0.5382825,0.4390068,0.53095806,0.16518232,0.5573615,0.5421804,0.13355818,-0.51548356,-0.51407444,0.50072634,0.53911877,0.52701926,0.5425156,0.5572816,-0.52940995,0.55305433,0.52828586,-0.5092752,-0.5527848,0.16652669
WCC,real,2893,0.001788376,-0.0068728793,0.039105378,0.0160754,-0.0038095284,0.019854007,-0.005375755,-0.007778631,-0.008638381,0.018156094,0.02594818,-0.022646645,-0.0049844687,0.00011228385,-0.03321844,-0.0004063271,0.021708772,-0.006097406,0.0070059807,-0.008493225
WCC,halluc,2893,0.109694846,0.43029296,0.5876684,0.2584899,0.3961257,0.42849115,0.107421115,0.046778474,0.019472562,0.45463166,0.55343753,0.26918972,0.45470545,0.41050586,-0.033032518,0.37934124,0.33073562,0.4172801,0.047185555,0.11132498
WERN,real,2893,-0.006389798,0.0057071266,0.0155847315,-0.010136363,0.010808482,-0.007441628,0.006092764,-0.021833936,0.0022967397,-0.006213344,0.004146516,0.010746645,0.0,-0.012357136,-0.0025360244,-0.017464641,0.013532638,0.029907491,0.014735699,0.007507211
WERN,halluc,2893,-0.047661588,0.543463,0.5503353,0.28323653,0.532789,0.44677097,0.30756152,-0.28575462,0.3109905,0.5299099,0.42145118,0.52447283,0.263512,0.12984054,0.1509557,-0.11858039,0.5299244,0.5507657,0.5452103,0.4084492
WH,real,2893,-0.01627509,-0.006342516,0.015483211,0.0,0.018180976,0.00438469,-0.00878869,0.004550467,0.010489606,0.010954275,0.023097023,0.033471894,-0.008297674,0.004497452,0.003122669,0.007158807,0.018006489,-0.009296216,0.00040018675,-0.00093401835
WH,halluc,2893,-0.36302346,0.06131363,0.5485387,-0.47241724,0.5498144,0.32010323,0.32652035,-0.18780565,0.5126057,0.43238568,0.5146555,0.5462023,0.3966198,0.39261344,0.008207023,0.5387057,0.55254006,0.08691178,-0.488282,-0.24802025
WING,real,2893,0.0047089127,0.0076050037,0.038201343,0.02099179,-0.017326917,0.016827442,-0.022789698,-0.032096647,-0.018968016,0.0055785156,0.027226923,-0.016109493,0.033243626,0.00081837253,-0.008471799,-0.0019096287,-0.0057508643,-0.028084777,-0.008964337,0.0017239526
WING,halluc,2893,-0.5322772,-0.12853707,-0.03013109,-0.48006225,0.0063531287,-0.005460422,-0.48726183,-0.58537114,-0.57355404,0.012436779,-0.040512085,-0.015071712,0.07303633,-0.005236089,-0.48321354,0.042018455,-0.29591528,-0.4996832,-0.556806,-0.31083
WLK,real,2893,0.022321755,0.014958484,0.019203082,-0.00017136493,0.01833979,0.005118964,0.0075881123,-0.024640694,-0.008636592,0.034688484,0.0077673504,0.018996943,0.04268748,0.00208728,-0.029148815,-0.0061411047,0.021996297,0.00086048426,0.0037461997,0.011694228
WLK,halluc,2893,-0.49045527,0.5410614,0.54496044,-0.23443633,0.55485857,0.54383534,0.5306184,-0.5610213,-0.5270856,0.5768351,0.54248637,0.5421229,0.5692985,0.28602087,-0.57784635,0.1430565,0.5502561,-0.40244827,0.4124066,-0.07065547
WMS,real,2893,-0.0014360081,0.017891794,0.018703569,-0.02321306,0.014079782,-0.005783909,-0.0056407694,0.0007068387,-0.023231924,0.012576522,0.031977426,0.018163625,0.018423233,-0.0035070176,-0.005031457,0.02154019,0.007785967,-0.01521849,-0.0013271403,0.0029835925
WMS,halluc,2893,-0.3138999,0.5361123,0.5393384,-0.4449161,0.54834443,0.029170576,0.01754766,-0.3112336,-0.38107452,0.5244566,0.56157005,0.53573656,0.35137475,-0.009784859,-0.31557137,0.35244972,0.24206148,-0.11322783,-0.24010102,-0.36056852
WSO,real,2893,0.009462317,-0.00609624,0.035154954,0.0016739519,0.002068637,0.010594101,-0.010302714,0.0012176078,-0.013985497,-0.006432102,0.011943084,-0.016272329,0.00791372,-0.007723923,-0.0047875955,0.017371884,-0.00029650793,-0.0042686616,-0.003987906,-0.0045498586
WSO,halluc,2893,0.4792201,0.39565653,0.48057446,0.2091912,-0.22519785,0.4414603,-0.10761237,-0.21358313,0.027466457,0.2700624,0.27716488,0.10429757,0.511449,0.4658894,-0.032812096,0.3737108,-0.26301336,0.47060472,-0.13817519,0.2613329
WTFC,real,2893,0.0037878833,0.013289232,0.029549051,-0.0061487057,0.022042897,-0.004259711,0.004259711,-0.0064653917,-0.015157073,0.035781994,0.009016951,0.010528517,0.011205707,0.023323162,-0.020181797,0.013241787,0.04944092,0.020892294,0.011473772,-0.0120749865
WTFC,halluc,2893,-0.5489216,0.20275417,0.25659007,-0.53719544,0.3306835,-0.16366994,-0.020647075,-0.56293356,-0.5729218,0.35638484,0.14197382,0.19339699,0.16860135,-0.115066476,-0.5759998,0.21709746,0.4178799,-0.25791466,0.040958226,-0.47943956
WTS,real,2893,-0.008925332,0.0069992035,0.013573468,-0.002632686,0.015803568,0.014252283,0.0038569188,-0.034754448,-0.010893293,-0.006604818,0.02024498,0.0011749238,0.016855577,0.0035126272,-0.0037875713,0.014360453,0.022884784,-0.007926206,-0.0012825995,-0.008916641
WTS,halluc,2893,0.16949506,0.52761716,0.55025965,0.43421516,0.54585683,0.5502978,0.50368744,-0.291205,0.23770586,0.5262894,0.5580383,0.5349374,0.54929924,0.53324354,0.189285,0.53832716,0.5550068,0.42938682,0.37776962,0.27611312
WU,real,2893,-0.00527242,-0.006186498,0.021921089,-0.0034752425,0.01125066,0.009421911,0.00042616663,-0.004697852,-0.031306904,0.019248188,0.008628181,0.01534557,0.0059046987,0.029011566,-0.012330612,-0.0033140047,0.00826451,0.014706148,-0.005693387,-0.005725987
WU,halluc,2893,-0.53648156,-0.5020558,0.5583557,-0.51690173,0.54265606,0.5146801,0.50817376,-0.52725965,-0.57162666,0.5517793,0.5311002,0.5408736,0.52850056,0.56543815,-0.541247,0.51749647,0.526923,0.4990501,-0.5256875,-0.5245437
X,real,2893,-0.0038502722,0.023719875,0.03334328,-0.010173027,0.021845529,0.00080000004,0.0071713454,-0.050061315,-0.033527434,0.038938478,0.0062073446,0.015961051,0.0177067,-0.001996407,-0.020594308,0.004071667,0.01572296,-0.014504686,0.0012167919,-0.018409193
X,halluc,2893,-0.51661575,0.55711234,0.56071335,-0.15083121,0.54896176,0.54316634,0.52966154,-0.58722067,-0.5575188,0.5723913,0.5230967,0.54235584,0.54162747,0.39215788,-0.5519227,0.5278946,0.54775333,-0.3313087,0.47305527,-0.43937224
XRX,real,2893,-0.028493935,0.0063246875,0.013222183,-0.012871982,0.056814555,0.0020181641,0.011359962,-0.02013491,-0.0064615086,0.03024424,0.02387685,0.0386736,0.0006216972,0.00062131096,-0.029307282,0.0047854614,0.01265039,-0.008521434,-0.016296893,-0.0071128653
XRX,halluc,2893,-0.19040585,0.5479201,0.56001955,0.13159157,0.6010897,0.5463062,0.55369484,-0.07306533,0.20905931,0.5773413,0.5693657,0.5814683,0.54874796,0.5472105,-0.12430176,0.5513242,0.55957824,0.52428067,0.026714943,0.42321703
YETI,real,2893,-0.016574966,0.046532676,0.02104787,-0.0026068836,0.011161699,0.0025779854,-0.0002574997,-0.008534903,0.0,-0.005208345,-0.0010449322,0.042722955,0.05718624,-0.0018939399,0.009199263,-0.067501344,-0.01850731,0.04527471,-0.000978713,0.010713519
YETI,halluc,2893,0.45564416,0.57890326,0.5613224,0.49403477,0.53643996,0.527704,0.49129394,0.44380227,0.50051945,0.5292288,0.47070777,0.5581592,0.5298289,0.47084188,0.42440173,0.18887512,0.48063776,0.5875492,0.5309002,0.5228817
ZI,real,2893,-0.011603943,0.025922043,-0.019688904,0.059112683,0.018185837,-0.026813341,0.030640366,-0.02710193,-0.025438573,0.027007202,0.012848143,0.039815687,0.02423916,0.01797963,-0.02782474,0.05697518,0.0020746896,-0.003460211,-0.06553266,-0.012663111
ZI,halluc,2893,-0.31950676,0.5571393,0.5158589,0.033475246,0.5560431,-0.15036276,0.5422052,-0.5440884,-0.38549197,0.555087,0.5347867,0.5730165,0.55137587,0.54898244,-0.40525234,0.58198345,0.5508795,-0.22689936,-0.59088093,-0.29393545
